store_id,store_name,store_address,telephone_number,fax_number,email,url,customer_delivery_time,store_location,created_at
AR00001,เงินสด-ปลีก ส่งให้,,,,,,,"17.128252, 102.965106",7/30/2024 21:13:09
AR00003,หน้าร้าน รับเอง ราคาโปร,,,ทุกเวลา,,,,"17.128695, 102.964675",7/30/2024 21:13:09
AR00005,โอพาณิช(1),,0885139353/แอพ+ไลน์,สะดวกรับของไม่เกิน 19.00,,https://goo.gl/maps/ZfQBSf4VXGsB8zFB6,,"17.120690, 102.822000",7/30/2024 21:13:09
AR00006,หน้าร้าน-เงินสด [ปลีกหน้าร้าน],,,,,,,"17.128348, 102.964946",7/30/2024 21:13:09
AR00007,หน้าร้าน [ขาย ส่ง],,,,,,,"17.106515, 102.939891",7/30/2024 21:13:09
AR00008,บ้านชา,,,,,,,,7/30/2024 21:13:09
AR00009,ร้านพรเจริญการค้า (พี่ตู่) (1),24 ม.6 ต.แสงสว่าง ต.หนองแสง จ.อุดรธานี,883503120,ไม่เกิน 17.00 น,,https://goo.gl/maps/7Lpiwxs1yNPf2KiMA,,,7/30/2024 21:13:09
AR00011,เจ้ดาว,,909579356,,,,,,7/30/2024 21:13:09
AR00012,นาเมือง (3) (งดโทร/ไม่สั่งชั่วคราว),,0901759019/0885715791,,,https://goo.gl/maps/zhb7zjEeopzEhfPZ7,,"16.973221, 103.208989",7/30/2024 21:13:09
AR00013,ร้าน ใจดี20 นายยงศิลป์ นารี(1)หน้าร้าน,94-95 หมู่1 ต.กุมภวาปี อ.กุมภวาปี จ.อุดรธานี 41110,0986689539/ไลน์,,,https://goo.gl/maps/JuEG3AeMe9qU2VbEA,,"17.110067, 103.014906",7/30/2024 21:13:09
AR00014,ห้างหุ้นส่วนจำกัด ทองปัญญา (สำนักงานใหญ่),555 หมู่ที่4 ตำบลพันดอน อำเภอกุมภวาปี จังหวัดอุดรธานี 41370,061-3962266/089-4193929,,,,,,7/30/2024 21:13:09
AR00019,พี่มัทขายน้ำ,,,,,,,,7/30/2024 21:13:09
AR00020,พรดี,,849113116,,,,,,7/30/2024 21:13:09
AR00021,ดนุพล อุต้น (ร้านทรัพย์สมบูรณ์) (3),338หมู่ 6 บ้านยางหล่อ ตำบลแชแล อำเภอกุมภวาปี จังหวัดอุดรธานี,947577861,ไม่เกิน 19.00น.,,https://goo.gl/maps/SzepLj1Lv8M6f21z7,,"17.147461, 103.039021",7/30/2024 21:13:09
AR00022,วัดจอมศรี,,815462151,,,https://goo.gl/maps/uAAC7AcgcbNmhybM6,,"17.142187, 102.965142",7/30/2024 21:13:09
AR00026,ส.เจริญพาณิชย์ (พี่แดน สายนอกเก่า),เลขที่ 99 ม.8 ต.ท่าลี่ อ.กุมภวาปี จ.อุดรธานี,0862397793/0955376539/ไลน์,ไม่เกิน 17.00น.,,https://goo.gl/maps/EN47iDC189JtqdTSA,,"16.923681, 103.053077",7/30/2024 21:13:09
AR00027,บุญดิ เภสัช (1),87 ม.5 ต.แสงสว่าง อ.หนองแสง จ.อุดรธานี 41340,0849107044/0614671221แอพ+ไลน์,ไม่เกิน18.00น.,,https://goo.gl/maps/RSuzdhbVDynk9DDE7,,"17.138656, 102.789011",7/30/2024 21:13:09
AR00029,น้องอาจารย์สมควร,,,,,,,,7/30/2024 21:13:09
AR00030,เฮียเฒ่า,,,,,,,,7/30/2024 21:13:09
AR00032,อ.ดา,,,,,,,,7/30/2024 21:13:09
AR00033,ตังตัง(3),,0991494179/0868166971,,,https://goo.gl/maps/22we4Y9LTGdPJLXy6,,"16.973697, 103.221916",7/30/2024 21:13:09
AR00034,หจก.สุวรรณเรืองบริการ,182 หมู่ 11 ต.จำปี อ.ศรีธาตุ จ.อุดรธานี,966914939,,,https://goo.gl/maps/wdEuUsJRY3P8ShFZ8,,"16.958728, 103.164199",7/30/2024 21:13:09
AR00035,พี่ไก่กุ๊กกุ๊ก (1),,847714937,ไม่เกิน 18.00น.,,https://goo.gl/maps/HnfnQQD7zHTe2C337,,"17.138823, 102.789160",7/30/2024 21:13:09
AR00037,วงษ์พาณิชย์ สาขากุมภวาปี,,,,,,,,7/30/2024 21:13:09
AR00039,หจก.หลินปิง,,660519990,,,,,,7/30/2024 21:13:09
AR00041,ประจวบ (1),,0805654815/แอพ+ไลน์,ไม่เกิน 18.00น.,,https://goo.gl/maps/kce3aQEBnuLu55T76,,"17.143351, 102.851075",7/30/2024 21:13:09
AR00042,ไอรีส,,,,,,,,7/30/2024 21:13:09
AR00043,น้ำพอง,,,,,,,,7/30/2024 21:13:09
AR00044,ร้านละมัย (พี่นิด ศรีธาตุ)(3),103 หมู่ที่10 บ้านไหม่ไทรทอง ตำบลตาดทอง อำเภอศรีธาตุ จังหวัดอุดรธานี,870424548,ไม่เกิน 19.00น,,https://goo.gl/maps/qeM4cWXSQuyFGeqX7,,"17.051821, 103.136011",7/30/2024 21:13:09
AR00045,ป.วัฒนะ,,883002492,,,,,,7/30/2024 21:13:09
AR00047,แม่พร เหล่าหมากบ้า(3),,816010043,ไม่เกิน 18.00น.,,https://goo.gl/maps/MuFEMCGS8VmW6ywDA,,"17.159661, 103.059011",7/30/2024 21:13:09
AR00048,นายบวร ไชยสิทธิ์ (บวรพานิช) (1),เลขที่ 6 ม.5 บ.นาเหล่า ต.หนองกุงศรี อ.โนนสะอาด จ.อุดรธานี 41240,0857544552/แอพ+ไลน์,ไม่เกิน 20.00น.,,https://goo.gl/maps/RFDdutFLVU16z5ix5,,"17.060987, 102.787043",7/30/2024 21:13:09
AR00049,เฮียนพดล (ตลาดเมืองเก่า),,0819752357/0898401430,,,https://goo.gl/maps/FFYBRMzdPTbwNNuN8,,"17.129692, 102.967440",7/30/2024 21:13:09
AR00050,[เอส ที การค้า] นาง รัตนา วังสีรัง (2),243 ม.6 ต.โนนสะอาด อ.โนนสะอาด จ.อุดรธานี 41240,892591925,ไม่เกิน 18.00น.,,https://goo.gl/maps/kgSJNze4WnV9qgTt8,,"16.969651, 102.915968",7/30/2024 21:13:09
AR00051,นิยม (สุภารัตน์ ธรรมจิตร์)(3),51 ม.12 บ.ศรีนคร ต.ศรีธาตุ อ.ศรีธาตุ จ.อุดรธานี 41230,0897109754/0990325612,16.00-17.00น.,,https://goo.gl/maps/22we4Y9LTGdPJLXy6,,"16.973666, 103.221948",7/30/2024 21:13:09
AR00052,พี่เอ๋ บ้านกงพาน,,900879023,,,https://goo.gl/maps/MvhMzZfhb34Sbw3M6,,"17.130432, 102.967588",7/30/2024 21:13:09
AR00054,ธวัชชัย น้อยชนะ,52 หมู่ที่ 1 ต.หนองแสง อ.หนองแสง จ.อุดระานี 41340 ต.หนองแสง อ.หนองแสง จ.อุดรธานี 41340,868581512,,,,,,7/30/2024 21:13:09
AR00055,กองทุนหมู่บ้านทับกุง หมู่ที่1 (1),กองทุนหมู่บ้านทับกุง หมูุ่ที่1 ตำบลทับกุง อำเภอหนองแสง จังหวัดอุดรธานี,0871779065//แอพ+ไลน์,,,https://goo.gl/maps/ihkhp2p9U2TgamB99,,"17.176665, 102.771809",7/30/2024 21:13:09
AR00056,ลูกค้าส่งทั่วไป,,,,,,,,7/30/2024 21:13:09
AR00057,วิบูลย์ บุญยะศาสตร์,581/16 ม.5 ต.พยอม อ.วังน้อย จ.พระนครศรีอยุธยา 13170,0898459952/0993965189,,,,,,7/30/2024 21:13:09
AR00059,แม่อัมพร ศรีวิเศษ,บ้านหนองแวง ม.6 ต.ผาสุก อ.กุมภวาปี จ.อุดรธานี,852428145,,,,,,7/30/2024 21:13:09
AR00060,จันทร์เพ็ญ,,887381047,,,https://goo.gl/maps/NT15DpdcAr5RDMvh6,,"17.169577, 103.160686",7/30/2024 21:13:09
AR00061,พ่อสุภาพ,บ้านสงเปลือย,845778235,,,,,,7/30/2024 21:13:09
AR00062,บจก. อุดรเอ็มอาร์ที 2019 (สำนักงานใหญ่),354/1 หมู่ที่ 1 ซอยบ้านหนองบัว ตำบลหมากแข้ง อำเภอ เมืองอุดรธานี จ.อุดรธานี 41000,866322345,,,,,"17.370348, 102.811781",7/30/2024 21:13:09
AR00063,อาทิวราภรณ์ (4),266 ม.8 ต.กุงเก่า อ.ท่าคันโท จ.กาฬสินธุ์,934439622,ไม่เกิน 16.00,,https://goo.gl/maps/jp8fQhzzCNMoqC8B7,,"16.908572, 103.167032",7/30/2024 21:13:09
AR00065,สาครพานิชย์ (2),90/1 หมู่3 บ.ทมป่าข่า ต.ทมงาม อ.โนนสะอาด จ.อุดรธานี,833399211,,,https://goo.gl/maps/Gc9G3hGSKN5E1muz7,,"16.909793, 103.004011",7/30/2024 21:13:09
AR00067,9***,,849113116,,,,,,7/30/2024 21:13:09
AR00068,บริษัท ชัยอุดมสิน โปรดิวส์ จำกัด (สาขาที่ 0001),5/7 ม.11 ต.กุดน้อย อ.สีคิ้ว จ.นครราชสีมา 30140,,,,,,,7/30/2024 21:13:09
AR00069,ต๋อยปาท่องโก๋ (ตลาดเมืองเก่า),,804032433,,,,,"17.128405, 102.964599",7/30/2024 21:13:09
AR00070,สมบัติการค้า,เลขที่ 80 หมู่ 9 บ้านตะเคียนทอง ต.บ้านโปร่ง อ.ศรีธาตุ จ.อุดรธานี,930922837,,,https://goo.gl/maps/ovL4SFw9E9XCdfYX9,,"17.020041, 103.128054",7/30/2024 21:13:09
AR00071,ห่อเงิน (3),154 หมู่1 ต.เวียงคำ อ.กุมภวาปี จ.อุดรธานี,636232445,ไม่เกิน18.00น.,,https://goo.gl/maps/AJx3o9GbqKL7eqWv7,,"17.116098, 103.032021",7/30/2024 21:13:09
AR00074,ขายสินค้า-บริการ,,,,,,,,7/30/2024 21:13:09
AR00075,ทดสอบ 1,,910502532,,,https://goo.gl/maps/eKFYdzQyD68wZhrg6,,,7/30/2024 21:13:09
AR00076,พี่เดือน (3),บ้านหนองแวง,934344192,ไม่เกิน 17.00น.,,https://goo.gl/maps/wkeJHcbv2unbFjkc6,,"17.175072, 103.069968",7/30/2024 21:13:09
AR00077,ไทยเจริญ (3),ศรีธาตุ[เจ้ต้อย],0880276531/0804199080,ไม่เกิน19.00น.,,https://goo.gl/maps/MvdWirnBXDDvzAAx7,,"16.973721, 103.220989",7/30/2024 21:13:09
AR00078,ท่ายม (1),,908542814,ไม่เกิน 18.00 น.,,https://goo.gl/maps/gffeLVY7o46W6Cxc8,,"17.139190, 102.785011",7/30/2024 21:13:09
AR00079,แม่เนตร บ.กุดขอนแก่น(4),10 ม.9 ต.กุงเก่า อ.ท่าคันโท จ.กาฬสินธุ์,0813921892,,,https://maps.app.goo.gl/Lb5uTYFMDa7d5V516,,"16.950012, 103.173865",7/30/2024 21:13:09
AR00080,ทรัพย์มงคล (5),,,,,,,,7/30/2024 21:13:09
AR00082,หนูเตียม ศรีโมง (หนูเตียมพานิชย์),83 หมู่ที่8 ตำบลโพธิ์ศรีสำราญ อำเภอโนนสะอาด จังหวัดอุดรธานี,0915844533/ไลน์,ไม่เกิน 18.00น.,,https://goo.gl/maps/7tSRA362Gdp963LSA,,"16.948334, 102.852054",7/30/2024 21:13:09
AR00083,ต๋อง,,981023980,,,,,,7/30/2024 21:13:09
AR00085,ยายคำป่น (5),,621019572,,,https://goo.gl/maps/JSnHoZrLhRFeAsH1A,,"17.164890, 102.933000",7/30/2024 21:13:09
AR00086,ยายติ๋งปากหวาน,บ้านนาดี,0934745419/0845136824,ไม่เกิน 20.00น.,,https://goo.gl/maps/auhde79MYUZbZhBZ9,,"17.070500, 102.856600",7/30/2024 21:13:09
AR00087,วัดบูรพาบ้านท่าลี่ ศรีสุข,,,,,https://goo.gl/maps/fXbuJRtNd83FVNdB7,,"16.977358, 103.080060",7/30/2024 21:13:09
AR00088,สัมฤทธิ์ มิตรภาพ(ยายปราณี) (2),166 หมู่ 13 ต.บุ่งแก้ว อ.โนนสะอาด จ.อุดรธานี ต.บุ่งแก้ว อ.โนนสะอาด จ.อุดรธานี 41240,0927069298/0801999504,ไม่เกิน 19.00น.,,https://goo.gl/maps/JQj6UWqZXFHi6R49A,,"16.969544, 102.956560",7/30/2024 21:13:09
AR00089,น.ส.อารี บุญญวัฒน์วณิชย์ / ร้าน 148 (1),เลขที่ 148 หมู่ 2 ต.นาดี อ.หนองแสง จ.อุดรธานี,0985853847/ไลน์สั่งเอง,ไม่เกิน 18.00น.,,https://goo.gl/maps/frnaThj7wkBysuHMA,,"17.080819, 102.861126",7/30/2024 21:13:09
AR00091,แม่นาง หนองแวง (2),,941719180,ไม่เกิน 19.00น.,,,,,7/30/2024 21:13:09
AR00094,ตาประดิษ ท่าสัง (2),,886471569,ไม่เกิน 19.00น.,,https://maps.app.goo.gl/vU3c3UonBFTzvhVv6,,"17.046047, 103.028990",7/30/2024 21:13:09
AR00095,ตาโกเมศ ท่าสัง (2),,651021227,ไม่เกิน 18.00น.,,https://goo.gl/maps/gnmCKUfwGFdHu7oP8,,"17.045913, 103.029968",7/30/2024 21:13:09
AR00096,แม่บัวผัน หนองแดง (2),บ้านหนองแดง ต.สีออ,0847924933/0818727299,ไม่เกิน 16.00น.,,https://goo.gl/maps/Fkn99rgbWnL6Ms7o8,,"17.028990, 103.027893",7/30/2024 21:13:09
AR00097,พี่เอี้ยง หนองกวาง (2),,816873747,ไม่เกิน 20.00น.,,https://goo.gl/maps/3rsy3PgibNwLPZ6F7,,"17.007841, 103.049000",7/30/2024 21:13:09
AR00101,กิลาภรณ์ คำพันธ์/แม่พร กุดยาง (2),18 หมู่ 12 ต.ท่าลี่ อ.กุมภวาปี จ.อุดรธานี,0811863959/0935085774/0924979237,ไม่เกิน 18.00,,https://goo.gl/maps/DL58BZWWeh5FXS6D9,,"16.955910, 103.044520",7/30/2024 21:13:09
AR00102,ร้านมานา (ราชพฤกษ์เก่า) (2),206 7หมู่2 ต.ท่าลี่ อ.กุมภวาปี จ.อุดรธานี 41110,834645382,ไม่เกิน 18.00น.,,https://goo.gl/maps/iiGgTDBRZGKkeXfF8,,"16.954697, 103.042348",7/30/2024 21:13:09
AR00104,พี่หนิง กุดยาง [เจ้หนิงไก่สด],165 ม.2 บ.กุดยาง ต.ท่าลี อ.กุมภวาปี จ.อุดรธานี 41110,833521839,ไม่เกิน 20.00น.,,https://goo.gl/maps/WfN96DC5o8ZFyeuMA,,"16.952877, 103.041106",7/30/2024 21:13:09
AR00105,พันปี โนนสำราญ (1),,860250401,ไม่เกิน 18.00น.,,https://goo.gl/maps/W2cMb1rpUyKXZZzB7,,"17.041941, 102.925011",7/30/2024 21:13:09
AR00107,นางรจนา นาถมทอง(พี่รส) (2),53 หมู่ที่8 ตำบลบุ่งแก้ว อำเภอโนนสะอาด จังหวัดอุดรธานี,982097535,ไม่เกิน 20.00น.,,https://goo.gl/maps/5XeUWAWCcf2G8Ubd7,,"16.951021, 103.025979",7/30/2024 21:13:09
AR00108,พ่อสมบูรณ์ บ้านโนนสำราญ (2),,810610377,ไม่เกิน 20.00น.,,https://goo.gl/maps/jQRW8qHrB4zu1d259,,"16.970490, 102.975011",7/30/2024 21:13:09
AR00109,แม่แสง บ.โพธิ์สง่า,22 หมู่ 12 บ้านโพธิ์สง่า,981107280,,,,,,7/30/2024 21:13:09
AR00110,ส.เจริญ โนนสวรรค์ (2),,0878546740/0829316041,ไม่เกิน 18.00น.,,https://goo.gl/maps/jjDxUjgtg6ZjTtir8,,"16.922731, 103.053000",7/30/2024 21:13:09
AR00111,พรทิพย์ ทัพโยธา/ยายจ่อย เหล่าหมากจันทร์ (2),163 หมู่ 3 บ้านเหล่าหมากจันทร์ ต.ท่าลี่ อ.กุมภวาปี จ.อุดรธานี,983089424,ไม่เกิน 19.00,,https://goo.gl/maps/mTF8UD85MP2RN6oBA,,"16.922488, 103.039778",7/30/2024 21:13:09
AR00112,แม่หนอม นาเพ็ญ,,934191567,,,,,,7/30/2024 21:13:09
AR00113,ไมลี่คาเฟ่ สายวิ่ง จันทร์-ศุกร์,,,,,,,,7/30/2024 21:13:09
AR00114,ไมลี่ชาบู สายวิ่ง จันทร์-ศุกร์,,,,,,,,7/30/2024 21:13:09
AR00115,แม่ลำพร ท่าลี่ สายวิ่ง จันทร์-ศุกร์ (2),,984101341,,,,,,7/30/2024 21:13:09
AR00117,แม่วา บ้านผือ (1),,,,,,,,7/30/2024 21:13:09
AR00118,พ่อสมจิตร ทับกุง (1),,821073175,ไม่เกิน 18.00น.,,https://goo.gl/maps/nS56RaMDU1ioi6j39,,"17.174080, 102.774740",7/30/2024 21:13:09
AR00120,พี่มี ทับกุง (1),,895774415,ไม่เกิน 18.00น.,,https://goo.gl/maps/9wE2uoVdMZ5pD3Rt7,,"17.168661, 102.775979",7/30/2024 21:13:09
AR00121,ร้านค้าชุมชนประชารัฐโนนดินแดง (1),,0828234339/0625203551,ไม่เกิน 18.00,,https://goo.gl/maps/FXu7RBhAbM27wC1c8,,"17.139183, 102.848030",7/30/2024 21:13:09
AR00122,ร้านณิชมน ใจสามารถ [แม่หวาน หนองแสง],135 ม.1 ต.หนองแสง อ.หนองแสง จ.อุดรธานี 41340,885161788,,,https://goo.gl/maps/qYwpUj7Agp9rVtoj8,,"17.146111, 102.851936",7/30/2024 21:13:09
AR00123,โรงสีม้าขาว,เลขที่ 133 หมู่ 17 ต.เวียงคำ อ.กุมภวาปี อุดรธานี 41110,981024378,,,https://maps.app.goo.gl/EoprfpSgPHtFbCWi8,,"17.117908, 103.046048",7/30/2024 21:13:09
AR00124,แม่อ๋อย โคกสว่าง (1),147 หมู่ 5 บ้านโคกสว่าง ต.หนองแสง อ.หนองแสง 41340,635904497,ไม่เกิน19.00น.,,https://goo.gl/maps/jRP93myrUbBHxsc96,,"17.188957, 102.843198",7/30/2024 21:13:09
AR00125,พี่หน่อย บ้านดง (1),,953503057,ไม่เกิน 19.00น.,,https://maps.app.goo.gl/8HoXboU7XGQpbCz69,,"17.157551, 102.831002",7/30/2024 21:13:09
AR00126,พี่ตุ๋ย บ้านดง (1),,0621547925/ไลน์,ไม่เกิน 19.00น.,,https://goo.gl/maps/dC7juZ9oTz7V3eT2A,,"17.160851, 102.827043",7/30/2024 21:13:09
AR00128,ร้านแสงประเสริฐ/ทับกุง (1),88 ต.ทับกุง อ.หนองแสง จ.อุดรธานี,0655818892/0813910424,ไม่เกิน18.00น.,,https://goo.gl/maps/dkg4rYxsoySTGv3y5,,"17.170800, 102.769989",7/30/2024 21:13:09
AR00130,แม่เครือ ทับกุง หมู่ 1 (1),,934157533,ไม่เกิน 15.00น,,https://goo.gl/maps/y8H1Xws5QA3hDKdc9,,"17.174851, 102.770000",7/30/2024 21:13:09
AR00131,บุญยง ทับกุง สายวิ่ง พุธ-อาทิตย์ ปิดกิจการ,,880642835,,,,,,7/30/2024 21:13:09
AR00132,แม่สมร คำหว้าทอง (1),,652572514,ไม่เกิน 19.00น.,,https://goo.gl/maps/h23GrjcmDHwuXJ5n7,,"17.156220, 102.787925",7/30/2024 21:13:09
AR00133,แม่เที่ยง ท่ายม [เปลี่ยนเจ้าใหม่],,861709323,,,https://goo.gl/maps/PJJzePwzJAP6oGJd9,,"17.139946, 102.786990",7/30/2024 21:13:09
AR00136,พี่ละมัย ท่าสี (1),,833528563,ไม่เกิน 18.00 น,,https://goo.gl/maps/VKWcY4USpqfnzraG6,,"17.128610, 102.781989",7/30/2024 21:13:09
AR00137,พ่อใส ดงน้อย (1),,0628900588/หน้าร้าน,,,,,,7/30/2024 21:13:09
AR00138,นางแอ๊ด เตรียมตัว (แม่แอด แสงทอง) (1),22 หมู่ที่6 ตำบลหนองแสง อำเภอหนองแสง จังหวัดอุดรธานี,612934769,ไม่เกิน 18.00น,,https://goo.gl/maps/SoBuXBNPRkgS5CNn6,,"17.146602, 102.850043",7/30/2024 21:13:09
AR00139,นางสาวพจนา จำปาวัตตะ (สมหมายการค้า) (1),376 หมู่ 3 ต.ทับกุง อ.หนองแสง จ.อุดรธานี 41340 41340,985979209,ไม่เกิน 20.00น,yingangel1111@gmail.com,https://goo.gl/maps/8A3ZVn2QtfuR4W3P8,,"17.171558, 102.767979",7/30/2024 21:13:09
AR00140,แม่ตุ๊ก ม.ดินแดง,,819547773,,,,,,7/30/2024 21:13:09
AR00141,เฟริส แอนด์ เกรซ,,850475198,บ่าย3-บ่าย4,,https://goo.gl/maps/8SBty3mE3KiZ4t1h9,,"17.173554, 102.803349",7/30/2024 21:13:09
AR00142,นางอนงค์ ถินทะสิทธิ์/หนองบัว (1),46 ม.9 อ.หนองแสง จ.อุดรธานี,0610975318,ไม่เกิน 19.00น.,,https://goo.gl/maps/XMiZsWyf1gSd6YZu6,,"17.105141, 102.884000",7/30/2024 21:13:09
AR00143,ร้านอุไรลักษ์ บ้านดงเรือง (5),บ.ดงเรือง,872182045,ไม่เกิน 19.00น.,,https://goo.gl/maps/Y4gk7wsxobQVHWB77,,"17.165320, 102.960936",7/30/2024 21:13:09
AR00145,พี่บุปผา โพนทอง (5),,811858065,ไม่เกิน 18.00 น,,https://goo.gl/maps/Mpg8tMSYt4FaorYGA,,"17.240487, 103.064823",7/30/2024 21:13:09
AR00146,ตลาดเพชรโพนทอง,,0956715331,,,https://goo.gl/maps/6ugJ3w5GSuLkAZcJ8,,"17.241551, 103.068032",7/30/2024 21:13:09
AR00147,นายฉัตรพร สีเหลือง (สองบุญ) (5),32 หมู่ที่5 ตำบลอุ่มจาน อำเภอประจักษ์ศิลปาคม จังหวัดอุดรธานี,615097819,ไม่เกิน16.00น.,,https://goo.gl/maps/dtqgVnQWLSs79Atk8,,"17.240351, 103.066968",7/30/2024 21:13:09
AR00148,พี่น้ำฝน บ.โคกน้อย,20 ม.14 บ.โคกน้อย ต.จำปี อ.ศรีธาตุ,982105824,,,,,,7/30/2024 21:13:09
AR00149,ประชารัฐ น้ำเที่ยง (5),,981277977,ไม่เกิน 20.00น.,,https://goo.gl/maps/goYU5EzdQTS1fQVw6,,"17.261331, 103.035968",7/30/2024 21:13:09
AR00150,แม่พรไพร สวนม่อน (5),,879516269,ไม่เกิน19.00น.,,https://goo.gl/maps/83tj1AZMBDPAYw9FA,,"17.232851, 103.025043",7/30/2024 21:13:09
AR00153,แม่นาง บ้านหมากบ้า (5),บ้านหมากบ้า,924500416,ไม่เกิน 18.00น.,,https://goo.gl/maps/noJD8nCXveF8Lf7h6,,"17.198831, 102.976957",7/30/2024 21:13:09
AR00154,พ่อสุบิน โคกกลาง (5),บ้านโคกกลาง ต.นาม่วง อ.ประจักษ์,0913644478//0649791730,ไม่เกิน 17.00น,,https://goo.gl/maps/9EJK1aph5oyxLZtq6,,"17.206710, 102.962968",7/30/2024 21:13:09
AR00155,แม่ทองหนุน โนนสา (5),,612321394,ไม่เกิน 20.00น.,,https://goo.gl/maps/rgWmSNvLhz5WbTAU6,,"17.216057, 102.992989",7/30/2024 21:13:09
AR00156,แม่รัตน์ นาม่วง (5),,652560433,ไม่เกิน18.00น.,,https://goo.gl/maps/ajBtTcQQyQcWdadN8,,"17.237792, 103.010043",7/30/2024 21:13:09
AR00157,หจก. มนุชศรา ค้าส่ง (5),106 หมู่3 ตำบลนาม่วง อำเภอประจักษ์ศิลปาคม จังหวัดอุดรธานี 41110,819542363,ไม่เกิน 19.00น,,,,,7/30/2024 21:13:09
AR00158,แม่ไพร ดอนม่วง (5),,872309812,ไม่เกิน 20.00น.,,https://goo.gl/maps/QGrjLKophzfbrkiy5,,"17.265270, 103.004925",7/30/2024 21:13:09
AR00159,แม่เพ็ญ โนนสะแหวง (5),,616321049,ไม่เกิน 18.00 น.,,https://goo.gl/maps/o52JJdwpfFaJBD5V7,,"17.253002, 102.980979",7/30/2024 21:13:09
AR00160,แม่แอด บ้านหนองแก (5),บ้านหนองแก,621127341,ไม่เกิน 18.00น.,,https://goo.gl/maps/9aKrSVY3TjmH9eBd6,,"17.208382, 102.956054",7/30/2024 21:13:09
AR00161,สนามชนไก่ หนองกวาง,,933753305,,,,,,7/30/2024 21:13:09
AR00162,นางอำพร เหง้าพรหมมินทร์,,899407201,,,https://maps.app.goo.gl/St2CQVW9yFbZZLodA,,"17.179403, 102.900090",7/30/2024 21:13:09
AR00164,โชคสนั่น (2),,821122769,ไม่เกิน 20.00น.,,https://goo.gl/maps/C6HzFfVdYgm6P5RF9,,"16.962741, 103.074946",7/30/2024 21:13:09
AR00165,ห้างหุ้นส่วนจำกัด บุญพาณิชย์ 2564 (4),90/1 ม.1 ต.ท่าคันโท อ.ท่าคันโท จ.กาฬสินธุ์ 46190,832425079,,,https://goo.gl/maps/vJ7hcZDeqDtDi4Ab6,,"16.938662, 103.232054",7/30/2024 21:13:09
AR00166,ยายเสาร์ร้านเหลือง (5),สะอาดนามูล,981186274,,,https://goo.gl/maps/wFraip1v453gQHRr5,,"17.229723, 102.936674",7/30/2024 21:13:09
AR00167,ตานง,สงเปลือย,833602028,,,,,,7/30/2024 21:13:09
AR00168,วังชัยพานิชย์ ไม่รู้จัก,ห้วยเกิ้ง,,,,,,,7/30/2024 21:13:09
AR00170,พี่ไก่กุมภวาปีจ้า (1),,644913795,ไม่เกิน17.00น.,,,,"17.110127, 103.013119",7/30/2024 21:13:09
AR00171,แม่ใบ (1),หมู่ 8 บ้านดงเมือง อ.กุมภวาปี,897121545,ไม่เกิน19.00น.,,https://goo.gl/maps/wG2fLnRFKrKsh2JL9,,"17.113172, 103.011531",7/30/2024 21:13:09
AR00172,เจ้อร(4),,0857460530/ไลน์,ไม่เกิน18.00น.,,https://goo.gl/maps/kAnMPAVZ1cWqnE9F6,,"16.936813, 103.241032",7/30/2024 21:13:09
AR00173,หจก.ชัยพร ท่าคันโท,56 ม.8 ต.ท่าคันโท อ.ท่าคันโท จ.กาฬสินธุ์ 46190,892778721,ไม่เกิน 18.00น.,,https://goo.gl/maps/yfuerhrJCaiDk8nR8,,"16.938504, 103.231093",7/30/2024 21:13:09
AR00174,น.ส.มะณีกรร ชินวิ (ร้านวันดี ซุปเปอร์) (3),76 ม.13 ต.จำปี อ.ศรีธาตุ จ.อุดรธานี 41230,098-9269289 / ไลน์,ไม่เกิน18.00น.,,https://goo.gl/maps/ZGpCTmT3MbG98pWz5,,"16.980759, 103.186126",7/30/2024 21:13:09
AR00175,ทองล้วนการค้า (2),31 หมู่ 7 บ้านคำร่อง ตำบลท่าลี่ อำเภอกุมภวาปี จังหวัดอุดรธานี,0973043411/0963182525,,,https://goo.gl/maps/itt5bffmPxrgWv6z9,,"16.930356, 103.031968",7/30/2024 21:13:09
AR00176,พี่อวย,,,,,,,,7/30/2024 21:13:09
AR00177,นางสาวคนา จิตธรรมมา (ร้านจิตธรรมา)(2),254 ม.3 ต.หนองหว้า อ.กุมภวาปี จ.อุดรธานี 41110,895743550,,,https://goo.gl/maps/HCR56VTsgzY6sde69,,"17.059751, 103.016021",7/30/2024 21:13:09
AR00178,โจโจ้โดนัท,ซอยประปา,878585457,,,,,,7/30/2024 21:13:09
AR00179,มอสมินิมาร์ท (5),หมู่ที่ 12 บ้านทุ่งสว่าง ต.พังงู อ.หนองหาน จ.อุดรธานี 41130,969747370,ไม่เกิน 19.00 น.,,,,,7/30/2024 21:13:09
AR00180,โอ๋นาม่อง,,,,,,,,7/30/2024 21:13:09
AR00183,ป๋าสง่า ขอนแก่น,,,,,,,,7/30/2024 21:13:09
AR00184,แสงสิริ (1),,945318995,ไม่เกิน 18.00น.,,https://goo.gl/maps/t92ahjvonuEetMdQ8,,"17.168479, 102.775064",7/30/2024 21:13:09
AR00185,นายชัยวัฒน์ เจิมปรุ (พ่อสง่า) (1),85 หมู่ที่6 ตำบลหนองแสง อำเภอหนองแสง จังหวัดอุดรธานี 41340,821042368,ไม่เกิน 20.00น.,,https://goo.gl/maps/mhnAJSQSt9YewdWA6,,"17.146961, 102.850097",7/30/2024 21:13:09
AR00186,นางสาวประภัสสร หล้าชน (ศรีปะโคการเกษตร) (1),282 ม.4 บ.ทับไฮ ต.แสงสว่าง อ.หนองแสง จ.อุดรธานี,833354692,รับสินค้า15.30-16.00น.,,https://goo.gl/maps/DnRzo6Kjwq4ZmZPu9,,"17.110051, 102.778000",7/30/2024 21:13:09
AR00187,พี่โก้,,,,,,,,7/30/2024 21:13:09
AR00189,พี่จอย,,,,,,,,7/30/2024 21:13:09
AR00190,พี่ดาวโนนสะอาด,,,,,,,,7/30/2024 21:13:09
AR00191,น้องไอซ์ (1),,819645660,ไม่เกิน18.00น.,,https://maps.app.goo.gl/nQBfpgU6XBuyJwTJA,,"17.070843, 102.855173",7/30/2024 21:13:09
AR00194,บ้านพี่จอส,,,,,,,,7/30/2024 21:13:09
AR00195,พี่หนุ่ย,,,,,,,,7/30/2024 21:13:09
AR00196,ร้านสุกานดา (1),,042110590/0831450618,ไม่เกิน 19.00น.,,https://goo.gl/maps/h6PoCQLGetbDN8zo8,,"17.044435, 102.930979",7/30/2024 21:13:09
AR00197,ครัวนาเทิง,,930142555,,,https://goo.gl/maps/7T927Xo3KMeiaMjq6,,"17.126894, 102.963576",7/30/2024 21:13:09
AR00199,อ่อนอุบลการค้า (พี่แจ็คกุมภวาปี) (1),,0805511905/0808087461,ไม่เกิน 17.00น.,,https://goo.gl/maps/pmz6krkMV9WaSnQ66,,"17.103731, 103.010903",7/30/2024 21:13:09
AR00200,ร้าน โฟร์เอ็กซ์ โคกผักหวาน,เลขที่ 194/7 บ.โนนรังสี ต.ห้วยเกิ้ง อ.กุมภวาปี จ.อุดรธานี 41110,883039729,,,https://goo.gl/maps/Ms79guiQ1o3brNzP6,,"17.056770, 102.920616",7/30/2024 21:13:09
AR00201,เจ้สุวรรณา ห้วยเกิ้ง (1),,981501868,ไม่เกิน 18.00น.,,https://goo.gl/maps/3PoaYY5Rgph7zNT57,,"17.041925, 102.928989",7/30/2024 21:13:09
AR00202,เจ้กิมเฮียง (1),,913338395,ไม่เกิน 19.00น.,,https://maps.app.goo.gl/e9yfngmbJGZwWHuW6,,"17.042064, 102.929043",7/30/2024 21:13:09
AR00203,นิตยา สาย2 (1),,0932528760,ไม่เกิน 19.00น.,,https://maps.app.goo.gl/nidQkirGC4nw6yCaA,,"17.050438, 102.925268",7/30/2024 21:13:09
AR00205,สมคิด ศรีสมพาน (พี่ษา) (1),304 ม.3 อ.กุมภวาปี อ.กุมภวาปี จ.อุดรธานี,653579240,ไม่เกิน 18.00น.,,https://goo.gl/maps/A9NViTTJUAeuzxJP8,,"17.103972, 103.010968",7/30/2024 21:13:09
AR00207,พี่สำลี (1),,0892737247/0622783219,ไม่เกิน 18.00น.,,https://maps.app.goo.gl/RBhaAX1863nxRpJM9,,"17.048427, 102.926713",7/30/2024 21:13:09
AR00208,MILY,,,,,,,,7/30/2024 21:13:09
AR00209,กิมเฮง,,,,,,,,7/30/2024 21:13:09
AR00210,โฟนแอนเฟรม (1),,940251826,ไม่เกิน 18.00น.,,https://goo.gl/maps/D3geGWn1bqTtRcuy7,,"17.057831, 102.923021",7/30/2024 21:13:09
AR00211,ร้านคมสัน โนนสะอาด [คมสันค้าส่ง],417 หมู่1 ต.ทมนางาม อ.โนนสะอาด จ.อุดรธานี,959327475,,,https://goo.gl/maps/W8pRBX8A8mg2zW3cA,,"16.890854, 102.929117",7/30/2024 21:13:09
AR00212,รุ่งนิรันด์,,,,,https://goo.gl/maps/UvaFK1CHPp5u7NaJ6,,"17.135467, 102.963003",7/30/2024 21:13:09
AR00214,ประชารัฐหมู่10 อุ่มจาน,,,,,,,,7/30/2024 21:13:09
AR00215,พี่บุญช่วย,863115761,,,,,,,7/30/2024 21:13:09
AR00216,น้องสมาท (1),,0896705226/ไลน์,,,,,,7/30/2024 21:13:09
AR00217,ป้าวาด (5),,897158953,ไม่เกิน 18.00น.,,https://maps.app.goo.gl/K9dfZh85Vj2Z523e6,,"17.200846, 102.941055",7/30/2024 21:13:09
AR00218,ศาลเจ้าปู่ ย่า,,,,,,,,7/30/2024 21:13:09
AR00219,พี่วุฒิ โคกผักหวาน,,,,,,,,7/30/2024 21:13:09
AR00220,พี่ลักกี้ สาย2 (1),,918646895,ไม่เกิน 18.00น.,,,,,7/30/2024 21:13:09
AR00222,พ่อทูล บ้านกงพาน,,,,,,,,7/30/2024 21:13:09
AR00223,แม่น้ำเที่ยง,,,,,,,,7/30/2024 21:13:09
AR00224,เฮียจอน[ห้ามเติมจัด],,0821116388,,,https://maps.app.goo.gl/wSUA59kD5P6K38ys6,,"17.072456, 102.851390",7/30/2024 21:13:09
AR00226,พี่มิว,,,,,,,,7/30/2024 21:13:09
AR00227,น้องเบียร์ (3),50 หมู่ที่ 10 บ้านเสาเล้า ต.โพธิ์ศรีสำราญ อ.โนนสะอาด จ.อุดรธานี 41240,883118410,,,https://goo.gl/maps/q8cw3o2TW9MBwZrn7,,"16.950651, 102.847968",7/30/2024 21:13:09
AR00229,เพื่อนเกษตร,,,,,,,,7/30/2024 21:13:09
AR00230,ยายนาง ทางพาด,,,,,,,,7/30/2024 21:13:09
AR00231,เฮียโต้งอุดร,,,,,,,,7/30/2024 21:13:09
AR00232,ชัยพิมพ์ (1),,0810579377/ไลน์,ไม่เกิน 19.00,,https://goo.gl/maps/JcXL8tNsEkPt1PBd9,,"17.059141, 102.787000",7/30/2024 21:13:09
AR00234,บ่อนไก่ดงเรือง,,,,,,,,7/30/2024 21:13:09
AR00235,ตาเรียง บ.ดอนแคน,เลขที่ 128 ม.12 บ้านดอนแคน,992602160,,,https://goo.gl/maps/KkC4KVWfDPYBarLK9,,"17.146847, 102.964875",7/30/2024 21:13:09
AR00236,พี่อี้ด ท่าคันโท (4),,805489617,ไม่เกิน 18.00น.,,https://goo.gl/maps/aoqCgeznsCfAhKq16,,"16.939630, 103.216043",7/30/2024 21:13:09
AR00237,ธงฟ้า ศรีสว่าง (2),,986319893,ไม่เกิน 17.00น.,,https://goo.gl/maps/Kvbj3NQiE2FA4CrU8,,"16.996172, 103.053000",7/30/2024 21:13:09
AR00238,ตาไหม,ห้วยกองสี 0817995491,,,,,,,7/30/2024 21:13:09
AR00239,เพ็ญสิริพาณิชย์ [ว่าที่ ร.ต.หญิงสิริวรรณ อุทัยคู] (3),81 ม.5 บ้านโนนสูง ต.จำปี อ.ศรีธาตุ จ.อุดรธานี 41230,899892026,ไม่เกิน19.00น.,,https://goo.gl/maps/C3PbBxu6pvBUMTtE7,,"16.986762, 103.170000",7/30/2024 21:13:09
AR00240,ยายแว,,810596197,,,,,,7/30/2024 21:13:09
AR00241,น.ส.กนกวรรณ พันธ์หอม (ร้านบิ๊กเต้) (2),2 หมู่ 6 ต.ตาดทอง อ.ศรีธาตุ จ.อุดรธานี 41230,902983536,ไม่เกิน 16.00น.,,https://goo.gl/maps/WEtYsswCbkkL5h6T7,,"17.030441, 103.069000",7/30/2024 21:13:09
AR00242,ทะเบียน 7209,,,,,,,,7/30/2024 21:13:09
AR00243,บุหรี่รถวิ่ง,SMS แดง5 เขียว5 วันเดอแดง3 เขียว2 กรองทิพย์2 LM ล แดง5 เขียว3,,,,,,,7/30/2024 21:13:09
AR00244,ช่อธิชาพาณิชย์,,,,,,,,7/30/2024 21:13:09
AR00245,สินเจริญพานิช,,,,,,,,7/30/2024 21:13:09
AR00246,ตาพิทักษ์,,,,,,,,7/30/2024 21:13:09
AR00249,เฮียดงเมือง,,,,,,,,7/30/2024 21:13:09
AR00250,ท่าลี่,,,,,,,,7/30/2024 21:13:09
AR00251,ลูกหนี้,,,,,,,,7/30/2024 21:13:09
AR00252,ยายน้อย โคกสว่าง,,953282281,,,,,,7/30/2024 21:13:09
AR00253,ประชารัฐคำหว้าทองหมู่9 (1),,949863642,ไม่เกิน 19.00น.,,https://goo.gl/maps/QsCZ9aEMMZgMNJm76,,"17.156200, 102.786925",7/30/2024 21:13:09
AR00254,หจก.พรมนารายณ์ขายถูก [สำนักงานใหญ่],หมูบ้านดงเมือง เลขที่ 199 ม.2 ต.กุมภวาปี อ.กุมภวาปี จ.อุดรธานี 41110,896185155,,,,,,7/30/2024 21:13:09
AR00255,พี่ยุ้ย,,,,,,,,7/30/2024 21:13:09
AR00256,ลินดาพร,,,,,,,,7/30/2024 21:13:09
AR00257,ชุมชนบ้านดอนแคน,,,,,,,,7/30/2024 21:13:09
AR00258,ไคฮวดจั่น,,815455996,,,,,,7/30/2024 21:13:09
AR00259,ร้าน สุกัญญา บ.อุ่มจาน,86 ม.14 บ.อุ่มจาน ต.อุ่ทจาน อ.ประจักษ์ศิลาคม จ.อุดรธานี 41110,983528151,,,,,,7/30/2024 21:13:09
AR00260,ติงนอย ศรีธาตุ (3),,0851259706/0859848585,,,"(16.9766830, 103.2190740)",,"16.976516, 103.218961",7/30/2024 21:13:09
AR00261,ยุวดี (1),,933902651,,,https://goo.gl/maps/4KrobTv81YM4bKn6A,,"17.073851, 102.924021",7/30/2024 21:13:09
AR00262,ตาคร,,,,,,,,7/30/2024 21:13:09
AR00263,กู่แก้วซุปเปอร์สโตร์,,,,,,,,7/30/2024 21:13:09
AR00264,ชาโต้ ช้อป,,,,,,,,7/30/2024 21:13:09
AR00265,ลำดวน,,,,,,,,7/30/2024 21:13:09
AR00272,แม่รุ่ง,,635868026,,,,,,7/30/2024 21:13:09
AR00273,ยายธา บ้านนาดี,,,,,,,,7/30/2024 21:13:09
AR00274,น้องแก้ม บ้านแสงสว่าง,บ้านแสงสว่าง อ.หนองแสง,0614960855,,,https://goo.gl/maps/auTH9fPVbkgFc3Y67,,"17.123807, 102.823957",7/30/2024 21:13:09
AR00275,ชันโย,,,,,,,,7/30/2024 21:13:09
AR00276,ตาเตี้ย,,,,,,,,7/30/2024 21:13:09
AR00277,แม่บุญเพง,,,,,,,,7/30/2024 21:13:09
AR00278,ปริญญาต้นกล้วย,81 ม.1 บ.โนนรังษี ต.ห้วยเกิ้ง อ.กุมภวาปี,,,,,,,7/30/2024 21:13:09
AR00279,ร้าน ป.วสินธุ์การค้า (ว่าที่ ร.ต.ทวีสินธุ์ หอมสมบัติ) (3),4 หมู่3 ต.หัวนาคำ อ.ศรีธาตุ จ.อุดรธานี 41230,0954464244/0819995456,ไม่เกิน 20.00น.,,https://goo.gl/maps/H3V2ubEUMXatvQCb6,,"17.081507, 103.284000",7/30/2024 21:13:09
AR00280,หน้าร้าน(3),,,,,,,,7/30/2024 21:13:09
AR00281,น้องแพท,,,,,,,,7/30/2024 21:13:09
AR00282,แม่อ่อนสา,,917266188,,,,,,7/30/2024 21:13:09
AR00284,บังอร,,,,,,,,7/30/2024 21:13:09
AR00285,ร้านจูน,,,,,,,,7/30/2024 21:13:09
AR00286,พี่อ้อเฟรสยู,,,,,,,,7/30/2024 21:13:09
AR00288,สหการโรงงานน้ำตาลกุมภวาปี,,,,,,,,7/30/2024 21:13:09
AR00289,ตาแก้ว,,,,,,,,7/30/2024 21:13:09
AR00290,มาลัย การค้า,66 ม.6 บ.ผือ ต.พันดอน อ.กุมภวาปี จ.อุดรธานี 41370 โทร.098-6622356,,,,https://maps.app.goo.gl/1dA7wjoSvW1vELZD7,,"17.131288, 102.915337",7/30/2024 21:13:09
AR00291,สหการอุ่มจาน หมู่8,,,,,,,,7/30/2024 21:13:09
AR00292,ร้านยอดพาณิชย์ (โรงเรียนโนนสะอาดเก่า) (1),,847937395,,,https://goo.gl/maps/6EB3GdvPw7deq7QA8,,"17.071200, 102.855903",7/30/2024 21:13:09
AR00293,อ.บ.ต. ขวัญรัก,062-9698214 อยู่ใกล้ร้านต้นคุณ,,,,,,,7/30/2024 21:13:09
AR00294,ตาใจ บ้านโนนจำปา,,,,,,,,7/30/2024 21:13:09
AR00295,นางบุญเสริม สารพันธ์ (ตุ๋ยการค้า)(1),145/1 ม.8 ต.ตูมใต้ อ.กุมภวาปี จ.อุดรธานี 41110,819753287,ไม่เกิน 19.00น.,,https://goo.gl/maps/ENwntu7YaEdGSBtY9,,"17.070120, 102.954989",7/30/2024 21:13:09
AR00296,ตะวันชา (1),,0800100584/0926988272,ไม่เกิน 17.30น.,,https://goo.gl/maps/tNU2MFjaVKMKydSt9,,"17.110031, 103.013955",7/30/2024 21:13:09
AR00297,สหกรณ์โนนทอง,,930646083,,,,,,7/30/2024 21:13:09
AR00298,ตาอ้วน (5),ติดโรงน้ำ เส้นเดียวกับอุไรลักษ์,822817587,,,https://goo.gl/maps/9YHv3aEHbEqQFbrcA,,"17.165546, 102.959914",7/30/2024 21:13:09
AR00299,ร้านทรวงสุดา,,,,,,,,7/30/2024 21:13:09
AR00300,จันทร์ญาพานิชย์,อ.สร้างคอม,,,,,,,7/30/2024 21:13:09
AR00301,เที่ยงโภชนา (1),,935488094,ไม่เกิน 18.00น.,,https://goo.gl/maps/GRpze93YUqGRJ1sZ9,,"17.049451, 102.925968",7/30/2024 21:13:09
AR00302,ขายหน้าร้านปีใหม่2562,,,,,,,,7/30/2024 21:13:09
AR00303,เอเชีย มินิมาท,,,,,,,,7/30/2024 21:13:09
AR00304,ทิพวรรณ,,,,,,,,7/30/2024 21:13:09
AR00305,ร้านรินทอง,,,,,,,,7/30/2024 21:13:09
AR00306,เพ็ญธิชา พานิชย์,,,,,,,,7/30/2024 21:13:09
AR00308,เจ้ด่วน ดวน ด่วน ด้วน ด๊วน ด๋วน,,935576964,,,https://maps.app.goo.gl/KjW5crZQGrZF3bSb6,,"17.070961, 102.856442",7/30/2024 21:13:09
AR00309,ประชารัฐ ศรีธาตุ,,,,,,,,7/30/2024 21:13:09
AR00310,น.ส.อนงค์ ภูนิโรจน์ (พี่จุ๋มจิ๋ม) (2),115 หมู่6 ต.ตาดทอง อ.ศรีธาตุ จ.อุดรธานี 41230,950509803,ไม่เกิน 20.00น,,https://goo.gl/maps/oUqhGJwapgxU6ZFX9,,"17.028224, 103.062573",7/30/2024 21:13:09
AR00311,สุภาพรพาณิชย์ (3),ห้วยเกิ้ง,0652795659/ไลน์,ไม่เกิน 18.00น.,,https://goo.gl/maps/j4ziUbDQsWUX1y3S8,,"17.057792, 102.919989",7/30/2024 21:13:09
AR00312,ป๋าคาราบาว (5),,0857433387/แอพ+ไลน์,ไม่เกิน 19.00น,,https://goo.gl/maps/njLggcXcNwVzHjga8,,"17.177651, 102.943989",7/30/2024 21:13:09
AR00314,แม่ทอง บ้านหมากบ้า (5),,994645968,,,https://goo.gl/maps/pg2D4DcoC4S9TVCj6,,"17.201141, 102.972021",7/30/2024 21:13:09
AR00315,สหกร ม.8 อุ่มจาน,,,,,,,,7/30/2024 21:13:09
AR00316,TH-715 ค่าใช้จ่ายพระคุณกุดยาง,,,,,,,,7/30/2024 21:13:09
AR00317,เกษตรนิยม 2018 (5),ประจักษ์,0890018632/ไลน์,ไม่เกิน 17.00น,,https://goo.gl/maps/CXs8Qn4uvmqj9X12A,,"17.262061, 103.007957",7/30/2024 21:13:09
AR00319,ธนาคารออมสิน สาขากุมภวาปี,93 หมู่9 ต. กุมภวาปี อ.กุมภวาปี จ.อุดรธานี 41110,,,,,,,7/30/2024 21:13:09
AR00320,แม่พร อุ่มจาน,,655084859,,,,,,7/30/2024 21:13:09
AR00321,ประชารัฐทับกุง หมู่3,,933733526,ไม่เกิน18.00น.,,,,,7/30/2024 21:13:09
AR00322,717 โนนสะอาด,,,,,,,,7/30/2024 21:13:09
AR00323,ศรีธาตุ ประชารัฐ,,,,,,,,7/30/2024 21:13:09
AR00324,พ่อดิษ ท่าสี,,,,,,,,7/30/2024 21:13:09
AR00325,พ่อแหลม ท่าสี,,,,,,,,7/30/2024 21:13:09
AR00327,น้องก้อง ทับไฮ(1),สามแยกต้นมะขามใหญ่,614547131,,,https://goo.gl/maps/yXgXBpJxEMF4AwvC7,,,7/30/2024 21:13:09
AR00328,พี่หมี,,,,,,,,7/30/2024 21:13:09
AR00329,น้าแสง บ้านบุ่งหมากลาน (1),,924390096,ไม่เกิน 16.30น.,,https://goo.gl/maps/2hHo74eApC8qJch58,,"17.066792, 102.889403",7/30/2024 21:13:09
AR00330,แม่จัน ทับไฮ (1),,951723350,ไม่เกิน 15.00น,,https://goo.gl/maps/m33XAbQyvTyGw1359,,"17.109982, 102.778011",7/30/2024 21:13:09
AR00331,พี่จอย ทับไฮ (1),,879387728,,,,,,7/30/2024 21:13:09
AR00332,แม่สี ท่าสี (1),,886048748,ไม่เกิน 20.00น.,,https://goo.gl/maps/c6825P4xLeBKcjiC6,,"17.130661, 102.783032",7/30/2024 21:13:09
AR00333,นภาภรณ์,,,,,,,,7/30/2024 21:13:09
AR00334,แม่อ่อน ท่าคันโท (4),,801694360,ไม่เกิน 18.00น.,,,,,7/30/2024 21:13:09
AR00335,ผ.อ. คลัง,,,,,,,,7/30/2024 21:13:09
AR00336,พี่หนา,,859244557,,,https://goo.gl/maps/uAAC7AcgcbNmhybM6,,"17.142187, 102.965142",7/30/2024 21:13:09
AR00337,วัดโพธิ์ศรีสว่าง( 0856451935),,,,,,,,7/30/2024 21:13:09
AR00338,สหการบ้านดอนคง (5),,,ไม่เกิน 19.00น,,,,"17.409638, 102.803046",7/30/2024 21:13:09
AR00339,รัศมี พาณิชย์,194 ม.7 ต.นางิ้ว อ.เขาสวนกวาง จ.ขอนแก่น,812060836,,,,,,7/30/2024 21:13:09
AR00340,วัดลำดวน (092-8922643 พระครูสุจิตร),,,,,,,,7/30/2024 21:13:09
AR00341,คุณจักรพรรดิ ไชยสาส์น,,,,,,,,7/30/2024 21:13:09
AR00343,นางรัศมี กุระกนก (รัศมีการค้า),145 ม.5 ต.ตูมใต้ อ.กุมภวาปี จ.อุดรธานี 41370,,,,,,,7/30/2024 21:13:09
AR00344,วัดบ้านกงพาน,,621958823,,,,,,7/30/2024 21:13:09
AR00346,ชาววัง,,,,,,,,7/30/2024 21:13:09
AR00347,ยายพงษ์ น้ำฆ้อง,,,,,,,,7/30/2024 21:13:09
AR00348,แม่อำพัน (1),,808532760,ไม่เกิน 19.00น.,,https://goo.gl/maps/94HnFFnCp5ZmwPtP9,,"17.037562, 102.859946",7/30/2024 21:13:09
AR00350,ไพสุดา ประสานโชค,,,,,,,,7/30/2024 21:13:09
AR00351,ร้าน ประชารัฐชุมชนบ้านไทรงาม ม.6,209 ม.6 บ้านไร่ ต.ตาดทอง อ.ศรีธาตุ จ.อุดรฯ 41230,942926995,,,https://goo.gl/maps/oqirPoWogwFHFQ3w6,,"17.212248, 103.009512",7/30/2024 21:13:09
AR00352,วัดโพธิ์,,817392257,,,,,,7/30/2024 21:13:09
AR00353,แม่กรกมล สงเปลือย(5),,"9,948,918,250,892,340,000",,,"17.19000397768163, 102.93494089653421",,"17.190004, 102.934941",7/30/2024 21:13:09
AR00354,รักษ์คณา พาณิชย์,251 หมู่ 7 บ.นาเหล่า ต.หนองกุงศรี อ.โนนสะอาด จ.อุดรธานี 41240,923123928,สะดวกรับสินได้ไม่เกิน 19.00น.,,https://goo.gl/maps/cJmVEZofh475kqDf7,,"17.055830, 102.785996",7/30/2024 21:13:09
AR00355,คูสวัสดิ์,,887353500,,,https://goo.gl/maps/6izHzfYA7MEmBNWm6,,"17.130423, 102.964856",7/30/2024 21:13:09
AR00356,นาตยา ศรีวงษา,ตูมใต้,986399775,,,,,,7/30/2024 21:13:09
AR00357,ห้างหุ้นส่วนจำกัดแจ่วฮ้อนบ้านสวนโนนสะอาด (2),31 หมู่2 ต.โนนสะอาด อ.โนนสะอาด จ.อุดรธานี 41240 ต.โนนสะอาด อ.โนนสะอาด จ.อุดรธานี 41240,042392107/0897153860,สะดวกรับสินค้าไม่เกิน 21.00น.,,https://goo.gl/maps/HfCgnMJaVV2YajRW7,,"16.981822, 102.893316",7/30/2024 21:13:09
AR00358,แม่กอง นาเหล่า (1),,968590956,ไม่เกิน 19.00น,,https://goo.gl/maps/wCwMmh3iYGeoZwwb8,,"17.057082, 102.786000",7/30/2024 21:13:09
AR00359,สหกรป่าเปลือย,,,,,,,,7/30/2024 21:13:09
AR00360,แม่เยาว์,,,,,,,,7/30/2024 21:13:09
AR00361,แม่สายจันทร์ ห้วยยาง (1),,0810506795/สั่งเอง,ไม่เกิน 18.00น,,https://goo.gl/maps/1q3oxg7WarFMVZbR6,,"17.046062, 102.841021",7/30/2024 21:13:09
AR00362,Return,,,,,,,,7/30/2024 21:13:09
AR00364,ร้านนภัสสรพาณิชย์,77 ม.10 บ้านวังน้ำทิพย์ ต.โนนสมบูรณ์ อ.เขาสวนกวาง จ.ขอนแก่น 40280,,,,,,,7/30/2024 21:13:09
AR00365,บ.อุดรเปเปอร์ รีไซเคิล จำกัด,,,,,,,,7/30/2024 21:13:09
AR00366,น้องทิว,,,,,,,,7/30/2024 21:13:09
AR00367,พี่แอ๋น บ้านหมากบ้า,,,,,,,,7/30/2024 21:13:09
AR00368,น้องปลื้มบ้านน้ำเที่ยง,,653167876,,,,,,7/30/2024 21:13:09
AR00369,แม่ประนม อ.หนองแสง,,933392347,,,,,,7/30/2024 21:13:09
AR00370,ออปออ คลาสสิก [พี่กี้],127 บ้านนาดี ต ผาสุก อ.กุมภวาปี จ อุดรธานี 43170,810220621,ไม่เกิน19.00น.,,https://goo.gl/maps/NHpt1FngNW26opJr9,,"17.199613, 102.929979",7/30/2024 21:13:09
AR00371,ร้านแม่วิไล,42 ม.2 บ.โนนสะอาด ต.โนนสะอาด อ.โนนสะอาด จ.อุดรธานี,655361993,,,,,,7/30/2024 21:13:09
AR00372,ประณีพานิชย์ (แม่ตุ๋ย บ้านนาเหล่า) (1),165 บ.นาเหล่า ต.หนองกุงศรี อ.โนนสะอาด จ.อุดรธานี 41240,935203110,ไม่เกิน 16.00น,,https://goo.gl/maps/r1kCZLkNptxsuhSk9,,"17.061772, 102.787043",7/30/2024 21:13:09
AR00373,พี่โอ๋ ทับกุง,,611367786,,,,,,7/30/2024 21:13:09
AR00374,แม่บล บุ่งหมากลาน,,651104152,,,,,,7/30/2024 21:13:09
AR00376,เฮียสมชายน้ำพอง,,,,,,,,7/30/2024 21:13:09
AR00377,แม่วันเพ็ญ,บ้านดงสามสิบ,642420911,,,,,,7/30/2024 21:13:09
AR00378,แม่แพงศรี,บ้านดงสามสิบ,883129546,,,,,,7/30/2024 21:13:09
AR00379,พรพรรณ,บ้านสี่แจ,966849001,,,,,,7/30/2024 21:13:09
AR00380,พี่เนตร,,,,,,,,7/30/2024 21:13:09
AR00381,พ่อทองพูน ขันคำหมื่น,บ้านสี่แจ,935485491,,,,,,7/30/2024 21:13:09
AR00382,ยายแป๋ว,,,,,,,,7/30/2024 21:13:09
AR00383,แม่หอม ทับกุง (1),,610895793,ไม่เกิน 19.00น.,,https://goo.gl/maps/ZPR76Hpi5FQV1u4A9,,"17.168572, 102.776000",7/30/2024 21:13:09
AR00384,วัฒนชัย,,,,,,,,7/30/2024 21:13:09
AR00385,ยายน้อย บ้านหนองหญ้า,095-5639063,,,,,,,7/30/2024 21:13:09
AR00386,นาง อฤทชรา ลือคำหาญ,118 ม.10 43170,09342574180811837613,,,,,,7/30/2024 21:13:09
AR00387,ร้านค้าชุมชนโคกข่า ม.8(3),ม.8 ต.บ้านโปร่ง อ.ศรีธาตุ จ.อุดรธานี 41230,0828393195,,,,,"17.000085, 103.112628",7/30/2024 21:13:09
AR00388,นายอุทัย โยลา,,08524987410641145001,,,,,,7/30/2024 21:13:09
AR00389,ร้าน นวลสวาทการค้า (2),28 หมู่3 ต. ทมนางาม อ.โนนสะอาด จ. อุดรธานี ต.ทมนางาม อ.โนนสะอาด จ.อุดรธานี 41240,833323659,,,https://goo.gl/maps/aWceVTjHxusMRB1H6,,"16.909303, 103.001989",7/30/2024 21:13:09
AR00390,แม่ตุ่น บ้านไผ่ (1),,801782005,ไม่เกิน 18.00น.,,https://goo.gl/maps/Q8dHHiFzFe6xWrzh9,,"17.107972, 102.978021",7/30/2024 21:13:09
AR00391,สวัสดี กู่แก้ว,,,,,,,,7/30/2024 21:13:09
AR00392,ห้างหุ้นส่วนจำกัด ศรีธาตุสโตร์ บลูแฟลก (สำนักงานใหญ่)(3),เลขที่ 171 หมู่ 8 ตำบลศรีธาตุ อำเภอศรีธาตุ จังหวัดอุดรธานี 41230,0895768484​/0956705678แอพ+ไลน์,ไม่เกิน 18.00น.,,https://goo.gl/maps/jQTxuojXB6B7LuJu6,,"16.974738, 103.221058",7/30/2024 21:13:09
AR00393,บ้านหมอโม,,,,,,,,7/30/2024 21:13:09
AR00394,แม่บาน ม.3 บ้านกุดขนวน,,800507448,,,,,,7/30/2024 21:13:09
AR00395,กุหลาบการค้า (1),เลขที่11 หมู่11 ต.หนองกุงศรี อ.โนนสะอาด จ.อุดรธานี,0810918943/ไลน์,ไม่เกิน 19.00น.,,https://goo.gl/maps/NcH7AZ7bq429kSjv5,,"17.061731, 102.786957",7/30/2024 21:13:09
AR00396,น้องปาร์ม โคกใหญ่โนนม่วง(3),182หมู่6 ต.จำปี อ.ศรีธาตุ .อุดรธานี 41230,988141272,,,https://goo.gl/maps/VPSW7ZzS3dLsrVpQ8,,"17.072113, 103.187011",7/30/2024 21:13:09
AR00397,แม่อุบล ข้าง สุภาพร (1),,0931853295/0930493854,ไม่เกิน 19.00น.,,,,,7/30/2024 21:13:09
AR00398,พงษ์พานิชย์ เมืองปัง (5),,650467083,ไม่เกิน16.00น,,https://goo.gl/maps/USjPrxACe7TfQxhM9,,"17.222141, 103.078968",7/30/2024 21:13:09
AR00399,น้องแบงค์,,,,,,,,7/30/2024 21:13:09
AR00400,แม่ลำดวนสุจินดา,บ้านตูมกลาง 111 หมู่2 ต.ตูมใต้ อ.กุมภวาปี จ.อุดรธานี,833404714,,,,,,7/30/2024 21:13:09
AR00401,วิทยาลัยเทคโนโลยีอีสานเหนือ2 กุมภวาปี (1),128 หมู่ 5 ตำบลตูมใต้ อำเภอกุมภวาปี จังหวัดอุดรธานี 41110,,,,https://maps.app.goo.gl/ihHvNiV3HaFdQdHX8,,"17.086053, 102.934528",7/30/2024 21:13:09
AR00403,แม่ เฉลี่ยว ท่าลี,,,,,,,,7/30/2024 21:13:09
AR00404,แม่เฉลี่ยว,,,,,,,,7/30/2024 21:13:09
AR00405,โรงงานเกษตรผล,,856598572,,,,,,7/30/2024 21:13:09
AR00406,วัดบ้านหมากบ้า,,817392980,,,,,,7/30/2024 21:13:09
AR00407,บริษัท เล้งเส็ง จำกัด สำนักงานใหญ่,1865/9 ถ.รัฐพัฒนา ต.ธาตุเชิงชุม อ.เมือง จ.สกลนคร 47000,,,,,,,7/30/2024 21:13:09
AR00408,แม่ถาวร โนนสะอาด (2),,611144655,ไม่เกิน19.00น.,,,,,7/30/2024 21:13:09
AR00409,แม่ลี หนองเหี้ย (1),,0800056890/0812593705,ไม่เกิน 18.00น.,,https://goo.gl/maps/S9H2K9ULvCvC5vAUA,,"17.020498, 102.950290",7/30/2024 21:13:09
AR00410,วัชระค้าส่ง ท่าลี่ (2),,0935478918/0826641779,ไม่เกิน 19.00น.,,https://goo.gl/maps/vFxKnCkKzEwEWSrC7,,"16.962931, 103.073989",7/30/2024 21:13:09
AR00412,นางอภิศร เฮงสัจจะกุล (ร้านตาตุ่ยการเกษตร) (1),288 หมู่ที่4 ตำบลแสงสว่าง อำเภอหนองแสง จังหวัดอุดรธานี,0816346632/ไลน์,ไม่เกิน 18.00น,,https://maps.app.goo.gl/w41LmEh6HvxviG1S9,,"17.102716, 102.775699",7/30/2024 21:13:09
AR00413,แม่บุญ บ้านกุดขอนแก่น,,643033205,,,,,,7/30/2024 21:13:09
AR00414,แม่บุญเพ็ง กุดขอนแก่น,,643033205,,,,,,7/30/2024 21:13:09
AR00416,อึ่ง ดอนแก้ว,96 หมู่15 บ้านดอนแก้ว ต.กุมภวาปี อ.กุมภวาปี,0894515069,,,,,"17.133389, 103.017821",7/30/2024 21:13:09
AR00417,แม่บัวทอง บ้านหมากบ้า,,859251756,,,,,,7/30/2024 21:13:09
AR00418,แม่กอง บ้านหนองหญ้า (1),,610717742,ไม่เกิน 19.00น.,,https://goo.gl/maps/2W3ex8CjwJvkgW2WA,,"17.033290, 102.873914",7/30/2024 21:13:09
AR00419,สนธิพันธตระกูลพาณิชย์ (พ่อสน เก่า (1),26ม.9ต.ทับกุงอ.หนองแสงจ.อุดรธานี,872263597,ไม่เกิน 18.00น.,,https://goo.gl/maps/uovDupNMqz2WUBfFA,,"17.154667, 102.788989",7/30/2024 21:13:09
AR00420,นางสาวณัฐธิดา กิติราช (ร้านณัฐธิดาการค้า) (3),280 หมู่ที่ 4 ตำบลแชแล อำเภอกุมภวาปี จังหวัดอุดรธานี,987138160,ไม่เกิน18.00น.,,https://maps.app.goo.gl/5dGZN2RLrL83ueqU9,,"17.174184, 103.080127",7/30/2024 21:13:09
AR00421,ลำใย นิคม,234 ม.6 ต.ตูมใต้ อ.กมภวาปี จ.อุดรธานี,847915818,,,,,,7/30/2024 21:13:09
AR00422,อุดรการเกษตร,,,,,,,,7/30/2024 21:13:09
AR00423,ชาบู ตรงข้าม โลตัส,,866309933,,,,,,7/30/2024 21:13:09
AR00424,พี่กุ้ง (1),,0810721442/ไลน์,ไม่เกิน 18.00น.,,,,,7/30/2024 21:13:09
AR00425,แม่หน่อย บ้านสงเปลือย (5),,913599480,ไม่เกิน18.00น.,,https://goo.gl/maps/vgsjnAgYtWYKmHAcA,,"17.183526, 102.901957",7/30/2024 21:13:09
AR00427,พี่หมีปะโค(ญาติเขียว),,,,,,,,7/30/2024 21:13:09
AR00428,แม่สายพิน ดงเมือง หมู่ 8 (1),,849556360,ไม่เกิน 16.00น.,,https://goo.gl/maps/htK77iytqw6itUdB8,,"17.113833, 103.011445",7/30/2024 21:13:09
AR00429,นเรศ สอนกลาง,โพสง่า,656688309,,,,,,7/30/2024 21:13:09
AR00430,ประชารัฐ โคกหนองแวง ม.5 (3),รหัสกองหนุน 41090605 หมู่5 ตำบลนายูง อำเภอศรีธาตุ จังหวัดอุดรธานี 41230,0820415899/0816623094,ไม่เกิน 17.00น,,https://goo.gl/maps/9s5gQkCQpFbyM3X36,,"16.967241, 103.267968",7/30/2024 21:13:09
AR00431,แม่พะยอม,,,,,,,,7/30/2024 21:13:09
AR00432,แม่นาง บ้านสามเหลี่ยม,,842191953,,,https://goo.gl/maps/2sLoWRq5jKdvYAtB8,,"17.172087, 102.800936",7/30/2024 21:13:09
AR00433,มะลิวัลย์โนนสะอาด,,,,,,,,7/30/2024 21:13:09
AR00434,ทอแสงกระนวน,,,,,,,,7/30/2024 21:13:09
AR00435,โรงเรียนบ้านปะโค,ต.ปะโค อ.กุมภวาปี จ.อุดรธานี,806301092,,,,,,7/30/2024 21:13:09
AR00436,แม่วิลัย,,,,,,,,7/30/2024 21:13:09
AR00437,น้องสาม โนนสะอาด,,856363655,,,,,,7/30/2024 21:13:09
AR00438,แม่แหลม บ้าน บุ่งหมากลาน,,617080495,,,,,,7/30/2024 21:13:09
AR00439,อู่ซ่อมรถสัญญาการช่าง,,958043487,,,,,,7/30/2024 21:13:09
AR00440,แม่ไล บุ่งหมากลาน ม.4 (1),,0981215749,,,https://goo.gl/maps/SS9e3NkPwnyAmHEm9,,"17.069120, 102.886979",7/30/2024 21:13:09
AR00441,ร้านพี่นาย C P T (1),36 ม.2 ต.ปะโค อ.กุมภวาปี จ.อุดรธานี,886097694,ไม่เกิน 19.00น.,,https://goo.gl/maps/2YcD9UTE2eSRRCyq9,,"17.018810, 102.890013",7/30/2024 21:13:09
AR00442,สหการค้า,,817087876,,,https://goo.gl/maps/TBAqbeNRXPMzQpf96,,"17.130614, 102.965265",7/30/2024 21:13:09
AR00443,พี่อ้อ (นัด),,,,,,,,7/30/2024 21:13:09
AR00444,ร้านค้าชุมชนบ้านโนนทอง หมู่ 3,ต.หนองกุงศรี อ.โนนสะอาด จ.อุดรธานี 41240,925715825,,,https://goo.gl/maps/J6jcr8fqLX6sCFQB9,,"17.039092, 102.771435",7/30/2024 21:13:09
AR00445,หจก.เครือเกษตรท่าลี่ (2),137 หมู่บ้านท่าลี่ หมู่ที่ 4 ตำบลท่าลี่ อ.กุมภวาปี จ.อุดรธานี,933966664,ไม่เกิน 19.00น.,,https://maps.app.goo.gl/CHWDeEkUPK69jhZj9,,"16.961856, 103.068965",7/30/2024 21:13:09
AR00446,แม่บาน เสริมสวย ภูฟ้า เลิกขาย,,815458633,,,,,,7/30/2024 21:13:09
AR00447,บ้านปะโค,,,,,,,,7/30/2024 21:13:09
AR00448,พี่ปัดเซลเอส-26,,,,,,,,7/30/2024 21:13:09
AR00449,เฮียแอดขอนแก่น,,,,,,,,7/30/2024 21:13:09
AR00450,อาจารย์ เกรียงศักดิ์ พิมรินทร์,,819540567,,,,,,7/30/2024 21:13:09
AR00451,พี่เปีย (5),ดอนคง,878545789,ไม่เกิน 19.00น,,https://goo.gl/maps/k3BacpLDwvxF5HNRA,,"17.219131, 103.073000",7/30/2024 21:13:09
AR00452,บริษัท กว่างซี คอนสตรัคชั่น เอ็นจิเนียริ่งกรุ๊ป ยีอาน(ประเทศไทย) จำกัด สำนักงานใหญ่(1),เลขที่ 538 อาคารแกรนด์ ชั้น5 ถนนรัชดาภิเษก แขวงสามเสนนอก เขตห้วยขวาง กทม. 10310,025415391/ไลน์,25415392,,,,,7/30/2024 21:13:09
AR00453,บริษัท ฉาง หยิง ค้าไม้ จำกัด[สำนักงานใหญ่],1 ม.4 ต.พันดอน อ.กุมภวาปี จ.อุดรธานี 41370,,,,,,,7/30/2024 21:13:09
AR00454,บริษัท น้ำตาลเกษตรผล จำกัด(สาขาที่ 1),เลขที่9 หมู่9 ต.ปะโค อ.กุมภวาปี จ.อุดรธานี 41370,042398480/093-2819084,,,,,,7/30/2024 21:13:09
AR00455,หลังดับเพลิงรร.กุมภวา,,,,,,,,7/30/2024 21:13:09
AR00456,ร้านค้าชุมชน บ.โคกกลางน้อย,,,,,,,,7/30/2024 21:13:09
AR00457,นางย้อย อาจพรม (แม่ย้อย บะยาว) (2),232 ม.8 บ.บะยาว ต.บุ่งแก้ว อ.โนนสะอาด จ.อุดรธานี 41240,862410042,ไม่เกิน 19.00น.,,https://maps.app.goo.gl/SuiKAFFRzfBGvUH29,,"16.947852, 103.020954",7/30/2024 21:13:09
AR00458,ชลดา,205 หมู่ 12 ต.พันดอน อ.กุมภวาปี จ.อุดรธานี 41370,832873310,,,,,,7/30/2024 21:13:09
AR00459,ได้รับเงินจากคณะกรรมการหมู่บ้าน บ้านนาดี ม.1,,,,,,,,7/30/2024 21:13:09
AR00460,ได้รับเงินจากคณะกรรมการหมู่บ้าน บ้านดงเรือง ม.2,,,,,,,,7/30/2024 21:13:09
AR00461,ได้รับเงินจากคณะกรรมการหมู่บ้าน บ้านสี่แจ ม.3,,,,,,,,7/30/2024 21:13:09
AR00462,ได้รับเงินจากคณะกรรมการหมู่บ้าน บ้านสร้างบง ม.4,,,,,,,,7/30/2024 21:13:09
AR00463,ได้รับเงินจากคณะกรรมการหมู่บ้าน บ้านสี่แจ ม.5,,,,,,,,7/30/2024 21:13:09
AR00464,ได้รับเงินจากคณะกรรมการหมู่บ้าน บ้านหนองแวง ม.6,,,,,,,,7/30/2024 21:13:09
AR00465,ได้รับเงินจากคณะกรรมการหมู่บ้าน บ้านหนองแวง ม.7,,,,,,,,7/30/2024 21:13:09
AR00466,ได้รับเงินจากคณะกรรมการหมู่บ้าน บ้านดงเรือง ม.8,,,,,,,,7/30/2024 21:13:09
AR00467,ร้าน ส.เจริญรุ่ง สี่แยกขาวัว (5),,817390598,ไม่เกิน16.00น.,,https://goo.gl/maps/AB1gV6dg2cudoQNq6,,"17.254341, 103.116989",7/30/2024 21:13:09
AR00468,ได้รับเงินจากคระกรรมการหมู่บ้าน โนนผาสุก หมู่ 9,,,,,,,,7/30/2024 21:13:09
AR00469,ได้รับเงินจากคณะกรรมการหมู่บ้าน สี่แจ หมู่ 10,,,,,,,,7/30/2024 21:13:09
AR00470,โรงเรียนบ้านผักตบประชานุกูล,158 ม. 10 บ้านผักตบ ต.ผักตบ อ. หนองหาน จ.อุดรธานี 41130,42149067,,,,,,7/30/2024 21:13:09
AR00472,ร.ร.บ้านเชียงแหว,หมู่ 1 ต.เชียงแหว อ. กุมภวาปี จ. อุดรธานี,,,,,,,7/30/2024 21:13:09
AR00473,ปรารถนา ศรีทอง (โคกสง่ามาร์เก็ต),197 ม.5 ต.หัวยสามพาด อ.ประจักษ์ จ. อุดรธานี 41110,0862319830(ห้ามโทรเดี่ยวสั่งเอง),,,https://maps.app.goo.gl/DQng89Qi6kqeuDMW8,,"17.230376, 102.947120",7/30/2024 21:13:09
AR00474,บริษัท สไตรค์ ฟอร์ส จำกัด (สำนักงานใหญ่),เลขที่18 ซ.กรุงเทพกรีฑา 33 แยก 1 แขวงทับช้าง เขตสพานสูง กรุงเทพฯ 10250,23683133,23683461,,,,,7/30/2024 21:13:09
AR00475,บริษัท ขุนพลปิโตรเลี่ยม จำกัด,194/1 ม.3 ตำบลตูมใต้ อำเภอกุมภวาปี จังหวัดอุดรธานี 41110,,,,,,,7/30/2024 21:13:09
AR00476,ชิมช้อปใช้,,,,,,,,7/30/2024 21:13:09
AR00477,นางอำนวย งามศิริสมสกุล (สกุลไทย) (2),191 หมู่ 2 ต.โนนสะอาด อ.โนนสะอาด จ.อุดรธานี 41240,801786363,,,https://goo.gl/maps/SLHExUgQJDapkdWZA,,"16.968321, 102.893882",7/30/2024 21:13:09
AR00478,ชนิดา ศรีพันดอน,,,,,,,,7/30/2024 21:13:09
AR00479,แม่พันธ์ สี่แยก นาแบก,,982454595,,,,,,7/30/2024 21:13:09
AR00480,พี่อ้อ นาเหล่า,,,,,,,,7/30/2024 21:13:09
AR00481,แม่อื๋อ บ้านโพธิ์สง่า (1),,917912097,ไม่เกิน 18.00น.,,https://goo.gl/maps/W9rbS8NzDhcwbEY57,,"17.095169, 103.002021",7/30/2024 21:13:09
AR00482,พี่เอ๋ ตรงข้าม วัดโพธิ์สง่า (1),211 หมุ่ 14 บ้านโพสง่า ต.กุมภวาปี อ.กุมภวาปี จ.อุดรธานี 41110,0610974056,,,https://maps.app.goo.gl/8UVNNdfift3yUnkP7,,"17.097090, 103.006254",7/30/2024 21:13:09
AR00483,ร้านตรีภูมิการค้า (1),263 หมู่ 1 ต.หนองหว้า อ.กุมภวาปี จ.อุดรธานี 41110,909626965,ปิดร้านทุกวันอาทิตย์,,https://goo.gl/maps/suKaMoTk9BbGvN8x7,,"17.044997, 102.961000",7/30/2024 21:13:09
AR00484,นายจักรพรรดิ ไชยสาส์น,111 ม. 1 ต. พันดอน อ. กุมภวาปี จ. อุดรธานี 41370,,,,,,,7/30/2024 21:13:09
AR00485,น้องพอต โนนสะอาด,,0959511017/0983201787,รับสินค้าหน้าร้าน 15.00น.,,,,,7/30/2024 21:13:09
AR00486,บริษัท วิวัตน์กสิกิจ จำกัด,21/32 ซ.ศาลาธรรมสพน์ 14 แขวงศาลาธรรมสพน์ เขตทวีวัฒนา กรุงเทพฯ 10170,,,,,,,7/30/2024 21:13:09
AR00487,โรงเรียนบ้านสี่แจ,หมู่3 ตำบล ผาสุก อำเภอ กุมภวาปี จังหวัด อุดรธานี 41370,,,,,,,7/30/2024 21:13:09
AR00488,รุ่งนภาบ้านปะโค,,648508748,,,,,,7/30/2024 21:13:09
AR00489,ยายพาด,,872183705,,,,,,7/30/2024 21:13:09
AR00490,นาง วาระนีย์ สมบูรณ์,298 หมู่ที่ 12 ตำบล หัวนาคำ อำเภอ ศรีธาตุ จังหวัดอุดรธานี,807598434,,,,,,7/30/2024 21:13:09
AR00491,แม่สุภาพ หนองโก,,878671917,,,,,,7/30/2024 21:13:09
AR00492,หจก.ไพสิฐปิโตรเลียม,183 หมู่ 5 ตำบลตูมใต้ อำเภอกุมภวาปี จังหวัดอุดรธานี 41110,885643044,,,,,,7/30/2024 21:13:09
AR00493,โรงงานน้ำตาลเกษตรผล,เลขที่9 หมู่9 ต.ปะโค อ.กุมภวาปี จ.อุดรธานี 41370 สาขาที่ 1 ต.พันดอน อ.กุมภวาปี จ.อุดรธานี 41370,0800122679,,,https://maps.app.goo.gl/WS2u9tgEoDyV5ber7,,"17.049074, 102.922145",7/30/2024 21:13:09
AR00494,วิทยาลัยเทคนิคกาญจนาภิเษกอุดรธานี,7 ถ.อุดร-ขอนแก่น ต.หนองไผ่ อ.เมือง จ. อุดรธานี 41330,42295547,,,,,,7/30/2024 21:13:09
AR00495,พ่อสม สุนทอง อุ่มจาน(5),,0807538577/หน้าร้าน,,,,,"17.233079, 103.047295",7/30/2024 21:13:09
AR00496,บริษัท สไตรค์ ฟอร์ส จำกัด (สำนักงานใหญ่) เลขที่ 18 ซ. กรุงเทพกรีฑา 33 แยก 1 แขวงทับช้าง เขตสะพานสูง กรุงเทพฯ 10250,,,,,,,,7/30/2024 21:13:09
AR00498,พ่อทองใบ บะยาว (2),,899407108,ไม่เกิน 19.00 น,,,,,7/30/2024 21:13:09
AR00499,ศรีธาตุแกส(เฮียโต้ง2),,833603114,รับสินค้าเองหน้าร้าน 11.00น.,,,,"17.128800, 102.964675",7/30/2024 21:13:09
AR00500,บริษัท ตั้งฮั่วไถ่ (1999) จำกัด,203-203/1-3 ถ.ประจักษ์ศิลปาคม ต.หมากแข้ง อ.เมือง จ.อุดรธานี 41000,,,,,,,7/30/2024 21:13:09
AR00501,พี่ปลา บ้านท่าลี่,103 ม.14 ต.ท่าลี่ อ.กุมภวาปี จ.อุดรธานี,929499388,,,,,,7/30/2024 21:13:09
AR00502,ร้านภาเจริญ,339 ม.2 บ้านโนนสะอาด ต.โนนสะอาด อ.โนนสะอาด จ.อุดรธานี 41240,42392011,,,,,,7/30/2024 21:13:09
AR00503,ร้านอันจัง บ้านนาแบก,,826047028,,,,,,7/30/2024 21:13:09
AR00504,พี่น้อง บ้านไซยงาม,,924456962,,,,,,7/30/2024 21:13:09
AR00505,นางสาวฉวีวรรณ์ เวอร์บิค (ตะวันเงิน) (1),110 หมู่ที่6 ตำบลแสงสว่าง อำเภอหนองแสง จังหวัดอุดรธานี,0922501526/ไลน์,ไม่เกิน 20.00น.,,,,,7/30/2024 21:13:09
AR00506,พี่จุ๊บแจง,ข้างโรงงานน้ำตาลห้วยเกิ้ง,933243614,,,,,,7/30/2024 21:13:09
AR00508,เมืองปัง หมู่3,,,,,,,,7/30/2024 21:13:09
AR00509,ร้านทรัพย์ธานี,225 ม.15 ต.พันดอน อ.กุมภวาปี จ.อุดรธานี 41370,,,,,,,7/30/2024 21:13:09
AR00510,เจ้นิว ศรีธาตุ,,,,,,,,7/30/2024 21:13:09
AR00511,ร้านไพบูลย์มินิมาร์ท,อ.ประจักษ์ศิลปาคม,898787866,ไม่เกิน 19.00 น,,https://goo.gl/maps/JiEauxiWhgPXfysU6,,"17.215956, 102.937968",7/30/2024 21:13:09
AR00512,นับตัง,,,,,,,,7/30/2024 21:13:09
AR00513,กอบกิจ,,,,,,,,7/30/2024 21:13:09
AR00514,แม่สาย ทับกุง (1),,611436824,ไม่เกิน 16.00,,https://maps.app.goo.gl/5Typ4ygMM8H8Sftd7,,"17.173904, 102.769404",7/30/2024 21:13:09
AR00515,แม่ม้วย บะยาว (2),บ้านบะยาว,847952368,ไม่เกิน 19.00น.,,https://goo.gl/maps/B29JLDyn7buox1DJ8,,"16.947341, 103.016989",7/30/2024 21:13:09
AR00516,ปอกอล์ฟ ปลีก/ส่ง,482/14 หมู่ที่ 2 ต.โนนสะอาด อ.โนนสะอาด จ.อุดรธานี,852354849,,,,,,7/30/2024 21:13:09
AR00517,บจก. เอื้อปัญญาทรานสปอร์ต (2004),407 ม.4 ต.พันดอน อ.กุมภวาปี จ.อุดรธานี 41370 ต.พันดอน อ.กุมภวาปี จ.อุดรธานี 41370,,,,,,"17.131374, 102.944006",7/30/2024 21:13:09
AR00518,พี่นก บ.หนองโก,,0930601889/แอพ+ไลน์,ไม่เกิน 20.00น.,,https://goo.gl/maps/3zQgb5FNZEk83map7,,"16.949859, 103.000000",7/30/2024 21:13:09
AR00519,พ่อ ศุภชัย บ้านสงเปลือย,,894188655,,,,,,7/30/2024 21:13:09
AR00520,ศุภเสก การค้า,,,,,,,,7/30/2024 21:13:09
AR00522,รร.กุมภวาปีพิทยาสรรค์,292 ม.19 ต.พันดอน อ.กุมภวาปี จ.อุดรธานี 41370,,,,,,,7/30/2024 21:13:09
AR00523,พี่เก๋ โนนสะอาด ยกเลิกใช้พี่เก๋ สีออ,,614458571,,,,,,7/30/2024 21:13:09
AR00524,ครูอุ๋ย วิทยาลัยการอาชีพ กุมวาปี,,981028547,,,,,,7/30/2024 21:13:09
AR00525,ร้านเต็มศิริ นาฝาย (1),85 ม.2 ต.นาดี อ.หนองแสง จ.อุดรธานี 41340,862395590,ไม่เกิน 19.30น.,,https://goo.gl/maps/zkXytvdZ64L5sYr48,,"17.084720, 102.855989",7/30/2024 21:13:09
AR00526,บริษัท เชาวน์ดี อีสาน จำกัด,261 หมู่ 8 ตำบล เวียงคำ อำเภอ กุมภวาปี จังหวัด อุดรธานี 41110,,,,,,,7/30/2024 21:13:09
AR00527,ถุงทองการค้า(โรงแป้ง)(3),,934744820,,,,,,7/30/2024 21:13:09
AR00528,ไก่ย่างผาสุก,,857597295,,,,,,7/30/2024 21:13:09
AR00529,บริษัท ขุนพลพาณิชย์ (2018) จำกัด,237/4 ม.11 ต.คำม่วง อ.เขาสวนกวาง จ.ขอนแก่น 40280,610307143,,,https://goo.gl/maps/PyyKoNagXmwqTAcr9,,"16.847545, 102.855482",7/30/2024 21:13:09
AR00530,บริษัท โค้วน่ำเซ้ง ออโต้ลีส จำกัด,449 หมู่4 ต.พันดอน อ. กุมภวาปี จ. อุดรธานี 41110,,,,,,,7/30/2024 21:13:09
AR00531,แม่แว๋ว,,943081115,,,,,,7/30/2024 21:13:09
AR00532,ร้านพี่น้อย ทับกุง (1),,819746968,ไม่เกิน 15.00น,,https://goo.gl/maps/UgUF9BbfGiCCbnru6,,"17.168043, 102.775000",7/30/2024 21:13:09
AR00533,บริษัท ดีเคเอสเอช [ประเทศไทย] จำกัด,2535 ถ.สุขุมวิท แขวงบางจาก เขตพระโขนง กทม 10260,,,,,,,7/30/2024 21:13:09
AR00534,พี่น้ำ ท่ายม,,653147034,,,,,,7/30/2024 21:13:09
AR00535,ร้านนานา ดงเรือง,,857597295,,,,,,7/30/2024 21:13:09
AR00536,หจก.เฮียบหงวนมิลเลอร์ สาขาที่ 00008,11 หมู่ 14 ต.พันดอน อ.กุมภวาปี จ.อุดรธานี 41370,42331999,042-331212,,,,,7/30/2024 21:13:09
AR00537,โรงเรียนบ้านหนองแสง,ต.หนองแสง อ.หนองแสง จ. อุดรธานี 41340,,,,,,,7/30/2024 21:13:09
AR00538,พ่อทูล โนนจำปา-นาเหล่า,บ้านโนนจำปา น่าเหล่า 098-657-2976,986572976,,,,,,7/30/2024 21:13:09
AR00539,อบต.โพธิ์ศรีสำราญ,ม.3 ต.โพธิ์ศรีสำราญ อ.โนนสะอาด จ.อุดรธานี 41240,42133033,089-5698991,,,,,7/30/2024 21:13:09
AR00540,แม่เสถียร เนตรภักดี,บ้านโนนสิมมา,896208953,,,,,,7/30/2024 21:13:09
AR00541,วัดโพธิ์สีสว่าง บ้านตูมใต้,,856451935,,,,,,7/30/2024 21:13:09
AR00542,ร้านโฟกัส มินิมาร์ท (3),232 หมู่ 5 ต.ศรีธาตุ,968810180,ไม่เกิน 19.00น,,https://goo.gl/maps/X5N1XXi1iXKqVWAZ6,,"17.017368, 103.212892",7/30/2024 21:13:09
AR00543,อ้อ หนองกวาง,,,,,,,,7/30/2024 21:13:09
AR00544,นุ ท่าลี่ (2),,828704329,ไม่เกิน 19.00น,,https://maps.app.goo.gl/2629YKRdhMeHXQ9S6,,"16.963981, 103.079750",7/30/2024 21:13:09
AR00545,บริษัท แฟลช เอ็กซ์เพรส จำกัด (สำนักงานใหญ่) 184/233 และ 18/235 อาคารฟอรั่ม ทาวเวอร์ ชั้่น 34 และ 36 ถนนรัชดาภิเษก แขวงห้วยขวาง เขตห้วยขวาง กรุงเทพมหานคร 10310 โทร 02-168-2700,,,,,,,,7/30/2024 21:13:09
AR00546,บริษัท สไตรค์ ฟอร์ส จำกัด (สำนักงานใหญ่ ),เลขที่ 18 ซอย กรุงเทพกรีฑา 33 แยก 1 แขวงทับช้าง อ.เขตสะพานสูง จ.กรุงเทพมหานคร,23683133,,,,,,7/30/2024 21:13:09
AR00547,บริษัท เมืองไทยแคปปิตอล จำกัด (มหาชน),332/1 ถ.จรัญสนิทวงศ์ แขวงบางพลัด เขตบางพลัด กรุงเทพมหานคร 10700 ต.บางอ้อ อ.เขตบางพลัด จ.กรุงเทพมหานคร,028801033/024838888,,,,,,7/30/2024 21:13:09
AR00548,หจก.ดีเอ็นเอ ออกาไนเซอร์ กรุ๊ป,106 หมู่5 ตำบลจำปาโมง อำเภอบ้านผือ จังหวัดอุดรธานี 41160,,,,,,,7/30/2024 21:13:09
AR00549,หจก.ส.วิวัฒน์การสุรา,396 ม.13 ถ.แชแล ต.กุมภวาปี อ.กุมภวาปี จ.อุดรธานี,,,,,,,7/30/2024 21:13:09
AR00550,บริษัท โตโยต้า ชิณณ์ นนท์ อุดรธานี จำกัด,999 ถ.เลี่ยงเมืองหนองคาย-สกลนคร ต.หมากแข้ง อ.เมืองอุดรธานี จ.อุดรธานี,,,,,,,7/30/2024 21:13:09
AR00551,ท็อป,,,,,,,,7/30/2024 21:13:09
AR00552,แม่จันทร์ บ้านหัวขัว(1),,984320889,ไม่เกิน17.00น.,,https://goo.gl/maps/o8gwBf6BkqQzq1or9,,"17.063710, 102.896979",7/30/2024 21:13:09
AR00553,เฮียจ่อยคอกไก่,,,,,,,,7/30/2024 21:13:09
AR00554,สหการ บ้านโนนเขวา ท่าลี่ (2),บ้านเลขที่ 341 ม.8 ต.สีออ อ.กุมภวาปี จ.อุดรธานี,0986644767,,,https://maps.app.goo.gl/npkKhgspfyrDejea6,,"16.997347, 103.025656",7/30/2024 21:13:09
AR00555,การไฟฟ้าฝ่ายผลิตแห่งประเทศไทย 110/50หมู่ 17 ถ.มิตรภาพ ต.ในเมือง อ.เมือง จ.ขอนก่อน,,,,,,,,7/30/2024 21:13:09
AR00556,แม่ไข่ อุ่มจาน (ร้านลูก) (5),,826065406,ไม่เกิน 20.00น,,https://goo.gl/maps/sLaUn3HG1sNnSo43A,,"17.234431, 103.042968",7/30/2024 21:13:09
AR00557,วรรณ ห้วยเกิ้ง,,922501526,,,,,,7/30/2024 21:13:09
AR00558,บริษัท ป้อมพลัง จำกัด สำนักงานใหญ่,6 ม.15 ต.ศิลา อ.เมืองขอนแก่น จ.ขอนแก่น 40000,,,,,,,7/30/2024 21:13:09
AR00559,วัดจินดาราษฎร์บำรุง[ห้วยเกิ้ง],123/1 ต.ห้วยเกิ้ง อ.กุมภวาปี,0942826339 พี่ต้อม,,,,,"16.990334, 102.894625",7/30/2024 21:13:09
AR00560,วัดโพธิ์ชัย(พระใหญ่),,982282253,,,,,,7/30/2024 21:13:09
AR00561,เพแซ่บเวอร์ บุ่งหมากลาน,,617055185,,,,,,7/30/2024 21:13:09
AR00562,สาวิกาค้าขาย (2),72 หมู่8 ต.ทมนางาม อ.โนนสะอาด จ.อุดรธานี,860812236,,,https://goo.gl/maps/yHbMPY3hYybVJFZt8,,"16.911884, 102.999936",7/30/2024 21:13:09
AR00563,จ่าพัฒน์ โนนสววค์,,982373766,,,,,,7/30/2024 21:13:09
AR00564,พี่ปุ๊กคนสวย,,808184621,,,,,,7/30/2024 21:13:09
AR00565,สำนักงานประกันสังคมจังหวัดอุดรธานี,สาขากุมภวาปี 253/5-6 ต.กุมภวาปี อ.กุมภวาปี จ.อุดรธานี 41110,,,,,,,7/30/2024 21:13:09
AR00566,นาย ศุภกิจ เมฆสุวรรณ 223/91 หมู่ที่ 7 ต. คลองสวนพลู อ.พระนครศรีอยุธยา จ.พระนครศรีอยุธยา 13000,,,,,,,,7/30/2024 21:13:09
AR9900001,หจก. อุดรอาชากรุ๊ป,99/9 ม.6 ซ.บ้านเดื่อ ต.หมากแข้ง อ.เมือง จ.อุดรธานี 41000,,,,,,,7/30/2024 21:13:09
AR9900002,บริษัท ศักดิ์สยามลิสซิ่ง จำกัด (มหาชน) สาขาที่ 301 312/8-9 ม.4 ต.พันดอน อ.กุมภวาปี จ.อุดรธานี 41370,,,,,,,,7/30/2024 21:13:09
AR9900003,บริษัท ศักดิ์สยามลิสซิ่ง จำกัด (มหาชน) สาขาที่ 301,,,,,,,,7/30/2024 21:13:09
AR9900004,บริษัท ศักดิ์สยามลิสซิ่ง จำกัด (มหาชน) สาขาที่ 301 312/8-9 ม.4 ต.พันดอน อ.กุมภวาปี จ.อุดธานี 41370,,,,,,,,7/30/2024 21:13:09
AR9900005,ธ.ก.ส.สาขาพันดอน 60 หมู่ 15 ถ.กุมภวาปี-ศรีธาตุ อ.กุมภวาปี จ.อุดรธานี 41370,,,,,,,,7/30/2024 21:13:09
AR9900006,ธ.ก.ส.สาขากุมภวาปี,31 ม.9 ถ.แชแล ต.กุมภวาปี อ.กุมภวาปี จ.อุดรธานี,42202729,,,,,,7/30/2024 21:13:09
AR9900007,การประปาส่วนภูมิภาค สาขา กุมภวาปี สาขาที่ 00138 [ยกเลิกใช้],777 หมู่ที่ 15 ถนนพิศาลสารกิจ ต.พันดอน อ.กุมภวาปี จ.อุดรธานี,,,,,,,7/30/2024 21:13:09
AR9900008,การประปาส่วนภูมิภาค สาขากุมภวาปี สาขาที่ 00138,777 หมู่ที่ 15 ถนนพิศาลสารกิจ ตำบลพันดอน อำเภอกุมภวาปี จังหวัดอุดรธานี ต.พันดอน อ.กุมภวาปี จ.อุดรธานี,,,,,,,7/30/2024 21:13:09
AR9900010,วัดทุ่งสว่างวณาราม พันดอน,,905708139,,,,,,7/30/2024 21:13:09
AR9900011,ยา เมืองปัง(ร้านก๋วยเตี๋ยว),,811292739,,,,,,7/30/2024 21:13:09
AR9900014,นางสาววรรณวิสา หอมอ้ม (เจ้จูโคกข่า),113 หมู่ที่8 ตำบลบ้านโปร่ง อำเภอศรีธาตุ จังหวัดอุดรธานี,093-4352651/061-6684229,,,https://maps.app.goo.gl/8xQzRNDd79f1wG347,,"17.001763, 103.115875",7/30/2024 21:13:09
AR9900015,วัดเกียรติไพรบูลย์ พันดอน หมู่ 4 บ้านวาปี ต.พันดอน อ.กุมภวาปี จ.อุดรธานี 41370,,972138197,,,,,,7/30/2024 21:13:09
AR9900016,เอส พี ช้อป ศรีธาตุ,,981679927,,,,,,7/30/2024 21:13:09
AR9900017,บริษัท ปิโตรเลียมไทย คอร์ปอเรชั่น จำกัด สาขา กุมภวาปี 6 39 ม3 ต ผาสุก อ กุมภวาปี จ อุดรธานี 41370,,,,,,,,7/30/2024 21:13:09
AR9900018,แม่ทิพย์,065-6274911,656274911,,,,,,7/30/2024 21:13:09
AR9900020,ร้านค้าชุมชนบ้านท่าสี (1),,0830353548/แอพ+ไลน์,ปิดทุกวันที่ 25 ของทุกเดือน,,https://goo.gl/maps/hNzTw7UGPPnfgpSE7,,"17.128788, 102.783087",7/30/2024 21:13:09
AR9900021,น้องโบว์พานิชย์ (1),บ้านบุ่งหมากลาน,862242548,ไม่เกิน18.00น.,,,,,7/30/2024 21:13:09
AR9900024,สหกร ออมทรัพย์ โพนทอง หมู่12,,611598580,,,,,,7/30/2024 21:13:09
AR9900025,เบบี้เฟิสท์ มาร์ท (5),182 หมู่ 3 บ.ดอนม่วง ต.นาม่วง อ.ประจักษ์ศิลปาคม จ.อุดาธานี 41110,872203412,ไม่เกิน 18.00น.,,https://goo.gl/maps/tCDU18FjR8boX48NA,,"17.267510, 103.000968",7/30/2024 21:13:09
AR9900026,นายปฏิภาน ทาแก้ว,,,,,,,,7/30/2024 21:13:09
AR9900027,อุดมศักดิ์ บ้านกุดจิก,,,,,,,,7/30/2024 21:13:09
AR9900028,แม่เกด บุ่งหมากลาน,,871215883,,,,,,7/30/2024 21:13:09
AR9900030,เกรียงศักดิ์ ศรีธาตุ(3),,0864815342/ไลน์,ไม่เกิน 18.00น,,https://goo.gl/maps/akKHdWWWXqTyrauf6,,"16.976231, 103.216021",7/30/2024 21:13:09
AR9900031,บริษัท เอ็มจี มอเตอร์ อุดรธานี จำกัด,909 หมู่4 ต.บ้านจั่น อ.เมืองอุดรธานี จ.อุดรธานี 41000,42292755,042-292266,,,,,7/30/2024 21:13:09
AR9900032,แม่ประไพ กุดจิก (1),,967716909,ไม่เกิน20.00น.,,https://goo.gl/maps/KKw1uCw3tdqUgYWz6,,"17.041394, 102.961979",7/30/2024 21:13:09
AR9900033,น้ำ หนองโก,,,,,,,,7/30/2024 21:13:09
AR9900034,แม่นาง ก๋วยเตี๋ยวนาเหล่า(1),,929503318,,,https://goo.gl/maps/WDhN5dNtA5jDxWdf8,,"17.057831, 102.786021",7/30/2024 21:13:09
AR9900035,วารินทร์ จิตรชุ่ม (วารินทร์ บ้านไผ่)(1),128 ม.1 ต.ตูมใต้ อ.กุมภวาปี จ.อุดรธานี 41110,950085644,สะดวกไม่เกิน 16.00,,https://goo.gl/maps/Pj9cGBwiYzXiebWf8,,"17.109352, 102.977021",7/30/2024 21:13:09
AR9900036,โบ้,,910483734,,,,,,7/30/2024 21:13:09
AR9900037,แม่ประคอง กุดจิก (1),,925849635,ไม่เกิน18.00น.,,https://goo.gl/maps/hu2oqSeC8JBwjoPG9,,"17.042962, 102.962000",7/30/2024 21:13:09
AR9900038,นายนิสิต จันทร์พินิจ [ร้านต้นคูณ โคกสว่าง],84 หมู่ที่ 2 ตำบลหนองแสง อำเภอหนองแสง จังหวัดอุดรธานี,610731560,ไม่เกิน 19.00น.,,https://goo.gl/maps/X6JdAQkMPVtEgLeQ7,,"17.187977, 102.842088",7/30/2024 21:13:09
AR9900039,ทองรัก โนนสะอาด,,611123852,,,,,,7/30/2024 21:13:09
AR9900040,ห้างหุ้นส่วนจำกัด อาชา เวิลด์,272/11 ซ.ทองคำเจริญ ถ.อดุลยเดช ต.หมากแข้ง อ.เมืองอุดรธานี จ.อุดรธานี 41000,,,,,,,7/30/2024 21:13:09
AR9900041,บริษัท ทีโอที จำกัด (มหาชน) สาขาที่ 00149 เลขที่ 21/68 ถ.วัฒนานุวงศ์ ต.หมากแข้ง อ.เมือง จ.อุดรธานี 41000,,,,,,,,7/30/2024 21:13:09
AR9900042,แม่พลอย เกิ้งน้อย (1),,986367913,ไม่เกิน 18.00น.,,https://goo.gl/maps/kUHNSoW5Fk7BtGw9A,,"17.028790, 102.906946",7/30/2024 21:13:09
AR9900043,สุกัญญา แสนโภชน์ (ร้านภูชิต มินิมาร์ท) (5),44/12 บ้าน.โพนทอง ต.อุ่มจาน อ.กิ่งประจักษ์ศิลปาคม จ.อุดรธานี,956577164,ไม่เกิน 19.00น.,,https://goo.gl/maps/iQUyfvdHKV3yrPFGA,,"17.240561, 103.065000",7/30/2024 21:13:09
AR9900044,ห้างหุ้นส่วนจำกัด บลูเฮ้าส์ แพ็กเกจจิ้ง สำนักงานใหญ่ 229หมู่ที่16 ตำบลพันดอน อำเภอกุมภวาปี จังหวัดอุดรธานี 41370,,,,,,,,7/30/2024 21:13:09
AR9900045,เรือนไทย รีสอร์ท บ้านท่ายม(1),,805644282,,,,,,7/30/2024 21:13:09
AR9900046,แม่บังอร บ้านห้วยเกิ้ง,,840285970,,,,,,7/30/2024 21:13:09
AR9900047,ต๋อม เมืองปัง,,846645961,,,,,,7/30/2024 21:13:09
AR9900048,โรงเรียนบ้านดงน้อย,75 ม.2 บ.ดงน้อย ต.ปะโค อ.กุมภวาปี จ.อุดรธานี 41370,,,,,,,7/30/2024 21:13:09
AR9900049,บริษัท ราชสีมา พี.ดี.ซี จำกัด [สาขาที่ 00002],308/2 ม.4 ต.บ้านจั่น อ.เมืองอุดรธานี จ.อุดรธานี 41000,,,,,,,7/30/2024 21:13:09
AR9900050,ร้านน้ำแข็ง หนองแสง ในตลาด,,819746968,,,,,,7/30/2024 21:13:09
AR9900051,บริษัท อุดรเกษมสินทรัพย์ จำกัด,487/5-10 ม.1 ถ.นิตโย ต.หมากแข้ง อ.เมือง จ.อุดรธานี 41000,,,,,,,7/30/2024 21:13:09
AR9900054,ช.อาชา (5),,639708439,,,https://goo.gl/maps/kptodoce8cGj35RT6,,"17.220420, 103.076946",7/30/2024 21:13:09
AR9900055,น้ำหนึ่ง มินิมาร์ท,,,,,,,,7/30/2024 21:13:09
AR9900056,น.ส.มาลี พิมพานันท์ (ร้านมาลี)(1),26/3 ม.3 ต. กุมภวาปี อ.กุมภวาปี จ.อุดรธานี 41110,0810600749/ไลน์,,,,,,7/30/2024 21:13:09
AR9900057,บริษัท รักบ้านเกิด อินเตอร์เทรดดิ้ง จำกัด อ.เมืองอุดรธานี จ.อุดรธานี 41000,,,,,,,,7/30/2024 21:13:09
AR9900058,น้องภูมิ,,945653457,,,,,,7/30/2024 21:13:09
AR9900059,ร้านนพเก้า (ป๋าต๋อสวนลิง),,858533628,สะดวกรับสินค้าไม่เกิน14.00น.,,https://maps.app.goo.gl/o9zxAF8SNkdY3WF56,,"17.110986, 103.017450",7/30/2024 21:13:09
AR9900061,สหการ สีออ (2),,0936804139,ไม่เกิน 17.00น.,,https://goo.gl/maps/5CsVXChaPF7HYWDi6,,"16.999551, 103.053000",7/30/2024 21:13:09
AR9900062,ฟองเบียร์(4),หมู่1 ต.กุดจิก อ.ท่าคันโท จ.กาฬสินธุ์ 46190,863951970,,,https://maps.app.goo.gl/6ZA55HPmfxercDCx7,,"16.944996, 103.180057",7/30/2024 21:13:09
AR9900063,ร้านธารทวีทรัพย์ (3),59 ม.13 ต.จำปี อ.ศรีธาตุ จ.อุดรธานี,0878550341/ไลน์,,,https://goo.gl/maps/rKFtodJUgC4aEr8d8,,"16.983351, 103.181957",7/30/2024 21:13:09
AR9900064,บจก. ก.เกียรติ ชัยพัฒนาขนส่ง,,,,,,,,7/30/2024 21:13:09
AR9900065,แม่น้อย แสงทอง,,864980576,,,,,,7/30/2024 21:13:09
AR9900066,บริษัท ขอนแก่นพานิชย์ จำกัด (สำนักงานใหญ่),789 หมู่12 ต.พระลับ อ.เมืองขอนแก่น จ.ขอนแก่น 40000,439151234,043-915123-4,,,,,7/30/2024 21:13:09
AR9900067,เจ้เจี้ยบ นาฝาย (1),,0635741987/0854537722,ไม่เกิน 18.00น.,,https://goo.gl/maps/wzegBUoDoLm4qFUP8,,"17.083377, 102.858000",7/30/2024 21:13:09
AR9900068,แม่พัด ข้างยายปราณี,,807218049,,,,,,7/30/2024 21:13:09
AR9900069,ร้านบ่อทอง (พี่เก๋ บ้านสีออ) (2),บ้านโคกสว่าง ต.สีออ อ.กุมภวาปี ค่ะ,653364381,ไม่เกิน 17.00น,,https://goo.gl/maps/kWED8b3W3uUjaFvT9,,"16.995910, 103.051011",7/30/2024 21:13:09
AR9900070,ร้านสุกัญญา สร้างบง (5),,880608471,,,https://goo.gl/maps/ts7LZ85nikyDhRUP6,,"17.200851, 102.943011",7/30/2024 21:13:09
AR9900071,ศิริทรัพย์,,,,,,,,7/30/2024 21:13:09
AR9900072,ห้างหุ้นส่วนจำกัด บลูเฮ้าส์ แพ็กเกจจิ้ง สำนักงานใหญ๋ 229 หมู่ 16 ตำบลพันดอน อำเภอกุมภวาปี จังหวัดอุดรธานี 41370,,,,,,,,7/30/2024 21:13:09
AR9900073,ร้าน ผ่องศรี (5),,823037790,,,https://goo.gl/maps/4BLQvk7egZZjvVQP7,,"17.278820, 102.979979",7/30/2024 21:13:09
AR9900074,ร้านวันวาน (นายไวยากรณ์ อาจเอี่ยม) (3),299 หมู่ 12 บ้านกุงเจริญ ต.หัวนาคำ อ.ศรีธาตุ จ.อุดรธานี 41230,0800780893/แอพ+ไลน์,ไม่เกิน 18.00น.,,https://goo.gl/maps/pE2PPmCFbipsn3sz7,,"17.086685, 103.249221",7/30/2024 21:13:09
AR9900075,ป๋าถนอม,,982453599,,,,,,7/30/2024 21:13:09
AR9900076,ร้าน ต.ทรัพย์ทวี บ้านสีออ (2),,972062134,ไม่เกิน 17.00น.,,https://goo.gl/maps/W3P1jLK9uK3q6JHh6,,"16.998162, 103.052989",7/30/2024 21:13:09
AR9900077,วิทยาลัยการอาชีพกุมภวาปี (1),301 ม.1 ต.ปะโค อ.กุมภวาปี จ.อุดรธานี 41370,817399824,,,https://maps.app.goo.gl/s215X3MGSmHGSDtn9,,"17.116951, 102.943015",7/30/2024 21:13:09
AR9900078,ศรีเจริญชุปเปอร์,,,,,,,,7/30/2024 21:13:09
AR9900079,พี่เจี้ยบคาราบาว,,,,,,,,7/30/2024 21:13:09
AR9900080,ร้านปลาท่องโก๋เมืองใหม่,,979785108,,,,,,7/30/2024 21:13:09
AR9900081,บริษัท บี.เค.อาร์ มาร์เก็ตติ้ง จำกัด(สำนักงานใหญ่),343 ม.11 บ้านหนองลีหู ต.สามพร้าว อ.เมือง จ.อุดรธานี 41000,,,,,,,7/30/2024 21:13:09
AR9900082,นิคม โพธิรุกข์ บ้านบุ่งหมากลาน,,0985874745/0857604147,,,,,,7/30/2024 21:13:09
AR9900083,บริษัท ธันย์ แอนด์ ธี ทรานสปอร์ต จำกัด (สำนักงานใหญ่),ที่อยู่ 25/4 หมู่7 ตำบลคลองข่อย อำเภอปากเกร็ด จังหวัดนนทบุรี 11120,,,,,,,7/30/2024 21:13:09
AR9900084,อุษา เลฟเพิด (ฟองแฟ้บ),239 หมู่ที่ 12 ต.พันดอน อ.กุมภวาปี จ.อุดรธานี 41370,910635888,,,,,,7/30/2024 21:13:09
AR9900085,บริษัท คูโบต้า อุดรธานี จำกัด,299 ม.5 ต. หมากแข้ง อ. เมือง จ.อุดรธานี 41000,885499559,,,,,,7/30/2024 21:13:09
AR9900086,นางสาวณภัทรธินันท์ นาสูงชน (โรงสีบ้านหนองบัว)(1),69 หมู่4 ตำบลนาดี อำเภอหนองแสง จังหวัดอุดรธานี 41340,969038878,ไม่เกิน 20.00น.,,https://goo.gl/maps/5csgsL2UaoQPB3mx8,,"17.109851, 102.878011",7/30/2024 21:13:09
AR9900087,เจ้สาว,,,,,,,,7/30/2024 21:13:09
AR9900088,ตลาดกลางทุ่ง,,652622569,,,https://goo.gl/maps/aasLhmgERyqToFCk6,,"17.118905, 102.986305",7/30/2024 21:13:09
AR9900089,บริษัท เซลลูโลซิก ไบโอแมส เทคโนโลยี จำกัด (สาขา 00001) เลขที่ 73/6 หมู่ 11 ถนนโพนทอง ตำบลกุมภวาปี อำเภอกุมภวาปี จังหวัดอุดรธานี 41110,,,,,,,,7/30/2024 21:13:09
AR9900090,แก้ม [โกแพรว],,,,,,,,7/30/2024 21:13:09
AR9900091,ร้านซุปเปอร์บิ๊ก (นายวานิช อุปมะ)(3),201 หมู่ 3 ต.ศรีธาตุ อ.ศรีธาตุ จ.อุดรธานี 41230,,,,,,,7/30/2024 21:13:09
AR9900092,กัญญานาตย์ วิเศษโวหาร (ร้านมา ช็อป) (2),ที่อยู่ 161 หมู่ 13 ต.บุงแก้ว อ.โนนสะอาด จ.อุดรธานี 41240,868882761//0982768168,ไม่เกิน 19.00,,https://goo.gl/maps/BqNwtbRxWp2FLprU6,,"16.969631, 102.957021",7/30/2024 21:13:09
AR9900093,โรงเรียนสีออศิลปศาสตร์ (2),,,,,https://goo.gl/maps/7k1N1johznZGbJrh6,,"16.960208, 103.053066",7/30/2024 21:13:09
AR9900094,ร.ร อนุบาลกุมภวาปี,215 ม.15 ตำบลพันดอน อำเภอกุมภวาปี จังหวัดอุดรธานี 41370,,,,,,,7/30/2024 21:13:09
AR9900095,บริษัท ลีนา โฮเทล แอนด์ รีสอร์ท จำกัด (สำนักงานใหญ่),320 หมู่3 ต.ปะโค อ.กุมภวาปี จ.อุดรธานี 41370,,,,https://goo.gl/maps/CJRRKmg5MXLjtq6F8,,"17.052416, 102.917247",7/30/2024 21:13:09
AR9900096,สหการ หนองอุดม (2),,,ไม่เกิน17.00,,,,,7/30/2024 21:13:09
AR9900097,ซ้อฮอน,,,,,,,,7/30/2024 21:13:09
AR9900098,รุ่งโรจน์,,,,,,,,7/30/2024 21:13:09
AR9900099,มยุรฉัตร อุตโรกุล,,,,,,,,7/30/2024 21:13:09
AR9900100,ดวงดาว เจริญทรัพย์ (4),,934789919,ไม่เกิน 19.00น,,https://goo.gl/maps/15NBsWDiFdfeFYwC8,,"17.171231, 102.768936",7/30/2024 21:13:09
AR9900101,โรงเรียนบ้านวาปี,หมู่4 ต.พันดอน อ.กุมภวาปี จ.อุดรธานี 41370,,,,,,,7/30/2024 21:13:09
AR9900102,Lก.ฮ,อ.กุมภวาปี,08126255550812629999,,,https://goo.gl/maps/61hyuvh4G7NSsrkU7,,"17.112904, 103.010096",7/30/2024 21:13:09
AR9900103,พี่แก่น,,,,,,,,7/30/2024 21:13:09
AR9900104,หจก.วรรธนัย,,637375885,,,,,,7/30/2024 21:13:09
AR9900105,ร้านสุวรรณเจริญ (2),เลขที่ 52 หมู่ 4 บ้านหนองกวาง ต.สีออ อ.กุมภวาปี จ.อุดรธานี 41110,924350355,ไม่เกิน 18.00น,,,,,7/30/2024 21:13:09
AR9900106,ขุนเดช (ติดร้าน ซี.เค.เจริญยนต์ ยามาฮ่า ตรงข้ามโรงเรียนบ้านดงเมือง),4 หมู่9 ต.กุมภวาปี อ.กุมภวาปี จ.อุดรธานี 41110,878700001,,,https://www.google.com/maps/dir/%E0%B8%9A%E0%B8%A3%E0%B8%B4%E0%B8%A9%E0%B8%B1%E0%B8%97+%E0%B8%A7%E0%B8%B2%E0%B8%A7%E0%B8%B22559+%E0%B8%88%E0%B8%B3%E0%,,"17.111034, 103.016188",7/30/2024 21:13:09
AR9900107,รีสอร์ท แป้งหอม,,850006551,,,,,,7/30/2024 21:13:09
AR9900108,ครูอ๊อด (3),185 บ.ดอนแคน หมู่ที่ 12 ต.พันดอน อ.กุมภวาปี จ.อุดรธานี,813692215,,,https://goo.gl/maps/gdwAyAAR3NbYwAhZ9,,"17.147151, 102.966989",7/30/2024 21:13:09
AR9900109,แม่ดารา เหล่าหมากบ้า(3),,0868533803//0929982847,,,https://goo.gl/maps/Jpkwcd1myzL5GRx17,,"17.160425, 103.057989",7/30/2024 21:13:09
AR9900110,ร้าน จุฬา บ.ดอนเงิน,210 ม.10 ต.แชแล อ.กุมภวาปี จ.อุดรธานี,922923712,,,https://goo.gl/maps/NAA46Lc5yYvUoQxr6,,"17.155566, 103.072020",7/30/2024 21:13:09
AR9900111,โรงเรียนบ้านกุดขนวน,ต.บุ่งแก้ว อ.โนนสะอาด จ.อุดรธานี 41240,0854592159​ครูธัญกมล,,,,,,7/30/2024 21:13:09
AR9900112,บริษัท ท็อปเวิลด์ (2014) จำกัด (สำนักงานใหญ่),85/10 ถ.ทหาร ต.หมากแข้ง อ.เมืองอุดรธานี จ.อุดรธานี 41000 084/4166,,,,,,,7/30/2024 21:13:09
AR9900113,นานาพาณิชย์,อ.กุมภวาปี จ.อุดรธานี,897112883,,,https://goo.gl/maps/qY8rP3tci9S2tixEA,,"17.107419, 103.015506",7/30/2024 21:13:09
AR9900114,บริษัท พี.เอส.บี. จำกัด [สำนักงานใหญ่],"87/9 , 85 ถนนเสรีไทย แขวงคลองกุ่ม เขตบึงกุ่ม กรุงเทพฯ 10240 จ.กรุงเทพมหานคร 10240",20138888,,,,,,7/30/2024 21:13:09
AR9900115,ห้างหุ้นส่วนจำกัด พันดอน 2018 สำนักงานใหญ่,114 หมู่ 15 ต.พันดอน อ.กุมภวาปี จ.อุดรธานี 41370,,,,,,,7/30/2024 21:13:09
AR9900116,น้ำฝน โนนสำราญ (1),,651049906,ไม่เกิน 18.00น.,,https://goo.gl/maps/L1vF1rtBicUBncLf9,,"17.042661, 102.922011",7/30/2024 21:13:09
AR9900117,มรกต กันลา,,,,,,,,7/30/2024 21:13:09
AR9900118,รุจิรา การค้า (ยายตุ๋ย นาฝาย),เลขที่ 168 หมู่ 11 ต.นาดี อ.หนองแสง จ.อุดรธานี 41340,0849151346/หน้าร้าน,ไม่เกิน 19.30น.,,,,,7/30/2024 21:13:09
AR9900119,รร.บ้านหนองศรีเจริญ-หนองผึ้ง,ม.14 ต.พันดอน อ.กุมภวาปี จ.อุดรธานี 41370,902214016,,,,,,7/30/2024 21:13:09
AR9900120,แม่ยุ๋ย นาม่วง (5),บ้านนาม่วง ตำบลนาม่วง อำเภอประจักษ์ จังหวัดอุดรธานี,991341266,,,https://goo.gl/maps/Fg2LfW7nxxY8rLSS7,,"17.239199, 103.009213",7/30/2024 21:13:09
AR9900121,แม่ดำ บ้านปะโค,,895290521,,,,,,7/30/2024 21:13:09
AR9900123,ร้านหม่องแซ่บ (3),,924693829,ไม่เกิน18.00น.,,https://goo.gl/maps/xXtPSnzuyf2AH7oAA,,"17.071582, 103.186000",7/30/2024 21:13:09
AR9900124,ยายหนาน,,801748815,,,,,,7/30/2024 21:13:09
AR9900125,โรงเรียนบ้านวาปี,หมู่ 4 ตำบลพันดอน อำเภอกุมภวาปี จังหวัดอุดรธานี 41370,,,,,,,7/30/2024 21:13:09
AR9900126,โรงเรียนบ้านเสาเล้าผักชีศรีสวัสดิ์,168 หมู่ 5 ตำบลโพธฺิ์ศรีสำราญ อำเภอ โนนสะอาด จังหวัด อุดรธานี 41240,,,,,,,7/30/2024 21:13:09
AR9900128,อินนา คาเฟอิน,,,,,https://goo.gl/maps/VpSBrwDLDngzuTfh9,,"17.126472, 102.973297",7/30/2024 21:13:09
AR9900129,เจ้เล้ง,,,,,,,,7/30/2024 21:13:09
AR9900130,ร้านแดงน้อย บ้านตาด ศรีธาตุ,,0983645993/0989164514,,,,,,7/30/2024 21:13:09
AR9900131,ประภาศิริพานิชย์,ถนนมิตรภาพ บ้านเหมือดแอ ต.ปะโค อ.กุมภวาปี,653369665,,,,,,7/30/2024 21:13:09
AR9900132,ยายก้อม ก๋วยเตี๋ยว,บ้านดอนแคน,883339770,,,,,,7/30/2024 21:13:09
AR9900134,โรงเรียนห้วยเกิ้งพิทยาคาร,58 หมู่8 ตำบล ห้วยเกิ้ง อำเภอ กุมภวาปี จังหวัด อุดรธานี,,,,https://goo.gl/maps/DgmaDQLRZEd24Jtd7,,"17.048832, 102.922576",7/30/2024 21:13:09
AR9900135,แม่เกด โนนเชียงค้ำ,,838724287,,,,,,7/30/2024 21:13:09
AR9900136,ร้าน ช.ริท (แม่ครูเล็ก),,979645524,,,,,,7/30/2024 21:13:09
AR9900137,แม่ติ๋ม ทับกุง (1),,639533287,ไม่เกิน 18.00น.,,https://goo.gl/maps/uscP6qCZ9qnamSbAA,,"17.170220, 102.771925",7/30/2024 21:13:09
AR9900138,ร้านแตงโม (1),,0956647714/ไลน์,ไม่เกิน 20.00,,https://maps.app.goo.gl/vKcqxU6cZcrw8Vzz7,,"17.110069, 103.015012",7/30/2024 21:13:09
AR9900139,แม่รุ่งฤดี โนนรังสี,,0949433756/0904419566,,,,,,7/30/2024 21:13:09
AR9900140,99 ตั้งเจริญ,บ้านศรีสุข หมู่10 ต.ท่าลี่,934603880,,,,,,7/30/2024 21:13:09
AR9900141,บริษัท รุ่งเรืองอินเตอร์สว่างแดนดิน จำกัด (สำนักงานใหญ่) 505 หมู่ 11 ต. สว่างแดนดิน อ. สว่างแดนดิน จ. สกลนคร 47110,,,,,,,,7/30/2024 21:13:09
AR9900142,ร้านไทยเพียรการค้า(แม่อ้อย) (5),,833274899,ไม่เกิน 16.00 น.,,,,,7/30/2024 21:13:09
AR9900143,สมชายก่อนเข้าไพบูลย์,,0833558489/หน้าร้าน,,,,,,7/30/2024 21:13:09
AR9900144,โรงพยาบาลกุมภวาปี (1),97 ม.7 ถ.จิตรประสงค์ ต.กุมภวาปี อ.กุมภวาปี จ.อุดรธานี 41110,0621783429/ไลน์,ไม่เกิน17.00น.,,https://goo.gl/maps/r7n9GKHJ91bJLT9H8,,"17.104952, 103.021112",7/30/2024 21:13:09
AR9900145,ML..Shop,,810600749,,,,,,7/30/2024 21:13:09
AR9900146,นางเหรียญ ศรีชาทุม (เหรียญชัย) (1),25 หมู่3 บ้านท่าสี ต.แสงสว่าง อ.หนองแสง 41340,623213459,สะดวกรับสินค้าไม่เกิน 20.00น.,,,,,7/30/2024 21:13:09
AR9900147,สหการณ์ บ้านเหล่าหมากจันทร์,,872259728,,,"16.922110, 103.040625",,"16.922110, 103.040625",7/30/2024 21:13:09
AR9900148,หยก บ้านโปร่ง (3),,654373104,ไม่เกิน 17.00น,,https://goo.gl/maps/9Kd5v1v778fv6HRt5,,"17.008872, 103.115989",7/30/2024 21:13:09
AR9900149,กองทุนหมู่บ้านหนองแซง หมู่7 (4),ท่าคันโท,,ทุกเวลา,,,,,7/30/2024 21:13:09
AR9900150,ยายนง,,804752555,,,,,,7/30/2024 21:13:09
AR9900151,สหการ ท่าไฮ,,,,,,,,7/30/2024 21:13:09
AR9900152,บริษัท ยูโรสปอร์ตแอนด์มิตรภาพกรุ๊ป จำกัด (สำนักงานใหญ่),23 หมู่1 ตำบลโนนสะอาด อำเภอโนนสะอาด จังหวัดอุดรธานี 41240,,,,,,,7/30/2024 21:13:09
AR9900153,โรงเรียนทวิพัฒน์ (1),,0856395783/0959810131ไลน์สั่งเอง,,,https://goo.gl/maps/t3bTovxuL8Hzvfwr6,,"17.109641, 103.032000",7/30/2024 21:13:09
AR9900154,เดอะแมสเซนเจอร์,,931157604,,,,,,7/30/2024 21:13:09
AR9900155,บริษัท ปิโตเลียมไทยคอร์ปอเรชั่น จำกัด (สาขาที่ 00438) สาขากุมภวาปี 4 (440) 129 ม.1 ต.พันดอน อ.กุมภวาปี จ.อุดรธานี 41370,,,,,,,,7/30/2024 21:13:09
AR9900156,ยายทองศรี หนองลุมพุ,,880354967,ไม่เกิน 20.00น.,,https://goo.gl/maps/evQE19kAzDkpy83r7,,"17.278716, 102.981400",7/30/2024 21:13:09
AR9900158,ป๋าสมนึก,244 ม.15 ต.พันดอน อ.กุมภวาปี,836815284,,,,,"17.128481, 102.964713",7/30/2024 21:13:09
AR9900159,พี่วาสเบียช้าง,,,,,,,,7/30/2024 21:13:09
AR9900160,ระเบียงนพรัตน์,,,,,https://goo.gl/maps/56GY8KiC5w2YDJ3J9,,"17.122867, 102.978667",7/30/2024 21:13:09
AR9900161,สมบูรณ์ บริการ (5),ตำบล ห้วยสามพาด อำเภอ ประจักษ์ศิลปาคม อุดรธานี 41110,844283726,ไม่เกิน 20.00น.,,https://maps.app.goo.gl/qFa3z11gENmEtDDq5,,"17.228481, 102.942584",7/30/2024 21:13:09
AR9900162,กองทุนบ้านโนนจำปา,89 ม.2 ต.หนองกรุงศรี อ.โนนสะอาด จ.อุดรธานี 41240,815254982,ไม่เกิน18.00น.,,https://goo.gl/maps/gUXncQzBHvB7Etcn7,,"17.035235, 102.808782",7/30/2024 21:13:09
AR9900163,แม่บุญถม (1),ถนน รังษี ตำบล ห้วยเกิ้ง อำเภอกุมภวาปี อุดรธานี 41110,0894209227/ไลน์,ไม่เกิน 18.00น.,,https://goo.gl/maps/MD7pqbkxF6v2TUW38,,"17.055192, 102.921043",7/30/2024 21:13:09
AR9900165,ลุงเอ,,862260445,,,,,,7/30/2024 21:13:09
AR9900166,พี่นก บ้านนาฝาย,,928391755,,,,,,7/30/2024 21:13:09
AR9900169,บริษัท เมเจอร์ฟาร์ คอร์ปอเรชั่น จำกัด,130 ซอยบรมราชชนนี 39 ถนนบรมราชชนนี แขวงตลิ่นชัน เขตตลิ่นชัน กรุงเทพฯ 10170,,,,,,,7/30/2024 21:13:09
AR9900170,นางเบญจพร ภูบุตร,63 หมู่ 13 ต. ห้วยสามพาด อ. ประจักษ์ศิลปาคม จ.อุดรธานี 41110,,,,,,,7/30/2024 21:13:09
AR9900171,ห้างหุ้นส่วนจำกัด ดาราออโต้คาร์,216 หมู่ 3 ต.ปะโค อ.กุมภวาปี จ.อุดรธานี 41370,,,,,,,7/30/2024 21:13:09
AR9900172,น.ส.วรุณกาญจน์ เลิศรุจีศยานนท์,254 หมู่ 4 ต.พันดอน อ.กุมภวาปี จ.อุดรธานี 41370,,,,,,,7/30/2024 21:13:09
AR9900173,นางฉันทนา อ้วนแพง,58 หมู่19 ต.พันดอน อ.กุมภวาปี จ.อุดรธานี 41110,,,,,,,7/30/2024 21:13:09
AR9900174,ร้านเจียมจิตเฟอร์นิเจอร์ (3),320 หมู่ที่ 12 บ้านกุงเจริญ ต.หัวนาคำ อ.ศรีธาตุ จ.อุดรธานี 41230,0981381087/0864521082ไลน์,ไม่เกิน 18.00น.,,https://goo.gl/maps/1wj7Fk8fdpNibiTi7,,"17.073451, 103.249043",7/30/2024 21:13:09
AR9900175,ปั้มโชคชัย บ้านเหมือดแอ (1),,848311918,ไม่เกิน 18.00น,,https://maps.app.goo.gl/LNrNDMsHXz4fSd4A6,,"17.060920, 102.908624",7/30/2024 21:13:09
AR9900176,ร้านมิตรภาพ ธุรกิจค้าปลีก-ส่ง,,42110215,,,,,,7/30/2024 21:13:09
AR9900177,บริษัท ยูโร สปอร์ต แอนด์ มิตรภาพ กรุ๊ป จำกัด (สำนักงานใหญ่),23 หมู่ที่1 ถ.มิตรภาพอุดรฯ-ขอนแก่น ต.โนนสะอาด อ.โนนสะอาด จ.อุดรธานี รหัส 41240 41240,42110215,,,,,,7/30/2024 21:13:09
AR9900178,นายปิยะณัฐ เย้ยกระโทก,25 หมู่ที่ 5 ต.ผาสุก อ.กุมภวาปี จ.อุดรธานี 41370,,,,,,,7/30/2024 21:13:09
AR9900179,กองทุนหนองไผ่ล้อม (2),273 หมู่8 ต.ทมนางงาม อ.โนนสะอาด จ.อุดาธานี 41240,0819745091/ไลน์,,,https://goo.gl/maps/MPuSTwY4p71Dkmv7A,,"16.913231, 102.998979",7/30/2024 21:13:09
AR9900180,นาย อัครเดช แสนยากรณ์,441/8 หมู่ที่ 2 ต.หนองกระทุ่ม อ. เมืองนครราชสีมา จ.นครราชสีมา 30000,,,,,,,7/30/2024 21:13:09
AR9900181,นางชวน อุทะกัง,319 หมู่ที่ 6 ต.ตูมใต้ อ.กุมภวาปี จ.อุดรธานี 41110,,,,,,,7/30/2024 21:13:09
AR9900182,วิโรจน์ ศรีดาวาศ์ บ้านโปร่ง,,871506829,,,,,,7/30/2024 21:13:09
AR9900184,แม่เย็น-นาดีสร้างบง,,640848720,,,,,,7/30/2024 21:13:09
AR9900185,เสียงทอง วังสามหมอ,,0885375099**ปิดร้านชั่วคราว**,,,,,,7/30/2024 21:13:09
AR9900186,พี่อ้อย,,,,,,,,7/30/2024 21:13:09
AR9900187,นายทิชากร ทิพนัส (ออมอันการค้า)(3),136 หมู่ที่1 ตำบลบ้านโปร่ง อำเภอศรีธาตุ จังหวัดอุดรธานี 41230,0803299595/แอพ+ไลน์,,,https://goo.gl/maps/hX1BwJyfFKH6vL969,,"17.011526, 103.112946",7/30/2024 21:13:09
AR9900188,ไอติม โนนสะอาด,,845097749,,,,,,7/30/2024 21:13:09
AR9900189,ยายอ้วน บ.ดอนคง,75 หมู่ 2 บ้านดอนคง ต.อุ่มจาน อ.ประจักษ์ศิลปาคม จ.อุดรธานี 41110,924645481,,,https://goo.gl/maps/vTVK89Tv1UPZUob58,,"17.218961, 103.072979",7/30/2024 21:13:09
AR9900190,จิรวัตร,,862281723,,,,,,7/30/2024 21:13:09
AR9900191,ไผ่สีทอง บ้านนาเพ็ญ,,849019913,,,,,,7/30/2024 21:13:09
AR9900192,ทรัพย์รุ่งเรือง [ครูนาง],199 หมู่ที่ 1 ต.พันดอน อ.กุมภวาปี จ.อุดรธานี 41370,985852218,สะดวกรับไม่เกิน 18.00 น.,,https://goo.gl/maps/wViDwYFvCnuJ8ojA8,,"17.144021, 102.971593",7/30/2024 21:13:09
AR9900193,แทนไท บ้านกุงเก่า,,994604042,,,,,,7/30/2024 21:13:09
AR9900194,พี่ดาวบ้านนาดี,,621293307,,,,,,7/30/2024 21:13:09
AR9900196,ร้านสำราญ โนนสะอาด,,610748140,,,,,,7/30/2024 21:13:09
AR9900197,แม่อ๋อย บ้านตูมเหนือ,,642087670,,,,,,7/30/2024 21:13:09
AR9900198,น้องมาเล บ้านกงพาน,,863755292,,,,,,7/30/2024 21:13:09
AR9900199,ชยางกูรการค้าบ้านนาดี,,906161982,,,,,,7/30/2024 21:13:09
AR9900200,แม่นางทางพาด/รถเร่,,,,,,,,7/30/2024 21:13:09
AR9900201,แม่สมร บ้านหนองโก (2),,0988424405/ไลน์,,,https://maps.app.goo.gl/DgU8brG3QBj1vH5s9,,"16.948657, 102.998807",7/30/2024 21:13:09
AR9900202,คุณหญิงท่าคันโท (4),,611103304,,,,,,7/30/2024 21:13:09
AR9900203,พินทอง บ้านโนนต้อง (5),เลขที่116 หมู่8 ต.เสอเพลอ อ.กุมภวาปี จ.อุดรธานี,813208094,,,https://maps.app.goo.gl/h8fbffVY2G5zQoYT7,,"17.250878, 102.824725",7/30/2024 21:13:09
AR9900204,ครูบุญลือ,36 หมู่7 บ้านนาเหล่า ต.หนองกุงศรี อ.โนนสะอาด จ.อุดรธานี 41240,,,,,,,7/30/2024 21:13:09
AR9900205,พี่ต่าง,,847515146,,,,,,7/30/2024 21:13:09
AR9900206,แม่ราตรี บ้านเหล่ากกโพธุ์ (3),,872176095,ไม่เกิน18.00น.,,https://goo.gl/maps/PgfhL7qVyb1VUu8X7,,"17.166461, 103.095989",7/30/2024 21:13:09
AR9900207,น้องก้อย ห้วยเกิ้ง,,984948648,รับเอง 17.00น.,,,,,7/30/2024 21:13:09
AR9900208,ป้าวาดทางพาด,ซอย.โรงแรมเสริมสิริรีสอร์ท,0610675935,,,https://maps.app.goo.gl/rt93J1qRMh72bEqC6,,"17.132222, 102.944712",7/30/2024 21:13:09
AR9900209,ปลาร้านัวระเบิด,บ้านดงเรือง ต.พันดอน อ.กุมภวาปี จ.อุดรธานี,,,,,,,7/30/2024 21:13:09
AR9900210,แม่คำแต่ง บ้านหนองประเสริฐ,,862310517,,,,,,7/30/2024 21:13:09
AR9900211,พี&พี มินิมาร์ท,,955875997,,,,,,7/30/2024 21:13:09
AR9900212,ละมัย บ้านสีแจ,,866397492,,,,,,7/30/2024 21:13:09
AR9900213,แม่ติ๋มบ้านแสงสว่าง,,808035069,,,,,,7/30/2024 21:13:09
AR9900214,แสนสง่าการค้า (5),,,,,,,,7/30/2024 21:13:09
AR9900215,นางรัศมี สาทิพย์จันทร์,64 หมู่ที่3 ต.ผาสุก อ.กุมภวาปี จ.อุดรธานี 41370,,,,,,,7/30/2024 21:13:09
AR9900216,ร้านสุวรรณี บ้านโคกใหญ่ (3),,0958914682/0642959451,ไม่เกิน17.00น.,,https://goo.gl/maps/rGWpVHCKkc5923Mh7,,"17.075834, 103.186978",7/30/2024 21:13:09
AR9900217,ตาหมื่น นาดีสร้างบง (2),,0640848720/0819157880,ไม่เกิน 16.00 น,,https://goo.gl/maps/ndQi37gywHVEvWmB9,,"17.200650, 102.932979",7/30/2024 21:13:09
AR9900218,เสถียรซื้อปลาร้าไมล์,,,,,,,,7/30/2024 21:13:09
AR9900219,บริษัท หน้าม่าน จำกัด (สำนักงานใหญ่),22/69 หมู่ที่ 9 ตำบลบางตลาด อำเภอปากเกร็ด จังหวัดนนทบุรี 11120,,,,,,,7/30/2024 21:13:09
AR9900220,ยายเต่า โนนสะอาด,,980964248,,,,,,7/30/2024 21:13:09
AR9900221,แม่บุญเกิด ท่าลี่ (2),,,,,,,,7/30/2024 21:13:09
AR9900222,แม่ปิ๊ก บ้านเดียม (5),,856451890,ไม่เกิน 18.00 น.,,https://goo.gl/maps/Vx7joPQDWhErjBTc9,,"17.216805, 103.032985",7/30/2024 21:13:09
AR9900224,พีพี หน้าโรงเรียนสงเปลือย (5),,655054480,,,https://maps.app.goo.gl/uzyXsgoQE8SkvvRQ6,,"17.185237, 102.907905",7/30/2024 21:13:09
AR9900225,ตาอี๊ด กงพาน,,883143676,,,,,,7/30/2024 21:13:09
AR9900227,ร้านนภาพร โรงแป้ง(3),,0936620203/ไลน์สั่งเอง,,,,,,7/30/2024 21:13:09
AR9900228,ครูคอม โคกหนองแวง(3),,0855637574/ไลน์/ไม่ได้ขายของแล้ว,,,https://goo.gl/maps/N9c6aGkZ1EtHzatZ8,,"16.965831, 103.262979",7/30/2024 21:13:09
AR9900229,ต้นลำปาวทริป,,,,,,,,7/30/2024 21:13:09
AR9900230,หจก.เอ็นจิเนียริ่ง เซลแอนด์เซอร์วิส (สำนักงานใหญ่),189 ม.2 ต.นาดี อ.หนองแสง จ.อุดรธานี 41340,925285586,,,,,,7/30/2024 21:13:09
AR9900231,นาย สุภาพ อุทะกัง,102 หมู่ที่ 6 ต.ตูมใต้ อ.กุมภวาปี จ.อุดรธานี 41110,,,,,,,7/30/2024 21:13:09
AR9900232,นางพะเยาว์  ห่อลี,245 ม.6 ต.ตูมใต้ อ.กุมภวาปี จ.อุดรธานี,0818746224,,,https://maps.app.goo.gl/k82y9DMs9Va5a15K9,,"17.079426, 102.933936",7/30/2024 21:13:09
AR9900233,แม่ลี บ้านดอนแคน,,,,,,,,7/30/2024 21:13:09
AR9900234,พี่เป้,,801938712,,,,,,7/30/2024 21:13:09
AR9900235,นาง พัชนี เศษคึมบง 178 หมู่ที่ 8 ต.เวียงคำ อ. กุมภวาปี จ.อุดรธานี 41110,,,,,,,,7/30/2024 21:13:09
AR9900236,นาง พลูศรี จันโทพลัง,5 หมู่12 ต.กุมภวาปี จ.อุดรธานี 41110,,,,,,,7/30/2024 21:13:09
AR9900237,นาง ละมัย วิจิตรจันทร์,170 หมู่ที่ 2 ต.ห้วยเกิ้ง อ.กุมภวาปี จ.อุดรธานี 41110,,,,,,,7/30/2024 21:13:09
AR9900238,ห้างหุ้นส่วนจำกัด สมพรพานิช อุดร (สำนักงานใหญ่),79/16 หมู่ที่1 ตำบลหมากแข้ง อำเภอเมืองอุดรธานี จังหวัดอุดรธานี 41000,841154333,,,,,,7/30/2024 21:13:09
AR9900239,โรงเรียนบ้านนกขะบา,หมู่4 ต.เชียงเหว อ.กุมภวาปี จ.อุดรธานี 41110,,,,https://goo.gl/maps/LuAeemVRBS7DFzYU6,,"17.226048, 103.011957",7/30/2024 21:13:09
AR9900240,นางเพ็ญพร แก้วกาหลง,79 หมู่ที่ 9 ต. บ้านโปร่ง อ.ศรีธาตุ จ.อุดรธานี 41230,,,,,,,7/30/2024 21:13:09
AR9900241,บริษัท มัลติเฟส คอนเนค จำกัด (สำนักงานใหญ่),เลขที่ 44/18 ซอยลาดพร้าว 15 แยก11 ถนนลาดพร้าว แขวงจอมพล เขตจตุจักร กรุงเทพฯ 10900,,,,,,,7/30/2024 21:13:09
AR9900242,นาง สุปราณี ถนอมเทวศิริกุล,135 หมู่ที่ 5 ต.พันดอน อ.กุมภวาปี จ.อุดรธานี 41370,,,,,,,7/30/2024 21:13:09
AR9900243,99 รุ่งเรือง บ้านโคกผักหวาน (1),,634305569,ไม่เกิน 18.00น.,,https://goo.gl/maps/KuanXmUKm5ThFcC47,,"17.059221, 102.923011",7/30/2024 21:13:09
AR9900244,คลังเจริญ หนองแซง(4),,0910519267/0972283820,,,https://goo.gl/maps/n8WRY61F5ZxYYHRSA,,"16.857531, 103.267011",7/30/2024 21:13:09
AR9900245,โรงเรียนบ้านโนนเชียงค้ำ,หมู่2 ต.ทับกุง อ.หนองแสง จ.อุดรธานี 41340,,,,,,,7/30/2024 21:13:09
AR9900246,คุณเพ็ญสิริ ชูมา,214 หมู่4 ต.พันดอน อ.กุมภวาปี จ.อุดารธานี 41370,833600495,,,,,,7/30/2024 21:13:09
AR9900247,โรงเรียนหนองแสงวิทยาศึกษา,161 ม.7 ต. ทับกุง อ.หนองแสง จ.อุดรธานี 41340,,,,,,,7/30/2024 21:13:09
AR9900248,เมืองงามแสนสิริ,,,,,,,,7/30/2024 21:13:09
AR9900249,ช สนั่น,,625927705,,,,,,7/30/2024 21:13:09
AR9900250,น.ส. พูลสินธ์ กองเกิด,183 หมู่ที่ 1 ต.หนองแสง อ.หนองแสง จ.อุดรธานี 41340,,,,,,,7/30/2024 21:13:09
ARI00001,บริษัท สหพัฒนพิบูล จำกัด [มหาชน] สำนักงานใหญ่,2156 ถ.เพชรบุรีตัดใหม่ แขวงบางกะปิ เขตห้วยขวาง กทม 10310,,,,,,,7/30/2024 21:13:09
ARI-00001,นาย ภูริพันธ์ ชูมา 29 หมู่ที่ 4 ต. พันดอน อ.กุมภวาปี จ.อุดรธานี 41370,,,,,,,,7/30/2024 21:13:09
ARI00002,บริษัท วาไรตี้ ฟู้ดส์ อินเตอร์เนชั่นแนล จำกัด (สำนักงานใหญ่),44/4 หมู่ 10 ตำบลบางโทรัด อำเภอเมืองสมุทรสาคร จังหวัดสมุทรสาคร 74000,,,,,,,7/30/2024 21:13:09
ARI00003,โรงเรียนบ้านหมากบ้า (2),,862401177,,,https://goo.gl/maps/o767bdk9gD2HCgSJ9,,"17.200520, 102.970968",7/30/2024 21:13:09
ARI00004,โอ-กุ้ง แสงสว่าง (1),,0614799194/ไลน์,ไม่เกิน 19.00น.,,https://goo.gl/maps/RCb7NJTsoDyGr28RA,,"17.118813, 102.820693",7/30/2024 21:13:09
ARI00005,ครัวหลบมุม ดอนแคน,,635785899,,,,,,7/30/2024 21:13:09
ARI00006,คุณอ้อม [นุชรี คำสิม],10 หมู่ 8 บ้านอุ่มจาน ตำบลอุ่มจาน อำเภอประจักษ์ศิลปาคม จังหวัดอุดรธานี 41110,826953619,,,https://goo.gl/maps/YnzJKx7cez8kgQuG8,,"17.234466, 103.040039",7/30/2024 21:13:09
ARI00007,บริษัท ไอ ซี พี ลัดดา จำกัด (สำนักงานใหญ่),42 อาคาร ไอ ซี พี ชั้น 5 ถนนสุรวงศ์ แขวงสี่พระยา เขตบางรัก กรุงเทพมหานคร 10500,20299888,0-2029-9886-7,,,,,7/30/2024 21:13:09
ARI00008,นางสาวปรียาภรณ์ เหง้าพรหมมินทร์ 11หมู่ที่ 16 ตำบลเสอเพลอ อำเภอกุมภวาปี จังหวัดอุดรธานี 41370,,,,,,,,7/30/2024 21:13:09
ARI00009,ไข่ย่างห้วยเกิ้ง,,968298494,,,"https://www.google.com/maps/place/2316,+Tambon+Pa+Kho,+Amphoe+Kumphawapi,+Chang+Wat+Udon+Thani+41370/@17.0573355,102.9174291,17z/data=!3m1!4b1!4m6!3m5!1s0x312305f484e38c03:0xe02fe0e2caa9dc16!8m2!3d17.0573304!4d102.920004!16s%2Fg%2F1hm58b_sg?entry=ttu&g_ep=EgoyMDI1MDMwNC4wIKXMDSoJLDEwMjExNDU1SAFQAw%3D%3D",,"17.057351, 102.919907",7/30/2024 21:13:09
ARI00010,หมูหยอง-น้องชิน,,986533013,,,,,,7/30/2024 21:13:09
ARI00011,วัยรุ่นสร้างตัว,,,,,,,,7/30/2024 21:13:09
ARI00012,เจ้มวน,,,,,,,,7/30/2024 21:13:09
ARI00013,สี่แยกปากหวาน พยัคฆภูมิพิสัย,,922989978,,,,,,7/30/2024 21:13:09
ARI00014,หจก. อุดรโอฬาร [1997],130/3-5 ถนน นเรศวร ต.หมากแข้ง อ.เมือง จ.อุดรธานี,,,,,,,7/30/2024 21:13:09
ARI00015,ลานนั่งชิว,,890336482,,,,,,7/30/2024 21:13:09
ARI00016,ก.ท.บ. หมู่3,,,,,,,,7/30/2024 21:13:09
ARI00017,ร้านก๋วยเตี๋ยวหมู หน้า รร สงเปลือย,,951845579,,,,,,7/30/2024 21:13:09
ARI00018,บริษัท เดอเบล จำกัด สาขาที่ 0006 [สาขาอุดรธานี],216/7 ม.7 ซอยบ้านโนนยาง ต.หมากแข้ง อ.เมืองอุดรธานี จ.อุดรธานี 41000,,,,,,,7/30/2024 21:13:09
ARI00019,หนาร้าน-เงินสด POS,,,,,,,,7/30/2024 21:13:09
ARI00020,มาลัย,,,,,,,,7/30/2024 21:13:09
ARI00021,บริษัท เต็มธนะ บิซิเนส จำกัด (เฮียเต่า),98 หมู่บ้านจอมพลพัฒนา หมู่ที่10 ต.คำม่วง อ.เขาสวนกวาง จ.ขอนแก่น 40280,,,,https://goo.gl/maps/YpBXmyywMmkKp6KX9,,"16.855520, 102.859961",7/30/2024 21:13:09
ARI00022,ร้านเจริญทรัพย์อนันต์ (2),เลขที่ 96​ หมู่ที่ 3​ บ.หัวฝาย ตำบลโนนสะอาด​ อำเภอโนนสะอาด​ จังหวัดอุดรธานี​ 41240,913837863,,,,,,7/30/2024 21:13:09
JK-00002,บริษัท แลคตาซอย จำกัด,3532 ถนน สุขุมวิท แขวงบางนาใต้ เขตบางนา กทม 10260,,,,,,,7/30/2024 21:13:09
JK-00004,โรงเรียนบ้านโคกสว่าง,หมู่ 2 บ้านโคกสว่าง ต.หนองแสง อ.หนองแสง จ.อุดรธานี 41340,,,,,,,7/30/2024 21:13:09
JK-00005,สำนักงานปลัดกระทรวงอุตสาหกรรม ถนนพระรามที่6 แขวงทุ่งพญาไท เขตราชเทวี กทม. 10400,,,,,,,,7/30/2024 21:13:09
JK-00006,บริษัท ไวท์ไลน์ แอดทิเวชันจำกัด (สำนักงานใหญ่),208 อาคาร 208 วายเลสโร้ด ยูนิต 507ชั้น 5 ถนน วิทยุ แขวงลุมพินี เขตปทุมวัน กรุงเทพมหานคร 10330,,,,,,,7/30/2024 21:13:09
JK-00007,แพรตะวันขอนแก่น,,,,,,,,7/30/2024 21:13:09
JK-00008,บจก.เฮียบหงวนอีซูซุเซลส์,444/4 ม.4 ต.บ้านจั่น อ.เมือง จ.อุดรธานี 41000,,,,,,,7/30/2024 21:13:09
JK-00009,โดนัท บ้านแสงสว่าง,บ้านแสงสว่าง,807418513,,,https://goo.gl/maps/7dXKJRDnrNeQ9vdq7,,"17.116777, 102.822925",7/30/2024 21:13:09
JK-00010,สลักจิต,14 หมู่ 3 ต.บ้านโปร่ง อ.ศรีธาตุ จ.อุดรธานี 41230,935064746,,,,,,7/30/2024 21:13:09
JK-00011,นาง กันยารัตน์ ศรีรัตน์,,,,,,,,7/30/2024 21:13:09
JK-00012,บริษัท ยูนิคมอลล์ จำกัด,742 ม.20 ต.สว่างแดนดิน อ.สว่างแดนดิน จ.สกลนคร 47110,,,,,,,7/30/2024 21:13:09
JK-00013,"บริษัท ร่วมเจริญพัฒนา จำกัด (สำนักงานใหญ่) 99, 25/18-20 หมู่ที่ 4 ตำบลบางตลาด อำเภอปากเกร็ด จังหวัดนนทบุรี 11120",,,,,,,,7/30/2024 21:13:09
JK-00014,ซือง้วน,,,,,,,,7/30/2024 21:13:09
JK-00015,เทศบาลตำบลกุมภวาปี,210 หมู่ 4 ต.กุมภวาปี อ.กุมภวาปี จ.อุดรธานี 41110,,,,,,,7/30/2024 21:13:09
JK-00016,เขตห้ามล่าสัตว์ป่าหนองหานกุมภวาปี,บ.โนนสา ม.12 ต.นาม่วง อ.ประจักษ์ศิลปาคม จ.อุดรธานี 41110,,,,,,,7/30/2024 21:13:09
JK-00017,โรงพยาบาลห้วยเกิ้ง,5 หมู่ 4 ต.ห้วยเกิ้ง อ.กุมภวาปี จ.อุดรธานี 41110,,,,,,,7/30/2024 21:13:09
JK-00018,เจริญผล ท่าอุเทน,,,,,,,,7/30/2024 21:13:09
JK-00019,"OISHI TRADING .,LTD","36th FL., CW Tower,90 Ratchadaphisek Rd., huai Khwang Bangkok 10310",,,,,,,7/30/2024 21:13:09
JK-00020,นายบุญเชิญ กาฬพันธ์,บ.กุดดอกคำ 69 หมู่ที่ 4 ต.โพธิ์ศรีสำราญ อ.โนนสะอาด จ.อุดรธานี 41240,0935407442/0929297657,,,https://goo.gl/maps/7Mfxz6XborEizxUM9,,"16.978021, 102.831989",7/30/2024 21:13:09
JK-00021,บริษัท ปิโตรเลียมไทยคอร์ปอเรชัน จำกัด 120หมู่ที่ 14 ต.พันดอน อ.กุมภวาปี จ.อุดรธานี 41370 เลขที่สาขา 00469,,,,,,,,7/30/2024 21:13:09
JK-00023,บริษัท พีแอนด์เอ็น อุดมพร จำกัด (สำนักงานใหญ่) (3),110 ม.4 ต.บางอ้อ อ.บ้านนา จ.นครนายก 26110,,,,,,,7/30/2024 21:13:09
JK-00024,หจก. สหสินเทรดดิ้ง,,,,,,,,7/30/2024 21:13:09
JK-00025,โชคดีการค้า(1),เลขที่ 97 ม.7 หมู่บ้านแสงสว่าง ต.แสงสว่าง อ.หนองแสง จ.อุดรธานี 41340,890216546,,,https://goo.gl/maps/xfm9kVgAUa9op3827,,"17.121561, 102.824000",7/30/2024 21:13:09
JK-00026,บริษัท เอส พี เจ มาร์เก็ตติ้ง จำกัด,998 ม.1 ต.บ้านเลื่อม อ.เมืองอุดรธานี จ.อุดรธานี 41000,,,,,,,7/30/2024 21:13:09
JK-00027,พี่เสมอุดร,,,,,,,,7/30/2024 21:13:09
JK-00030,โรงเรียนบ้านหนองศรีเจริญ-หนองผึ้ง,206 หมู่ 14 บ้านหนองศรีเจริญ ต.พันดอน อ.กุมภวาปี จ.อุดรธานี 41370,902214016,,,,,,7/30/2024 21:13:09
JK-00031,นางปาริชาติ ไชยวรรณ,170/243 หมู่บ้าน ภัสสร 26 ซ. 17 ต.บางคูวัด อ.เมืองปทุมธานี จ.ปทุมธานี 12000,830570282,,,,,,7/30/2024 21:13:09
JK-00032,บริษัท รุ่งเรืองอินเตอร์ (2008) จำกัด,111 หมู่. 10 ต.หนองหาน อ.หนองหาน จ.อุดรธานี 41130,,,,,,,7/30/2024 21:13:09
JK-00034,นาย สุรชัย สารีพันดอน,138 หมู่ที่12 ต.เชียงแหว อ.กุมภวาปี จ.อุดรธานี 41110,898422959,,,,,,7/30/2024 21:13:09
JK-00035,อ.การค้า อุดร,,,,,,,,7/30/2024 21:13:09
JK-00036,วาสนา บ้านโนนสมบูรณ์,,0946704618,,,https://maps.app.goo.gl/Fs1MXM8WdXsR49qT8,,"17.252443, 102.923429",7/30/2024 21:13:09
JK-00037,พี่อ๊อด เหล้าขาว,,819260665,,,,,,7/30/2024 21:13:09
JK-00038,บริษัท ครีเอตุส คอร์โปเรชั่น จำกัด สาขาที่ 00003,2534/107-109 ถนนราษฎร์อุทิศ 1 ต.บางโคล่ อ.เขตบางคอแหลม จ.กรุงเทพมหานคร 10120,22952951,,,,,,7/30/2024 21:13:09
JK-00039,บริษัท มั่งมี อีคอมเมร์ซ จำกัด,428 ซอย สุขุมวิท 63 แขวงคลองตันเหนือ เขตวัฒนา กทม 10110,,,,,,,7/30/2024 21:13:09
JK-00040,84-0943 [24] เล็ก,,,,,,,,7/30/2024 21:13:09
JK-00041,84-2566[28]ใหญ่,,,,,,,,7/30/2024 21:13:09
JK-00042,84-6565 [41],,,,,,,,7/30/2024 21:13:09
JK-00043,84-6566 อด[36],,,,,,,,7/30/2024 21:13:09
JK-00044,ฒล 5216[31],,,,,,,,7/30/2024 21:13:09
JK-00045,บห 4780[21],,,,,,,,7/30/2024 21:13:09
JK-00046,ผก 359[33],,,,,,,,7/30/2024 21:13:09
JK-00047,ผก 4806[32],,,,,,,,7/30/2024 21:13:09
JK-00048,ผค 9282[22],,,,,,,,7/30/2024 21:13:09
JK-00049,ผจ5131[23],,,,,,,,7/30/2024 21:13:09
JK-00050,ผธ 4108 [18]เล็ก,,,,,,,,7/30/2024 21:13:09
JK-00051,ผธ 4253[19]ใหญ่,,,,,,,,7/30/2024 21:13:09
JK-00052,ผน 3279[16],,,,,,,,7/30/2024 21:13:09
JK-00053,ผน 3280[15],,,,,,,,7/30/2024 21:13:09
JK-00054,ผบ 152[27],,,,,,,,7/30/2024 21:13:09
JK-00055,ผบ 153[26],,,,,,,,7/30/2024 21:13:09
JK-00056,ผบ 3875[38],,,,,,,,7/30/2024 21:13:09
JK-00057,ผบ 3876[37],,,,,,,,7/30/2024 21:13:09
JK-00058,ผบ 4772 [46],,,,,,,,7/30/2024 21:13:09
JK-00059,สามล้อใหญ่17,,,,,,,,7/30/2024 21:13:09
JK-00060,โรงเรียนบ้านเซียบ,232 หมู่ 9 ต.เชียงแหว อ.กุมภวาปี จ.อุดรธานี 41110,611128867,,,,,,7/30/2024 21:13:09
JK-00061,บริษัท อุดรธนานนท์ จำกัด,388 ม.5 บ้านท่าตูม ต.หมูหม่น อ.เมืองอุดรธานี จ.อุดรธานี 41000,,,,,,,7/30/2024 21:13:09
JK-00062,โรงเรียนบ้านโคกสว่าง,หมู่ 2 บ้านโคกสว่าง ตำบลหนองแสง อำเภอหนองแสง จังหวัดอุดรธานี ต.หนองแสง อ.หนองแสง จ.อุดรธานี 41340,985418825,,,,,,7/30/2024 21:13:09
JK-00063,บริษัท อัลลายด์เทค (ประเทศไทย ) จำกัด(สำนักงานใหญ่),21/27 ซอยนวมินทร์ 133 แขวงนวลจันทร์ เขตบึงกุ่ม กรุงเทพมหานคร 10230 อ.เขตบึงกุ่ม จ.กรุงเทพมหานคร 10230,,,,,,,7/30/2024 21:13:09
JK-00064,THE SIAM COMMERCIAL BANK PLC.,"9 Ratchadapisek RD., jatujak, Bangkok 10900",,,,,,,7/30/2024 21:13:09
JK-00065,บริษัท ไทยน้ำทิพย์ คอมเมอร์เชียล จำกัด,214 อาคารไทยน้ำทิพย์ ชั้น9 ม.5 ถนนวิภาวดีรังสิต แขวงทุ่งสองห้อง เขตหลักสี่ กทม 10210,,,,,,,7/30/2024 21:13:09
JK-00066,ห้างหุ้นส่วนจำกัด ไทสกล มาร์เก็ตติ้ง,642/1 ถนนรัฐบำรุง ตำบลธาตุเชิงชุม อำเภอเมือง จังหวัดสกลนคร 47000,,,,,,,7/30/2024 21:13:09
JK-00067,น.ส. อิศรา ครองปัญญา,170 ม.6 ต.แชแล อ.กุมภวาปี จ.อุดรธานี,,,,,,,7/30/2024 21:13:09
JK-00068,ทดสอบ 2,,910502532,,,https://goo.gl/maps/ftnMTqfYeZnt8vx67,,,7/30/2024 21:13:09
JK-00069,ทดสอบ 3,,910502532,,,,,,7/30/2024 21:13:09
JK-00070,ทดสอบ 4,,910502532,,,,,,7/30/2024 21:13:09
JK-00071,ทดสอบ 5,,910502532,,,,,,7/30/2024 21:13:09
JK-00072,ทดสอบ 6,,910502532,,,,,,7/30/2024 21:13:09
JK-00073,ทดสอบ 7,,910502532,,,,,,7/30/2024 21:13:09
JK-00074,ทดสอบ 8,,910502532,,,,,,7/30/2024 21:13:09
JK-00075,ธนาคาร ไทยพาณิชย์ จำกัด [มหาชน],เลขที่ 9 ถนนรัชดาภิเษก แขวงจตุจักร เขตจตุจักร กทม 10900,,,,,,,7/30/2024 21:13:09
JK-00076,สำเพ็ง เฮียปาร์ค,,910502532,,,,,,7/30/2024 21:13:09
JK-00077,เฮียปอ,,,,,,,,7/30/2024 21:13:09
JK-00078,อาม่า - อากง,,,,,,,"17.131998, 102.959979",7/30/2024 21:13:09
JK-00079,ร้านวาวา - เบิกใช้ในร้าน,,,,,,,,7/30/2024 21:13:09
JK-00080,บริษัท สิริโปร จำกัด สาขาที่ 00002,229/2 ม.4 ต.บ้านจั่น อ.เมืองอุดรธานี จ.อุดรธานี 41000,,,,,,,7/30/2024 21:13:09
JK-00081,ลลิตา,จ.อุดรธานี,902518522,,,,,,7/30/2024 21:13:09
JK-00082,สุนทรี เป้าปัดสี,120 ม.6 บ.ห้วยกองสี ต.ตูมใต้ อ.กุมภวาปี จ.อุดรธานี 41110 จ.อุดรธานี,809023526,,,https://maps.app.goo.gl/Nypk4mB2ZgQofKvp8,,,7/30/2024 21:13:09
JK-00083,สาวิตรี เสมอหน้า,158 หมู่ที่ 3 ต.ปะโค อ.กุมภวาปี จ.อุดรธานี,625588162,,,https://goo.gl/maps/JHJHaN5GPPVvZTJB6,,,7/30/2024 21:13:09
JK-00084,บริษัท วันทูเทรดดิ้ง จำกัด [สำนักงานใหญ่],58/3 ม.6 ถนน พระประโทน-บ้านแพ้ว ตำบลตลาดจินดา อ.สามพราน จ.นครปฐม 73110,,,,,,,7/30/2024 21:13:09
JK-00085,แม่ยิ่ง ส้มตำ,เลขที่ 10 หมู่4 บ้านห้วยเกิ้ง ต.ห้วยเกิ้ง อ.กุมภวาปี จ.อุดรธานี 41110,843674836,,,"https://www.google.com/maps/search/?api=1&query=17.045783,102.929531",,,7/30/2024 21:13:09
JK-00086,บริษัท เอ็ม.ยี.แลนด์ จำกัด,เลขที่ 25 ซ.สุขุมวิท1 ถ.สุขุมวิท แขวงคลองเตยเหนือ เขตวัฒนา กทม 10110 เลขประจำตัวผู้เสียภาษีอากร ต.คลองเตยเหนือ อ.เขตวัฒนา จ.กรุงเทพมหานคร 10110,,,,,,,7/30/2024 21:13:09
JK-00087,บมจ.ธนาคารกรุงไทย สำนักงานใหญ่,เลขที่ 35 ถนนสุขุมวิท แขวงคลองเตยเหนือ เขตวัฒนา กทม. 10110,21111111,,,,,,7/30/2024 21:13:09
JK-00088,บริษัท ช็อปจีนิกซ์ จำกัด,เลขที่ 49 ถนนสุคนธสวัสดิ์ แขวงลาดพร้าว เขตลาดพร้าว กรุงเทพมหานคร 10230,,,,,,,7/30/2024 21:13:09
JK-00089,กานรุ้ง,,,,,,,,7/30/2024 21:13:09
JR-000001,34 / 12ล้อ,,,,,,,,7/30/2024 21:13:09
JR-000002,84-0943 [24],,,,,,,,7/30/2024 21:13:09
JR-000003,84-2566 [28],,,,,,,,7/30/2024 21:13:09
JR-000004,84-6565 [41],,,,,,,,7/30/2024 21:13:09
JR-000005,84-6566 อด [36],,,,,,,,7/30/2024 21:13:09
JR-000006,ฒล 5216 [31],,,,,,,,7/30/2024 21:13:09
JR-000007,บห 4780 [21],,,,,,,,7/30/2024 21:13:09
JR-000008,ผค 9282 [22],,,,,,,,7/30/2024 21:13:09
JR-000009,ผจ 5131[23],,,,,,,,7/30/2024 21:13:09
JR-000010,ผธ 5131 [23],,,,,,,,7/30/2024 21:13:09
JR-000011,ผธ 4253 [19],,,,,,,,7/30/2024 21:13:09
JR-000012,ผธ 4108 [18],,,,,,,,7/30/2024 21:13:09
JR-000013,ผน 3279 [16],,,,,,,,7/30/2024 21:13:09
JR-000014,ผน 3280 [15],,,,,,,,7/30/2024 21:13:09
JR-000015,ผบ 152 [27],,,,,,,,7/30/2024 21:13:09
JR-000016,ผบ 153 [26],,,,,,,,7/30/2024 21:13:09
JR-000017,ผบ 3875 [38],,,,,,,,7/30/2024 21:13:09
JR-000018,ผบ 3876 [37],,,,,,,,7/30/2024 21:13:09
JR-000019,ผบ 4772[46],,,,,,,,7/30/2024 21:13:09
LE-00001,นก,,,,,,,,7/30/2024 21:13:09
LE-00002,หน่อย,,,,,,,,7/30/2024 21:13:09
LE-00003,อาคาร ราชพัสดุ หลังที่ 2 ร้านอาหาร,,,,,,,,7/30/2024 21:13:09
LE-00004,อาคารราชพัสดุ อิงฟ้าโฟน,,,,,,,,7/30/2024 21:13:09
OR-00001,โรงเรียนบ้านกุดจิก,ต.หนองหว้า อ.กุมภวาปี จ.อุดรธานี 41110,,,,,,,7/30/2024 21:13:09
OR-00002,กองทุนบ้านดงแสนสุข ม.8,,651126821,,,,,,7/30/2024 21:13:09
OR-00003,น้องการ์ตูน,,641452565,,,,,,7/30/2024 21:13:09
OR-00005,บริษัท อิสาน พรีเมี่ยม สตาร์ช จำกัด (สำนักงานใหญ่) 237 หมู่6 ต.กุดจิก อ.ท่าคนโท จ.กาฬสินธุ์ 46190,,,,,,,,7/30/2024 21:13:09
OR-00006,ท.รุ่งเรือง ข้างเจ้พา,,611536166,,,,,,7/30/2024 21:13:09
OR-00007,นางบัวบาน ทองสุมาตร(2),ร้าน ป.ซุปเปอร์สโตร์ เลขที่ 121 หมู่ 5 ต.ตาดทอง อ.ศรีธาตุ จ.อุดรธานี 41230,800811790,,,,,,7/30/2024 21:13:09
OR-00008,ริมราง,,,,,,,,7/30/2024 21:13:09
OR-00009,แม่ไข่ อุ่มจาน (ร้านแม่) (5),ร้านค้าชุมชนหมู่8(ข้างสระหนองพิณ)บ้านอุ่มจาน ต.อุ่มจาน อ.ประจักษ์ศิลปาคม,826065406,,,https://goo.gl/maps/SeLsFo7Mt1vi1EwJA,,"17.234051, 103.039979",7/30/2024 21:13:09
OR-00010,ร้านค้าสวัสดิการโรงพยาบาลกุมภวาปี,,943104688,ไม่เกิน17.00น.,,,,,7/30/2024 21:13:09
OR-00011,ร้านพัฒนะ,,,,,,,"17.297566, 102.778112",7/30/2024 21:13:09
OR-00012,ร้านน้องแฟรงค์,,872164148,,,,,,7/30/2024 21:13:09
OR-00013,เรือนชุดไทย,,,,,,,,7/30/2024 21:13:09
OR-00014,อุ๋ย คอลเกต,,,,,,,,7/30/2024 21:13:09
OR-00015,พิมชนุช การค้า,129 หมู่ที่13 ตำบลแชแล อำเภอกุมภวาปี จังหวัดอุดรธานี 41110,0872733577/ไลน์,ไม่เกิน18.00น,,https://goo.gl/maps/wWmtHtt5Y2gX5Jmv7,,"17.153482, 103.045968",7/30/2024 21:13:09
OR-00016,อุทัยการค้า,ทางเข้าบ้านไผ่,934212429,,,,,,7/30/2024 21:13:09
OR-00017,บริษัท ถูกป.เจริญพาณิชย์ จำกัด,134 หมู่11 ต.หนองโก อ.กระนวน จ.ขอนแก่น 40170 ต.หนองโก อ.กระนวน จ.ขอนแก่น 40170,,,,https://goo.gl/maps/33DN4PJgqJKSNF2W9,,"16.717488, 103.086231",7/30/2024 21:13:09
OR-00018,ร้านทัศนีย์ คำกุง (3),คำกุง,630862789,ไม่เกิน19.00น.,,https://goo.gl/maps/CMUMj26thPhgMz947,,"17.087351, 103.249000",7/30/2024 21:13:09
OR-00019,นาง ศิวาพร บุริกา,58 หมู่8 ต.หัวนาคำ อ.ศรีธาตุ จ.อุดรธานี 41230,925620427,,,,,,7/30/2024 21:13:09
OR-00021,เซฟมอร์,,,,,,,,7/30/2024 21:13:09
OR-00022,ร้านน้ำฝน,อ.อุบลรัตน์,934154451,,,,,,7/30/2024 21:13:09
OR-00023,นายศักรินทร์ พันธ์รอด (2),เลขที่ 103 ม.6 บ.โนนสำราญ ต.บุ่งแก้ว อ.โนนสะอาด จ.อุดรธานี 41240,0849136158/0640309912,ไม่เกิน 20.00น.,,https://goo.gl/maps/h9UXmu76z1VtwL6P6,,"16.971451, 102.976021",7/30/2024 21:13:09
OR-00024,คุณมัญชุสา ปรางทองเนรมิต (1),129 หมู่8 ท่ายม ต.แสงสว่าง อ.หนองแสง จ.อุดรธานี 41340,0616935366/ไลน์,ไม่เกิน18.00น.,,https://goo.gl/maps/f7RZB5HxX6T5cPXF6,,"17.138800, 102.790021",7/30/2024 21:13:09
OR-00025,สหการบ้านหนองอุดม หมู่7 (2),,,,,,,,7/30/2024 21:13:09
OR-00026,ดีจริง,วังสามหมอ,,,,,,"16.949518, 103.438296",7/30/2024 21:13:09
OR-00028,เจ้เก๋,อ.สว่างแดนดิน จ.สกลนคร,896196888,,,,,,7/30/2024 21:13:09
OR-00029,ร้านพรมารวย (5)+(อย่าโทรถ้าไม่อยากถูกด่า),ข้างเซเวน อ. ประจักษ์,0819374824/ไลน์,ไม่เกิน18.00น.,,,,,7/30/2024 21:13:09
OR-00030,ห้างหุ้นส่วนจำกัด ต้นแพร ซูเปอร์สโตร์,472 หมู่ที่ 1 ต.ยางตลาด อ.ยางตลาด จ.กาฬสินธุ์ 46120,885715997,,,,,,7/30/2024 21:13:09
OR-00031,[อำนวย]หจก.ปิยวัฒน์สกุล,,,,,,,,7/30/2024 21:13:09
OR-00032,พรสุดา,,825832353,,,https://maps.app.goo.gl/TeL6nYgdEkCEEtsH8,,"17.130445, 102.889715",7/30/2024 21:13:09
OR-00033,วีระยนต์การค้า,,,,,,,,7/30/2024 21:13:09
OR-00034,พี่แม็ก ท่าคันโท (4),,,ไม่เกิน 18.00น.,,https://goo.gl/maps/uMv8do2eHkyhFsws7,,"16.939893, 103.215043",7/30/2024 21:13:09
OR-00035,แพรว หนองนกเขียน,อำเภอศรีธาตุ,,,,,,,7/30/2024 21:13:09
OR-00036,ห้างหุ้นส่วนจำกัด บิ๊กต้อย2018,ต.นาเหล่า อ.นาวัง จ.หนองบัวลำภู 39170 ต.นาเหล่า อ.นาวัง จ.หนองบัวลำภู 39170,894229246,,,,,,7/30/2024 21:13:09
OR-00037,สมพงษ์ เภสัช สำนักงานใหญ่,34 หมู่ที่ 4 ต.เขื่อนอุบลรัตน์ อ.อุบลรัตน์ จ.ขอนแก่น 40250 ต.เขื่อนอุบลรัตน์ อ.อุบลรัตน์ จ.ขอนแก่น 40250,43446033,,,,,,7/30/2024 21:13:09
OR-00039,บิ๊กมินิมาร์ท (นุศิลป์ วัชโรสินธุ์)(3),124/1 หมู่ที่ 1 ต.ศรีธาตุ อ.ศรีธาตุ จ.อุดรธานี 41230 ต.ศรีธาตุ อ.ศรีธาตุ จ.อุดรธานี 41230,815446261,,,https://goo.gl/maps/tCJ91pSUU1EniTww8,,"16.974671, 103.215415",7/30/2024 21:13:09
OR-00040,นัทเขาสวนกวาง,,855659424,,,,,,7/30/2024 21:13:09
OR-00041,นางสาวชนาภา พรมพินิจ ประเสริฐ การค้า สำนักงานใหญ่,24 ตำบล ท่ากกแดง อำเภอ เซกา จังหวัด บึงกาฬ 38150,934363836,,,,,,7/30/2024 21:13:09
OR-00042,ห้างหุ้นส่วนจำกัด หนุ่มกะเหรี่ยง สำนักงานใหญ่,136 หมู่ที่ 5 ตำบลดงบัง อำเภอบึงโขงโหลง จังหวัดบึงกาฬ 38220,,,,,,,7/30/2024 21:13:09
OR-00043,เอิร์ท ยำ,,,,,,,,7/30/2024 21:13:09
OR-00044,อนันต์ บุตรกระธรรม,,871256936,,,,,,7/30/2024 21:13:09
OR-00045,หนึ่งการเกษตร (3),บ้านตาด ศรีธาตุ,969846061,,,https://goo.gl/maps/rVDQHotHPezTxmCy6,,"17.051292, 103.138011",7/30/2024 21:13:09
OR-00046,เจ้หน่อย บ้านหนองหลวงสว่างแดนดิน,,,,,,,,7/30/2024 21:13:09
OR-00047,หจก. กวงฮง (สำนักงานใหญ่),601 หมู่ 2 ต.เจริญศิลป์ อ.เจริญศิลป์ จ.สกลนคร 47290,,,,,,,7/30/2024 21:13:09
OR-00048,นางสาวสุภัคชญา ศรีวิชยางกูร(5),เลขที่ 100 หมู่ที่ 2 บ.แม่นนท์ ต.หนองไผ่ อ.เมืองอุดรธานี จ.อุดรธานี 41330,914997995,ไม่เกิน20.00น.,,https://goo.gl/maps/Js7bro5HsQKGvJZi7,,"17.242581, 102.898324",7/30/2024 21:13:09
OR-00049,บริษัท ฟ้า ใหม่ อุ่น ซูเปอร์สโตร์ จำกัด(3),75 หมู่ที่ 8 ต.ศรีธาตุ อ.ศรีธาตุ จ.อุดรธานี 41230,,,,,,,7/30/2024 21:13:09
OR-00050,จิระสุข,,,,,,,,7/30/2024 21:13:09
OR-00051,ร้านปี๊ดเจริญการค้า,87/7 ต.หนองหิน อ.หนองกรุงศรี จ.กาฬสินธุ์ 46220,981466751,,,https://goo.gl/maps/pdAmamZQvyPk3adm9,,"16.807531, 103.371021",7/30/2024 21:13:09
OR-00052,หจก.ทรัพย์ภูพาน (สำนักงานใหญ่),125 หมู่7 ต.บ้านดง อ.อุบลรัตน์ จ.ขอนแก่น 40250,,,,,,,7/30/2024 21:13:09
OR-00054,ร้านศรีธาตุพลาสติก (นายโสพัส อุปมะ)(3),110 ม.10 บ้านคำศรี ต.ศรีธาตุ อ.ศรีธาตุ จ.อุดรธานี 41230,894189167,,,https://goo.gl/maps/g1bNAmiA6gu2nzZr6,,"16.974862, 103.211979",7/30/2024 21:13:09
OR-00055,นส.สำเนียง สารีคาร (4),เลขที่ 109 หมู่ 4 บ้านหนองแซง ต.นาตาล อ.ท่าคันโท จ.กาฬสินธุ์ 46190,0876382584/ไลน์สั่งเอง,ไม่เกิน19.00น.,,https://goo.gl/maps/htfQARm7VmwAV8CX7,,"16.864541, 103.267032",7/30/2024 21:13:09
OR-00056,นาง บุญนาค พระตลับ (ซุปเปอร์แตน),หมู่4 ต.บุ่งคล้า อ.บุ้งคล้า จ.บึงกาฬ 38000,872338205,,,,,,7/30/2024 21:13:09
OR-00057,ผานกเค้า,,,,,,,,7/30/2024 21:13:09
OR-00058,เพียงงามพาณิช,โนนสูง,,,,,,,7/30/2024 21:13:09
OR-00059,ยายแดง หนองนาคำ (5),79 หมู่ 14 บ้านหนองนาคำ ต.เสอเพลอ อ.กุมภวาปีจ. อุดรธานี,0910526514/หน้าร้าน,,,,,,7/30/2024 21:13:09
OR-00060,จุฬาท่าบ่อ,,,,,,,,7/30/2024 21:13:09
OR-00061,หจก.ตั้งเจริญซุปเปอร์มาร์ท,108 หมู่ 6 ต.คำปอ อ.วาริชภูมิ สกลนคร 47150,,,,,,,7/30/2024 21:13:09
OR-00062,ร้านจีตั้น,134 หมู่ 1 ต.โพนสูง อ.ไชยวาน จ.อุดรธานี,655834484,,,,,,7/30/2024 21:13:09
OR-00063,หจก.ถูกดี เจริญภัณฑ์ 54,316 ม.2 ต.บุ่งคล้า อ.บุ่งคล้า จ.บึงกาฬ 38000,844651117,,,,,,7/30/2024 21:13:09
OR-00064,นายสุวรรณ์ แวงคำ (2.3),182 หมู่10 ตำบลบ้านโปร่ง อำเภอศรีธาตุ จังหวัดอุดรธานี 41230,981424743,17.00-18.00น.,,https://goo.gl/maps/KGQ1rPHpt34g7ruK7,,"16.969216, 103.102669",7/30/2024 21:13:09
OR-00065,ทิพวาณี โนนทะขาม,184 หมู่13 ต.โคกกลาง อ.โนนสะอาด จ.อุดรธานี 41240,615746927,,,,,,7/30/2024 21:13:09
OR-00066,เชวง ท่าคันโท (4),,,,,,,,7/30/2024 21:13:09
OR-00067,ครัวนายเอ๋ บ.สะอาดนามูล หมู่10 (5),,0871256936 *ปิดกิจการ*,,,https://goo.gl/maps/NPiE8cBq2QPWUMjs9,,"17.229951, 102.935054",7/30/2024 21:13:09
OR-00068,ครัวอิเจ้,บ้า,972268462,,,,,,7/30/2024 21:13:09
OR-00072,วัดศรีนคราราม ดงเมือง,,857614663,,,https://goo.gl/maps/cQwAmsGheTcnnqe3A,,"17.116665, 103.016560",7/30/2024 21:13:09
OR-00073,ร้านวัชราภรพาณิชย์(3),75 หมู่3 บ.หนองไผ่ ต.หนองหญ้าไซ อ.วังสามหมอ จ.อุดรธานี,614988393,,,https://goo.gl/maps/skzizBp3g8kR9V6CA,,"16.946190, 103.377979",7/30/2024 21:13:09
OR-00074,ปูน้อย,,,,,,,,7/30/2024 21:13:09
OR-00075,คุณพิศนา คำตา (สำนักงานใหญ่),5 ม.11 ตำบลชัยพร อำเภอเมืองบึงกาฬ จังหวัดบึงกาฬ 38000,,,,,,,7/30/2024 21:13:09
OR-00076,ต.ทรัพย์ธนกาญจน์ (1),ท่ายม,862328159,ไม่เกิน 20.00น.,,https://goo.gl/maps/cVm4wPUX6W2mDgWRA,,"17.140184, 102.787401",7/30/2024 21:13:09
OR-00077,ร้านตั้งมีทรัพย์ (1),ม.1 ถ.ชมชวน ต.กุมภวาปี อ.กุมภวาปี จ.อุดรธานี,826393949,,,https://goo.gl/maps/1hTkn14NHD25cA6VA,,"17.113213, 103.011531",7/30/2024 21:13:09
OR-00078,ถนอมทรัพย์ วังสามหมอ(3),,621656477,,,https://goo.gl/maps/BbeYTsAjoRCShM6aA,,"16.949456, 103.441957",7/30/2024 21:13:09
OR-00079,บริษัท บิ๊ก ป ซูเปอร์มาร์ท จำกัด,248 ม.1 ถ.แซแล ต.กุมภวาปี จ.อุดรธานี 41110,853862888,,,https://maps.app.goo.gl/LECZUPSNYdQ21Sfb9,,"17.113699, 103.002658",7/30/2024 21:13:09
OR-00080,นางขนิษฐา พรมเลิศ (ร้านขนิษฐา),96 หมู่ที่5 ตำบลนาดี อำเภอหนองแสง จังหวัดอุดรธานี 41340,0644052998/ไลน์,ไม่เกิน 20.00น.,,https://goo.gl/maps/h9arRQPurGS1vwi26,,"17.045621, 102.843000",7/30/2024 21:13:09
OR-00081,แม่พร ศรีธาตุ(3),,0862245537/หน้าร้าน,,,,,,7/30/2024 21:13:09
OR-00082,อดุลย์ ยะไชยศรี,85/3 ม.13 บ.โพนงาม ต.นาม่อง อ.กุดบาก จ.สกลนคร 47180,,,,,,,7/30/2024 21:13:09
OR-00083,ร้านยรรยงค์,107 หมู่2 ต.นาดี อ.หนองแสง จ.อุดรธานี,,,,,,,7/30/2024 21:13:09
OR-00084,ส.สกุลชัย (3),36 หมู่10 ต.บ้านโปร่ง อ.ศรีธาตุ จ.อุดรธานี 41230,0817497383/ไลน์,ไม่เกิน 16.00,,,,,7/30/2024 21:13:09
OR-00085,นางสาวนริศรา ตางจงราช(ไอดีการค้า),เลขที่126 หมู่7 บ้านหนองอุดม ตำบลสีออ อำเภอกุมภวาปี จังหวัดอุดรธานี 41110,908560414,,,,,,7/30/2024 21:13:09
OR-00086,บริษัทไวท์ไลน์แอคทิเวชัน จำกัด (สำนักงานใหญ่),208 อาคาร 208 วายเลสโร้ด ยูนิต 507ชั้น 5 ถนน วิทยุ แขวงลุมพินี เขตปทุมวัน กรุงเทพมหานคร 10330,,,,,,,7/30/2024 21:13:09
OR-00087,โฟกัส แอนด์ มีนา (1),บ้านโคกสว่าง ตำบลหนองแสง อำเภอหนองแสง จังหวัดอุดรธานี,0825232212/0967414969ไลน์,ไม่เกิน 17.00น,,https://goo.gl/maps/hZVSe26YErFWGqcY9,,"17.189505, 102.842979",7/30/2024 21:13:09
OR-00088,พชิรา ไชยคำมี (พ่อโย่ง),,650893797,,,,,,7/30/2024 21:13:09
OR-00089,อนุชา มินิมาร์ท(5),หมู่ 1 ตำบล ปะโค อำเภอกุมภวาปี อุดรธานี 41370,918657604,,,,,,7/30/2024 21:13:09
OR-00090,มังกรทอง,316 ม.5 บ้านสีแจ ต.ผาสุก อ.กุมภวาปี 41370,879805711,,,,,,7/30/2024 21:13:09
OR-00091,กรรณิกา พานิชย์,,879213036,,,,,,7/30/2024 21:13:09
OR-00092,สุภาวรรณ,,,,,,,,7/30/2024 21:13:09
OR-00093,ส.เสถียรศักดิ์ของฝาก,,,,,,,,7/30/2024 21:13:09
OR-00096,ร้านวรวิทย์ (4.1),บ้านหนองกวาง,656456112,,,,,,7/30/2024 21:13:09
OR-00097,วัดสระแก้ว,,,,,,,,7/30/2024 21:13:09
OR-00098,บริษัท เวลาอินเตอร์เทรด จำกัด(สำนักงานใหญ่),237/1 ถ.อุดร-กุดจับ หมู่4 ต.บ้านเลื่อม อ.เมือง จ.อุดณธานี 41000,801965663,,,,,,7/30/2024 21:13:09
OR-00099,ร้านธนพงษ์การค้า(1),บ.แสงสว่าง,0917280305/ไลน์,,,https://goo.gl/maps/N5YeUWqSjkSrimx49,,"17.123541, 102.819968",7/30/2024 21:13:09
OR-00100,บริษัท ตั้งงี่สุนซูเปอร์สโตร์ จำกัด,119-121-123 ถ.โพศรี อ.เมือง จ.อุดรธานี 41000,,,,,,,7/30/2024 21:13:09
OR-00101,ร้านการ์ตูนโฟโต้ (ร้านการ์ตูน บ.บะยาว เก่า) (2),174 ม.8 บ้านบะยาว ต.บุ่งแก้ว อ.โนนสะอาด จ.อุดรธานี 41240,933717824,ไม่เกิน 20.00น.,,https://goo.gl/maps/n3GaTVey3AXHBDVC9,,"16.949931, 103.022903",7/30/2024 21:13:09
OR-00102,แม่นาง เชียงแหว (5),,0901951032(เลิกขาย),,,,,,7/30/2024 21:13:09
OR-00103,ร้านมะลิการค้า บ้านสี่แจ,,634479956,,,https://goo.gl/maps/yG2BdXk7Kyxo2Pru6,,"17.164753, 102.933241",7/30/2024 21:13:09
OR-00104,บริษัท ฑีฆเจริญค้าน้ำมัน จำกัด,299 หมู่1 ตำบลกุมภวาปี อำเภอกุมภวาปี จังหวัดอุดรธานี 41110,42111734,,,https://goo.gl/maps/u7dG7P21kSXAjLwJA,,"17.119234, 102.989004",7/30/2024 21:13:09
OR-00105,ครูประคอง ท่าคันโท (4),,0817298117/0653120831ไลน์,ไม่เกิน 18.00น.,,,,,7/30/2024 21:13:09
OR-00107,กิตติศักดิ์,,,,,,,,7/30/2024 21:13:09
OR-00108,พ่อเปี๊ยก บ้านปะโค,,981157572,,,,,,7/30/2024 21:13:09
OR-00109,น้อง บี,,0930932629,,,https://maps.app.goo.gl/8DiXcGQDFRKWimaMA,,"17.190616, 102.935140",7/30/2024 21:13:09
OR-00110,แม่ลี นาฝาย (1),,612085183,ไม่เกิน 19.00น.,,https://goo.gl/maps/9xbbjGt1FDeiTcPg8,,"17.084010, 102.858032",7/30/2024 21:13:09
OR-00111,เปรี้ยว หน้าวัดบ้านสีออ (2),หน้าวัดบ้านสีออ,808268561,,,https://goo.gl/maps/uN23ThN321mA76jt6,,"16.999720, 103.054428",7/30/2024 21:13:09
OR-00112,ร้านปทิตตา ซุปเปอร์,245ม.4 บ้านสร้างบง ต.ผาสุก อ.กุมภวาปี จ.อุดรธานี 41370,934342375,,,,,,7/30/2024 21:13:09
OR-00113,ร้านเทพสุวรรณ,,956182579,,,,,,7/30/2024 21:13:09
OR-00114,ร้านบารมี (เอมอร) (2),บ้านเลขที่ 206 บ.บุ่งแก้ว ต.บุ่งแก้ว อ.โนนสะอาด จ.อุดรธานี,0645258851/0843922384,ไม่เกิน 20:00,,https://goo.gl/maps/UjWo9LFk5DK1W7YU8,,"16.971272, 102.955011",7/30/2024 21:13:09
OR-00115,ติ๊ดการค้า,อ.วาริชภูมิ จ.สกลนคร,,,,,,,7/30/2024 21:13:09
OR-00116,ห้างหุ้นส่วนจำกัด ถูก ซุปเปอร์มาร์เก็ต (บ้านม่วง),180 ตำบลม่วง อำเภอบ้านม่วง จังหวัดสกลนคร 47140,,,,,,,7/30/2024 21:13:09
OR-00117,บริษัท บางกอก ไลฟ์ สไตล์ จำกัด,หมู่บ้านศรีนคร เลขที่88 หมู่ที่12 ตำบลศรีธาตุ อำเภอศรีธาตุ จังหวัดอุดรธานี 41230,817211600,,,,,,7/30/2024 21:13:09
OR-00118,อึ้งเจริญพาณิชย์,,,,,,,,7/30/2024 21:13:09
OR-00119,คูณเงินพาณิชย์ บ้านคำหว้าทอง ม.9 (6.2),,935180449,ไม่เกิน18.00น.,,,,,7/30/2024 21:13:09
OR-00120,ร้านยายแอ็ด-ตาสุข,,910635888,,,https://goo.gl/maps/M4MHYyteXU2VatQ18,,"17.146115, 102.967284",7/30/2024 21:13:09
OR-00121,ล้านฟาร์มนัว หน้าเทศบาลห้วยเกิ้ง,,624946336,,,,,,7/30/2024 21:13:09
OR-00123,พิศมัย นาฝาย(ร้านเดิม แม่บุญมี),,887431977,ไม่เกิน 18.00น.,,https://goo.gl/maps/KYMNiALaBfKiBcYM8,,"17.085479, 102.857032",7/30/2024 21:13:09
OR-00124,พี่นิด กุมภวาปี,,612528564,,,,,,7/30/2024 21:13:09
OR-00125,แม่สร้อย โคกสว่าง (1),,0829256966 (ลูกค้าไปเที่ยวยังไม่กลับ),ไม่เกิน 18.00น.,,https://goo.gl/maps/ACHP1jxy4NXECKxk7,,"17.190279, 102.844979",7/30/2024 21:13:09
OR-00126,ส.พัฒนา,,0831479999//0876446644,,,,,"17.130248, 102.964987",7/30/2024 21:13:09
OR-00127,วัดป่าปิยธรรม ปะโค (1),,954857567,,,https://goo.gl/maps/iL7NQ6G6zBuNo9rRA,,"17.097067, 102.928957",7/30/2024 21:13:09
OR-00128,ณกมล,,822324632,,,,,,7/30/2024 21:13:09
OR-00129,เอกลักษ์ (3),บ.ห้วยแสง,0825892206/0803269743/ไลน์,,,https://goo.gl/maps/BZ5L4V5sKCn59yt78,,"17.011962, 102.840011",7/30/2024 21:13:09
OR-00130,ธนาคารกรุงเทพ จำกัด (มหาชน),358 หมู่9 ถนน แชแล ต.แชแล อ.กุมภวาปี จ.อุดรธานี 41110,42334926,,,,,,7/30/2024 21:13:09
OR-00131,บริษัท ชาภูเขา จำกัด (สำนักงานใหญ่),102 ม.15 ถ.พิศาลสารกิจ ต.พันดอน อ.กุมภวาปี จ.อุดรธานี 41370,0830510505/0615510505,,,https://goo.gl/maps/3WfegjCGibPnQRoK8,,"17.133884, 102.968431",7/30/2024 21:13:09
OR-00132,แม่นกน้อย อุไรพร,,616291182,,,,,,7/30/2024 21:13:09
OR-00133,ยายไหม กุมภวาปี ตรงข้ามร้านพี่นานมสด (1),74 ม.13 ถ.ยิ้มประสิทธิ์ ต.กุมภวาปี อ.กุมภวาปี,0818761144/0813213211,ไม่เกิน 18.00น,,https://goo.gl/maps/ETDseDVACFzMq27Z7,,"17.109541, 103.014989",7/30/2024 21:13:09
OR-00134,ที่ทำการปกครองอำเภอหนองแสง,,,,,,,,7/30/2024 21:13:09
OR-00135,คันธมาทน์ 2,346 ม.8 ต.บัวตูม อ.โซ่พิสัย จ.บึงกาฬ 38170,0970638696/แอพ/ลูกค้าอยู่บึงกาฬ,ไม่เกิน 18.00น.,,https://goo.gl/maps/HezmxGaqhSWnfeBJ6,,"17.174872, 103.070054",7/30/2024 21:13:09
OR-00136,ร้านณัฐธิญาพาณิชย์ (9546),227 หมู่ที่5 ตำบลนาทัน อำเภอคำม่วง จังหวัดกาฬสิธุ์ 46180,0933191619/0937489647,,,,,,7/30/2024 21:13:09
OR-00138,ร้านโชคศิริทรัพย์ สว่างแดนดิน,อำเภอสว่างแดนดิน จังหวัดสกลนคร,967915845,,,,,,7/30/2024 21:13:09
OR-00139,ยอดยิ่ง,,,,,,,,7/30/2024 21:13:09
OR-00140,นางสาวมยุรี มุงเคน (สุขสว่าง ช็อป) (3),65 หมู่12 บ้านโนนสวรรค์ ตำบลจำปี อำเภอศรีธาตุ จังหวัดอุดรธานี,0896205808/แอพ+ไลน์,ไม่เกิน 15.00น,,https://goo.gl/maps/XydqWNkzWtV1T1MBA,,"16.987441, 103.154979",7/30/2024 21:13:09
OR-00141,ร้านแม่แก้ว ตูมใต้ (5.2),157 หมู่3ต.ตูมใต้ อ.กุมภวาปี จังหวัดอุดรธานี 41110,857575937,,,,,,7/30/2024 21:13:09
OR-00142,แม่คำปุ่น ตูมกลาง (1),,0926831411/หน้าร้าน,ไม่เกิน 18.00น.,,,,,7/30/2024 21:13:09
OR-00143,แม่ระเบียบ ตูมกลาง ม.2,,981096920,ไม่เกิน 18.00น.,,https://goo.gl/maps/7ULYGXH4XZEjAnJE9,,"17.098367, 102.980032",7/30/2024 21:13:09
OR-00144,แม่โส ตูมเหนือน้อย โนนน้ำเที่ยง (1),,904564539,ไม่เกิน 20.00น.,,,,,7/30/2024 21:13:09
OR-00145,ร้านปิยะรัตน์ ท่าม่วงน้อย,บ้นท่าม่วงน้อย 7 ม.12 ต.เวียงคำ อ.กุมภวาปี จ.อุดรธานี 4110,993964253,,,https://goo.gl/maps/qo6zfvApNiuaXt339,,"17.075679, 103.037011",7/30/2024 21:13:09
OR-00146,พี่จ๊อบ บ้านหนองหว้า (5.2),,984527985,,,,,,7/30/2024 21:13:09
OR-00147,แม่ดารา บ้านห้วยบง (2),,0810567415/หน้าร้าน,ไม่เกิน 18.00น.,,,,,7/30/2024 21:13:09
OR-00148,พ่อจันทรา เหล่ากกโพธิ์ (3),,0986965847/หน้าร้าน,ไม่เกิน 19.00 น.,,,,,7/30/2024 21:13:09
OR-00149,แม่นวลศรี ศาลากลางบ้านดอนเงิน (2.1),,880701334,ไม่เกิน 19.00 น.,,,,,7/30/2024 21:13:09
OR-00150,ปราโมทย์ บ้านจีต กู่แก้ว,,833562027,สะดวกรับไม่เกิน 19.00 น.,,,,,7/30/2024 21:13:09
OR-00151,นางรังสิต น้อยนิล (ว.มินิมาร์ท ศรีธาตุ) (3),29 หมู่ 15 ตำบลหัวนาคำ อำเภอศรีธาตุ จังหวัดอุดรธานี 41230,881945787,ไม่เกิน 18.00น.,,https://goo.gl/maps/CLv5pASyPLEdU3kh8,,"17.026390, 103.237979",7/30/2024 21:13:09
OR-00152,ร้านแม่สังวาล บ.คำปากั้ง (3) **งดโทร สั่งแล้วคืน**,ศรีธาตุ,810529103,ไม่เกิน20.00น,,,,,7/30/2024 21:13:09
OR-00153,สหการบ้านหนองกวาง (2),,0931193785 แม่แม้ง,ไม่เกิน 15.00น,,https://goo.gl/maps/dwNXwfBG6HCGCKzi7,,"17.007662, 103.048979",7/30/2024 21:13:09
OR-00154,ทาลี่พาณิชย์,,833863937,,,,,,7/30/2024 21:13:09
OR-00155,ร้าน ดีดีการค้า (2),บ.ท่าลี่,929816637,ไม่เกิน 19.00น.,,https://maps.app.goo.gl/4t1kVamiiNFJjj9S8,,"16.963895, 103.077064",7/30/2024 21:13:09
OR-00156,ร้านเรืองมณี (แม่หมอก) (2),บ.ท่าลี่,925380896,ไม่เกิน 20.00น.,,https://goo.gl/maps/UGQpsWYJ3BVKE3f87,,"16.964310, 103.073968",7/30/2024 21:13:09
OR-00157,สหการบ้านโคกน้อย,,961204363,,,,,,7/30/2024 21:13:09
OR-00158,น้องทับทิม,,613533873,,,,,,7/30/2024 21:13:09
OR-00159,แม่ทองทิพย์,บ.ท่าไฮ,878601024,ไม่เกิน 19.00 น,,,,,7/30/2024 21:13:09
OR-00160,ร้านโอ๊ย ไข่ ชา [ตรงข้ามร้านนีน่า & อะตอม],บ.คำกุง ต.หัวนาคำ อ.ศรีธาตุ,934680243,,,https://goo.gl/maps/Se6hQqKfjUidJzCY9,,"17.082341, 103.248903",7/30/2024 21:13:09
OR-00161,อลงกรณ์ (1),บ.คำกุง ต.หัวนาคำ อ.ศรีธาตุ,953351770,ไม่เกิน 20.00น.,,https://goo.gl/maps/UMrmGHAyxeScChM18,,"17.087251, 103.249011",7/30/2024 21:13:09
OR-00162,สมคิด สิทธิโชติ (2.2),บ.คำกุง ต.หัวนาคำ อ.ศรีธาตุ,610342208,ไม่เกิน18.00น.,,,,,7/30/2024 21:13:09
OR-00164,กิติรุ่งเรือง บ.คำปากั้ง (3),,0934786887/หน้าร้าน,ไม่เกิน 20.00น,,,,,7/30/2024 21:13:09
OR-00165,นางเบ้า จันทพงษ์ (2),16 หมู่ที่ 11 ตำบล ท่าลี่ อำเภอกุมภวาปี จังหวัดอุดรธานี 41110,832651424,ไม่เกิน 20.00น.,,https://goo.gl/maps/8aMVECmmXeHahaQM7,,"16.955641, 103.054936",7/30/2024 21:13:09
OR-00167,กองทุนสวัสดิการหนองกุงศรี ม.1 (6.2),,927731609,,,,,,7/30/2024 21:13:09
OR-00168,แม่สุ โพธิ์ชัย (แม่หวี) ม.3 (6.2),บ.โพธิ์ชัย ม.3,958822836,,,,,,7/30/2024 21:13:09
OR-00169,สหการ บ.กุดดอกคำ (6.2),,937629169,สะดวกรับของไม่เกิน 19.00,,,,,7/30/2024 21:13:09
OR-00170,เจ้เปีย บุ่งหมากลาน (1),,934188455,,,https://goo.gl/maps/77byqTbgTGVX9Jts9,,"17.068852, 102.888989",7/30/2024 21:13:09
OR-00171,น.ส.อรทัย ภูครองหิน (โอ-หน่อย) (1),187 ม.11 ต.หนองกุงศรี อ.โนนสะอาด จ.อุดรธานี,848213929,ไม่เกิน 20.30น.,,https://goo.gl/maps/MfT4bQqfVgFgEvLG8,,"17.063842, 102.786989",7/30/2024 21:13:09
OR-00172,แม่ปราณี คาร์แคร์ บ.ดอนเงิน (ยกเลิก),,612150096,ไม่เกิน18.00น.,,https://goo.gl/maps/udwnnQuDWTQs3stN6,,"17.122251, 103.032000",7/30/2024 21:13:09
OR-00173,แม่สมบัติ บ.ดอนเงิน (2.1),,862358695,,,,,,7/30/2024 21:13:09
OR-00174,พี่เกด บ้านผือ (6.1),,986622356,ไม่เกิน18.00น.,,,,,7/30/2024 21:13:09
OR-00175,บัวผัน บ้านตาดทอง,บ้านตาด ต.ตาดทอง อ.ศรีธาตุ,801881520,,,,,,7/30/2024 21:13:09
OR-00176,แม่คำแป๋ง หนองประเสริฐ (1),,0862310517/หน้าร้าน,ไม่เกิน18.00น.,,,,,7/30/2024 21:13:09
OR-00177,ถูกดี ราชาการค้า (3),81/1 หมู่ 12 บ.คำกุง ต.หัวนาคำ อ.ศรีธาตุ จ.อุดรธานี 41230,819745178,ไม่เกิน 18.00น.,,https://goo.gl/maps/1GkFDxLdxQEBwH868,,"17.086520, 103.248946",7/30/2024 21:13:09
OR-00178,ตาเพชร บ.ผือ (1),,0852193252/หน้าร้าน,ไม่เกิน18.00น.,,,,,7/30/2024 21:13:09
OR-00179,แม่นาง บ้านผือ (1),,981126475,ไม่เกิน 19.00น,,https://goo.gl/maps/25Lz3e23CAC7EjEdA,,"17.131141, 102.916000",7/30/2024 21:13:09
OR-00180,นส.สุภัทรา ศิลา,39 หมู่ 1 ตำบลแชแล อ.กุมภวาปี จ.อุดรธานี 41110,0813352008,,,https://maps.app.goo.gl/RiYrma6SdiiNMrxu5,,"17.180069, 103.067402",7/30/2024 21:13:09
OR-00181,พี่บุ๋ม บ.คำเจริญ (1),,0887484737/0972283820,ไม่เกิน18.00น.,,,,,7/30/2024 21:13:09
OR-00182,แม่ชู บ.สามเหลี่ยม (1),,611564432,ไม่เกิน 19.00น.,,,,,7/30/2024 21:13:09
OR-00183,พี่ณรงค์ บ.สามเหลี่ยม (1),,810597787,ไม่เกิน18.00น.,,,,,7/30/2024 21:13:09
OR-00184,พี่ลำปาง บ.หนองประเสริฐ (1),,825923578,ไม่เกิน18.00น.,,,,,7/30/2024 21:13:09
OR-00186,พี่นุช บ.วังหน้าผา (5),,954947998,ไม่เกิน 18.00น.,,,,,7/30/2024 21:13:09
OR-00188,ร้านทองทิพ บ.ทองอิน (5),,860623314,,,,,,7/30/2024 21:13:09
OR-00189,นางสาวพชรกมล พนะราบ (ร้านเพชรทองอินทร์เกษตรรุ่งเรือง) (5),93 หมู่13 ตำบลเสอเพลอ อำเภอกุมภวาปี จังหวัดอุดรธานี,828954461,ไม่เกิน18.00น.,,https://goo.gl/maps/R2bQ4TjqcSTgXr7A7,,"17.242282, 102.843069",7/30/2024 21:13:09
OR-00190,นายณัฐวุฒิ ชัยลี (ปอยการเกษตร) (5),29 หมู่ที่5 หมู่บ้านทองอินทร์ ตำบลเสอเพลอ อำเภอกุมภวาปี จังหวัดอุดรธานี,856628708,ไม่เกิน 16.00,,https://goo.gl/maps/opdaUKvHgHtMcMNTA,,"17.240515, 102.843849",7/30/2024 21:13:09
OR-00191,ร้านนารี บ.สวนมอญ (5),บ้านสวนมอญ ต.เชียงแหว,860761298,ไม่เกิน 19.00น,,https://goo.gl/maps/5xgKdJJaDWse2NEu9,,"17.230920, 102.852843",7/30/2024 21:13:09
OR-00192,เจ้เตย ศรีธาตุแก๊ส ตรงข้ามL.ก.ฮ,,,,,,,,7/30/2024 21:13:09
OR-00193,แม่แป บ้านห้วยบง,32 หมู่ 2 บ้านห้วยบง ต.หนองหว้า อ.กุมภวาปี จ.อุดรธานี,986641475,,,https://maps.app.goo.gl/Ed6F42T5rBvVuyGK9,,"17.021241, 103.003547",7/30/2024 21:13:09
OR-00194,ร้านใบเฟิร์นพานิชย์ (1),ตำบล เวียงคำ อำเภอกุมภวาปี อุดรธานี 41110,0648833475/หน้าร้าน,,,,,,7/30/2024 21:13:09
OR-00195,นางสุวีร์นุช หาญฟ้าเลื่อน (ร้านบุญชูทรัพย์),41 หมู่ 3 ตำบลหนองไผ่ อำเภอเมือง จังหวัดอุดรธานี 41330,611386766,,,,,,7/30/2024 21:13:09
OR-00196,พี่รุ่ง บ.หนองนาคำ (5),41 ม.14 บ.หนองนาคำ ต.เสอเพลอ อ.กุมภวาปี จ.อุดรธานี 41370,986985655,ไม่เกิน18.00น.,,https://goo.gl/maps/sK1dcp8ucdeX7hj27,,"17.190302, 102.930989",7/30/2024 21:13:09
OR-00198,สหกรณ์บ้านเหล่ากกเค็ง (3),บ้านเหล่ากกเค็ง,930066633,ไม่เกิน20.00น.,,https://goo.gl/maps/vFrRZ9ED6Lg5MVYf6,,"17.163710, 103.085946",7/30/2024 21:13:09
OR-00199,ร้านกิจอุดม (1),เลขที่ 324 ม.11 บ.ทับกุง ต.ทับกุง อ.หนองแสง จ.อุดรธานี 41340.,0834502835/ไลน์,ไม่เกิน18.00น.,,https://goo.gl/maps/95m24SzjBFSp7Qvt6,,"17.169302, 102.778244",7/30/2024 21:13:09
OR-00200,สั่งเองหน้าร้าน,,,,,,,,7/30/2024 21:13:09
OR-00201,แม่ไพ โนนจำปา (1),ปากทางเข้าวัดป่าปิยะธรรม,0661051412/หน้าร้าน,ไม่เกิน 18.00น.,,,,,7/30/2024 21:13:09
OR-00202,นุ่มนิ่ม บ้านดงน้อย (3),,945466051,,,https://goo.gl/maps/ZDPqJrYarphg3zmw5,,"17.018262, 102.897936",7/30/2024 21:13:09
OR-00203,พ่อคำผาย บ้านโพนทอง,65 หมู่6 ต.อุ่มจาน อ.ประจักษ์ จ.อุดรธานี,615372952,,,,,,7/30/2024 21:13:09
OR-00204,ร้านโชคทรัพย์วัสดุก่อสร้าง (1),125 หมู่1 ต.แสงสว่าง อ.หนองแสง จ.อุดรธานี 41340,979391904,,,,,,7/30/2024 21:13:09
OR-00205,ไตรภพเจริญการค้า,,982974340,,,,,,7/30/2024 21:13:09
OR-00206,มหาไชย,,899448832,,,,,,7/30/2024 21:13:09
OR-00207,ร้าน ก.ไก่ กิจเจริญพานิชย์(1),,0643510260/ไลน์,สะดวกรับถึง 19.00น.,,https://goo.gl/maps/fsDnc29C75PQYXti6,,"17.171331, 102.769043",7/30/2024 21:13:09
OR-00208,ร้านค้าชุมชนบ้านโคกข่า หมู่5 (3),11 หมู่ที่5 หมู่บ้านโคกข่า ตำบลบ้านโปร่ง อำเภอศรีธาตุ จังหวัดอุดรธานี 41230,840162582,,,"https://www.google.com/maps/search/?api=1&query=16.997522,103.117529",,"16.997773, 103.117486",7/30/2024 21:13:09
OR-00209,บัวหยก,,935579315,,,,,,7/30/2024 21:13:09
OR-00210,ร้านอันดาซาลอนแอนบิวตี้(2),10 หมู่ที่10 หมู่บ้านศรีสุข ตำบลท่าลี่ อำเภอกุมภวาปี จังหวัดอุดรธานี 41110,910599275,ไม่เกิน19.00น.,,https://goo.gl/maps/nYNRuAevG3GUeW5c6,,"16.961710, 103.076021",7/30/2024 21:13:09
OR-00211,วันนา หล้าสา (5),116 หมู่ที่19 บ้านสงเปลือย ตำบลเสอเพลอ อำเภอกุมภวาปี จังหวัดอุดรธานี,986793883,ไม่เกิน 19.00,,https://goo.gl/maps/Xi883Sjf2Msyu1vw6,,"17.181800, 102.898043",7/30/2024 21:13:09
OR-00212,แม่กาน บ้านเสอเพลอ (5),,0879551661*ลูกค้าไปกำแพงเพชร*,ไม่เกิน 18.00 น.,,https://maps.app.goo.gl/8S6G8sqXq4ZWP1Pa8,,"17.201916, 102.882000",7/30/2024 21:13:09
OR-00213,ร้าน​ศักดิ์ชัย บ้านเหล่ากล้วย (5),161 ​ม.3​ บ้านเหล่ากล้วย​ ต.เสอเพลอ​ อ.กุมภวาปี​ 41370,0938091388/0997122627,ไม่เกิน 18.00น,,https://goo.gl/maps/ChUJM2SAux8mcTxW7,,"17.220440, 102.862930",7/30/2024 21:13:09
OR-00214,ออมทรัพย์ บ้านโพนทอง (5),,0653263375(พี่แอ๋ว),,,,,,7/30/2024 21:13:09
OR-00215,ร้านมาโฮมหมูกะทะ กุมภวาปี (1),,0956647387/ไลน์,,,https://goo.gl/maps/ig1RmERyy98KfN897,,"17.111619, 103.009936",7/30/2024 21:13:09
OR-00216,ฝอยลมห่มรัก รีสอร์ท,บ.ทับกุง,849218603,ไม่เกิน 16.00น.,,https://goo.gl/maps/MC9HbVeewdJUW7Mg9,,"17.172682, 102.757811",7/30/2024 21:13:09
OR-00217,โรงเรียนอนุบาลกุมภวาปี,215 หมู่15 ตำบลพันดอน อำเภอกุมภวาปี จังหวัดอุดรธานี,,,,,,,7/30/2024 21:13:09
OR-00218,ร้านภูฟ้า ทับกุง,,895719749,,,,,,7/30/2024 21:13:09
OR-00219,ร้านแม่น้อย โนนสะอาด (2),12 หมู่ 2 บ้านกระเบื้อง ต.บุ่งแก้ว อ.โนนสะอาด จ.อุดรธานี,0984803541/หน้าร้าน,ไม่เกิน16.00น.,,https://maps.app.goo.gl/qJiGZ13vAG3k17Tk7,,"16.994386, 103.012625",7/30/2024 21:13:09
OR-00220,ร้านเตปัญคาเฟ่ (1),45 หมู่ 6 ต.ห้วยเกิ้ง อ.กุมภวาปี,0880552428/แอพ,,,https://goo.gl/maps/TLDmz92Ae6pJhhzy7,,"17.045722, 102.915149",7/30/2024 21:13:09
OR-00222,ร้านธงชัยการค้า,113 หมู่3 บ.โพธิ์ชัย ต.โพธิ์ศรีสำราญ อ.โนนสะอาด จ.อุดรธานี 41240,0610616280/0898437450,ไม่เกิน 17.00น.,,https://goo.gl/maps/JUhhRFaKDu6XNnXP6,,"16.986562, 102.826021",7/30/2024 21:13:09
OR-00223,ร้าน ส.โพนทองจักสาน(5),4 หมู่ 12 บ.โพนทอง ต. อุ่มจาน อ.ประจักษ์ศิลปาคม จ.อุดรธานี,965341493,ไม่เกิน18.00น.,,https://goo.gl/maps/NrZx7L68H6wmVh6a8,,"17.240546, 103.065011",7/30/2024 21:13:09
OR-00224,นางกันยารัตน์ ศรีรัตน์ (ดอกกระถินฟ้าพาณิชย์),172 หมู่ที่2 ตำบลคำตากล้า อำเภอคำตากล้า จังหวัดสกลนคร,,,,,,,7/30/2024 21:13:09
OR-00225,ร้าน ช.ชฎา (5),181 หมู่ที่12 ตำบลเชียงแหว อำเภอกุมภวาปี จังหวัดอุดรธานี 41110,817990317,ไม่เกิน 18.00น,,,,,7/30/2024 21:13:09
OR-00226,บริษัท ที เค ซุปเปอร์สโตร์ จำกัด,เลขที่ 789/5 ม.7 ต.หมูม่น อ.เมือง จ.อุดรธานี 41000,932894294,,,,,,7/30/2024 21:13:09
OR-00227,คุณอภิชดา สุวรรณพรม (ร้านน้องเปยย์การค้า),265 หมู่ที่1 ตำบลโคกกว้าง อำเภอบุ่งคล้า จังหวัดบึงกาฬ 38000,,,,,,,7/30/2024 21:13:09
OR-00228,มัชเรศน์ (น้องเฟริสเก่า) (2),เลขที่ 90 หมู่ที่ 5 บ้านท่าสัง ต.หนองหว้า อ.กุมภวาปี จ.อุดรธานี 41110,973066154,ไม่เกิน 19.00 น.,,https://maps.app.goo.gl/2J185bZqo6TbmYDU7,,"17.045942, 103.028674",7/30/2024 21:13:09
OR-00229,ร้านสมชาย คำค้อ 3(3),,982096593,,,https://goo.gl/maps/kV1ttBcjKZqfPM8P9,,"17.134935, 103.318011",7/30/2024 21:13:09
OR-00230,ร้าน ป.เจริญทรัพย์ (3),136 หมู่ 13 ต.แชแล อ.กุมภวาปี จ.อุดรธานี 41110,927843167,ไม่เกิน16.00น.,,https://maps.app.goo.gl/MnXTrTEiaZriHwLB7,,"17.153806, 103.046350",7/30/2024 21:13:09
OR-00232,แม่จันทร์เพ็ญ,215/7 บ้านเหล่าหมากบ้า ต. แชแล,0811293958,,,https://maps.app.goo.gl/wNZ1xW2fRLWp2mtc6,,"17.159991, 103.057709",7/30/2024 21:13:09
OR-00233,ร้านถูกดี​ซูปเปอร์​ โดย นางสุชาดา อุปมะ (สำนักงานใหญ่ 00000) (3),150 หมู่ที่ 5 ตำบลบ้านจีต อำเภอกู่แก้ว จังหวัดอุดรธานี 41130,0924233867//0948795564,,,https://goo.gl/maps/y9wmgrVaHG8bAqqp8,,"17.183792, 103.160040",7/30/2024 21:13:09
OR-00234,จ๋อมมินิมาร์ท ไชยวาน (3),บ้านหนองหลัก อ.ไชยวาน,829605866,ไม่เกิน 19.00น.,,https://goo.gl/maps/F9YzpWT5qjGDSXRu6,,"17.247352, 103.206989",7/30/2024 21:13:09
OR-00236,โรงเรียนบ้านตูม,,,,,,,,7/30/2024 21:13:09
OR-00237,โรงเรียนบ้านตูม,หมู่ที่2 ตำบลตูมใต้ อำเภอกุมภวาปี จังหวัดอุดรธานี,,,,,,,7/30/2024 21:13:09
OR-00238,แม่หนูพร บ.หนองหลัก (3),อ.ไชยวาน,857482724,ไม่เกิน 18.00น,,https://goo.gl/maps/4WctJrLVepDU2WZb8,,"17.245161, 103.205032",7/30/2024 21:13:09
OR-00239,หจก.อิทธิศักดิ์ เจริญทรัพย์ (สำนักงานใหญ่),93/1 ม.10 ต.แวงน่าง อ.เมืองมหาสารคาม จ.มหาสารคาม 44000,043777919/0637523888,,,,,,7/30/2024 21:13:09
OR-00240,โชคสัมฤทธิ์การค้า(4),211 หมู่8 ตำบลหนองหิน อำเภอหนองกุงศรี จังหวัดกาฬสินธุิ์ 46190,0877741005/0823693386,ไม่เกิน 19.00น,,,,"16.823374, 103.277782",7/30/2024 21:13:09
OR-00242,ร้านป้าตื๋อ บ้านหนองแข้ (4),ต.ดงมูล อ.หนองกุงศรี จ.กาฬสินธุิ์ 46220,0809707015/สั่งเอง,ไม่เกิน19.00น.,,,,,7/30/2024 21:13:09
OR-00243,ธ.ธิติศักดิ์ เมืองเก่า,,887353500,,,,,,7/30/2024 21:13:09
OR-00244,นางนิภา เกษแก้ว,24 ม.15 ต.เวียงคำ อ.กุมภวาปี จ.อุดรธานี,872161815,,,,,,7/30/2024 21:13:09
OR-00245,พี่ดวงใจ บ้านยางหล่อ (2.1),,933380710,ไม่เกิน 18.00น.,,,,,7/30/2024 21:13:09
OR-00247,ห้างหุ้นส่วนจำกัด ป.ซูเปอร์สโตร์,555 หมู่ที่4 ตำบลวานรนิวาส อำเภอวานรนิวาส จังหวัดสกลนคร 47120,823284888,,,,,,7/30/2024 21:13:09
OR-00248,ห้างหุ้นส่วนจำกัด วันวิสาข์ เทรดดิ้ง,81 หมู่ที่13 ตำบลบ้านแพง อำเภอบ้านแพง จังหวัดนครพนม 48140,,,,,,,7/30/2024 21:13:09
OR-00249,ท่าลี่พาณิชย์ (2),ใกล้ศาลากลางบ้าน กับตลาดท่าลี่,0833863937,ไม่เกิน 20.00น,,https://maps.app.goo.gl/xrvqCGwAV9YQ9TZ4A,,"16.962908, 103.075568",7/30/2024 21:13:09
OR-00250,แม่สมนึก บ้านดอนแคน,หมู่ 12 บ้านดอนแคน ตรงข้ามบ้านกำนันสมชาญ,0954265033/0879370815,,,,,,7/30/2024 21:13:09
OR-00251,โลมา ซุปเปอร์ บ้านตาด-คำแคน(3),140 ต.ตาดทอง อ.ศรีธาตุ จ.อุดรธานี,0809426906/หน้าร้าน,ไม่เกิน18.00น.,,,,,7/30/2024 21:13:09
OR-00252,ร้านเจียมภูไท (3),ก่อนถึงร้านป.วสินธุ์ อยู่ตรงข้ามกับโรงเรียน,885184353,ไม่เกิน 20.00น.,,https://goo.gl/maps/99hr2evC5J6L6Uhc9,,"17.080810, 103.281979",7/30/2024 21:13:09
OR-00253,เกตุการค้า,บ.โนนสมบูรณ์ โนนสูง,819746866,,,,,,7/30/2024 21:13:09
OR-00254,วัดโพธิ์นิมิตร ห้วยเกิ้ง,ทางไปโรงบาลห้วยเกิ้ง,894222728,,,,,,7/30/2024 21:13:09
OR-00255,ตั้งขายดี,,,,,,,,7/30/2024 21:13:09
OR-00256,ต้าขอนแก่น,,,,,,,,7/30/2024 21:13:09
OR-00257,ร้านบีม-ครีม (นางจารุณี ตอโย),37 หมู่ที่9 ตำบลตูมใต้ อำเภอกุมภวาปี จังหวัดอุดรธานี,801692007,,,https://goo.gl/maps/xAQ5JPZSRmJDjP47A,,"17.069800, 102.958000",7/30/2024 21:13:09
OR-00258,ร้านริมปาว (2),197 ม.5 บ. ท่าสัง ต.หนองหว้า อ.กุมภวาปี จ.อุดรธานี 41110,625705395,,,https://goo.gl/maps/DgB2UPyuR5Gz41Ph7,,"17.046679, 103.032000",7/30/2024 21:13:09
OR-00259,ป๋อมแป๋ม การค้า(1),หนองแสง,0642013024/หน้าร้าน,สะดวกรับสินค้าไม่เกิน 20.00น,,,,,7/30/2024 21:13:09
OR-00260,ร้านพ่อยุทธนา,บ้านเซียงแหว,801858594,,,,,,7/30/2024 21:13:09
OR-00261,ออฟฟิศ​คนจีน,,942721095,,,,,,7/30/2024 21:13:09
OR-00262,พ่อลอง บ้านเหล่ากล้วย (5),,823766689,,,https://goo.gl/maps/eLyNCjFeJSmEAWHd8,,"17.220751, 102.862957",7/30/2024 21:13:09
OR-00263,ร้านฉลอง บ.โคกกลาง (5),,864792281,ไม่เกิน17.00น.,,https://maps.app.goo.gl/zhHx8L1McZQeMMzD9,,"17.207261, 102.963989",7/30/2024 21:13:09
OR-00264,วิรัตน์ ศรีปะโค (1),182 ม.3 บ.เหมือดแอ่ ต.ปะโค อ.กุมภวาปี จ.อุดรธานี,0999346488/ไลน์,ไม่เกิน18.00น.,,https://maps.app.goo.gl/WRMWNrNcngFScaMe9,,"17.062905, 102.902596",7/30/2024 21:13:09
OR-00265,กุหลาบการค้า บ.โคกสี [ฟลุ๊คการค้าเก่า],182 ม.3 บ.โคกสี ต.นาดี อ.หนองแสง จ.อุดรธานี 41340,0843914672(ปิดร้าน),ไม่เกิน18.00น.,,https://goo.gl/maps/QDYvgAdyaR7TZxtW8,,"17.047246, 102.830968",7/30/2024 21:13:09
OR-00266,ย.,,,,,,,,7/30/2024 21:13:09
OR-00267,ร้าน มินิช็อป (5.1),ปะโค,879816399,,,,,,7/30/2024 21:13:09
OR-00268,ทวีคูณ บ.ปะโค (ร้านบรรทม),บ้านปะโค,0624029554/0889618324,,,https://goo.gl/maps/qfvcN14PsRbfwBoJ6,,"17.105161, 102.941989",7/30/2024 21:13:09
OR-00269,นางสาวสมฤดี วิบูลกุล (สมฤดีการค้า),39 หมู่ที่5 บ้านนาเรียง ตำบลตาดทอง อำเภอศรีธาตุ จังหวัดอุดรธานี 41230,871489668,,,https://maps.app.goo.gl/ZD6TxyUsToakYJ9Z8,,"17.031744, 103.071215",7/30/2024 21:13:09
OR-00270,ร้าน ส.เจริญการค้า,226 หมู่บ้านศรีนคร ถนนศรีธาตุ-วังสามหมอ ต.ศรีธาตุ อ.ศรีธาตุ จ.อุดรธานี 41230,0818712970/ไลน์,,,https://goo.gl/maps/Q5RDomS8HpD81AfYA,,"16.973636, 103.228006",7/30/2024 21:13:09
OR-00271,นุ้ย ห้วยเกิ้ง (1),,832055107,ไม่เกิน 16.00น.,,https://goo.gl/maps/1ZMCXHBvPV2na2Zw7,,"17.042482, 102.927000",7/30/2024 21:13:09
OR-00272,แม่แพง (5.1),บ.ดงน้อย,989983866,ปิดร้าน 18.30 น.,,https://goo.gl/maps/F1FAM5nXsuDHgysm9,,"17.017900, 102.891957",7/30/2024 21:13:09
OR-00273,นภัทรพาณิชย์ บ.ทับล้อ (5.1),บ.ทับล้อต.ปะโค,895088305,,,,,,7/30/2024 21:13:09
OR-00274,บัวมงคล,372หมู่3บ.เหมือดแอด ต.ปะโค อ.กุมภวาปี จ.อุดรธานี,0867828261,ไม่เกิน18.00น.,,https://goo.gl/maps/uqdghf9qF9wm1RXx8,,"17.063648, 102.900515",7/30/2024 21:13:09
OR-00275,คุณพัชรี,หน้าตึกอุบัติเหตุ รพ.โนนสะอาด,817173131,,,,,,7/30/2024 21:13:09
OR-00276,ยุวรี สงวนนาม (คำเมย) (3),บ.คำเมย,915844465,ไม่เกิน 19.00น,,https://goo.gl/maps/vJNGVPX3CbifWM4Y7,,"17.082368, 103.284179",7/30/2024 21:13:09
OR-00277,ร้านซุปเปอร์บิ๊ก สาขาท่าคันโท (4),330 หมู่ 1 ต.นาตาล อ.ท่าคันโท จ.กาฬสินธุ์ 46190,821580967,16.00-17.00น.,,https://goo.gl/maps/z8abZKsqZZd8imqK9,,"16.936990, 103.240968",7/30/2024 21:13:09
OR-00278,พ่อโย่ง,,650893797,,,,,,7/30/2024 21:13:09
OR-00279,ใหญ่การค้า บ.ดงน้อย (1),,986575516,ไม่เกิน 19.00น.,,https://goo.gl/maps/suaGW4t2auqPgnMZ8,,"17.020589, 102.890979",7/30/2024 21:13:09
OR-00280,นัวระเบิด,,,,,,,,7/30/2024 21:13:09
OR-00281,กองทุนหมู่บ้านหนองกุงทอง (1),28 ม.8 ต.หนองกุงศรี อ.โนนสะอาด จ.อุดรธานี 41240,0955768749,,,https://goo.gl/maps/fzHfaNBuat67xYFu9,,"17.021741, 102.798989",7/30/2024 21:13:09
OR-00282,ส.บัวพา มินิมาร์ท บ.หินฮาว(3),,0844629625/ไลน์,ไม่เกิน 19.00น,,https://goo.gl/maps/SSGfvJgVU8yD8C778,,"17.104431, 103.079054",7/30/2024 21:13:09
OR-00283,แม่สมบูรณ์ คำไผ่,,982411767,,,https://maps.app.goo.gl/TUgcKVxsr3ym7cu79?g_st=ic,,"17.102985, 103.131208",7/30/2024 21:13:09
OR-00284,แชมป์มินิมาร์ท บ.โคกใหญ่,เลขที่ 88 หมู่ 6 ต.กุงเก่า อ.ท่าคันโท จ.กาฬสินธุ์ 46190,935461566,ไม่เกิน20.00น.,,,,,7/30/2024 21:13:09
OR-00285,พิมพ์ใจ บ.โนนน้ำย้อย (3),ตำบล แชแล อำเภอกุมภวาปี อุดรธานี 41110,844208557,ไม่เกิน 18.00น.,,,,,7/30/2024 21:13:09
OR-00286,ปวเรศวร์ ปราบมาลัย (ร่วมมิตรการค้า) (1),269 ม.1 บ.กุดจิก ต.หนองหว้า อ.กุมภวาปี จ.อุดรธานี 41110,0624356359/0820162641,รับสินค้าเองหน้าร้าน 14.00น.,,,,,7/30/2024 21:13:09
OR-00287,วงเดือนการค้า บ้านโนนเห็น(3),,930834939,ไม่เกิน 19.00น,,,,,7/30/2024 21:13:09
OR-00288,บีมบีม,127 หมู่ 1 บ้านนาฝาย ต.นาดี อ.หนองแสง จ.อุดรธานี,887557919,,,https://goo.gl/maps/w3PSX4HMRWuv4nJu6,,"17.086867, 102.853010",7/30/2024 21:13:09
OR-00289,พี่โดโด้ ตลาดศรีธาตุ,,879355824,,,,,,7/30/2024 21:13:09
OR-00290,ร้านน้องอั่งเปา บ.นาฝาย,,973323029,,,,,,7/30/2024 21:13:09
OR-00291,ร้าน ต้นทอง บ.โนนเห็น(3),,896017695,,,,,,7/30/2024 21:13:09
OR-00292,แม่จู บ.โนนสวรรค์(3),,847924571,ไม่เกิน18.00น.,,https://goo.gl/maps/bg6G4MELkgYJZ1XY7,,"16.987610, 103.156000",7/30/2024 21:13:09
OR-00293,คอนโดการค้า,บ้านเลขที่ 6 ม.2 บ.เสอเพลอ ต.เสอเพลอ อ.กุมภวาปี,985345899,ไม่เกิน 19.00น,,https://goo.gl/maps/GaV1JTNomkjVqwUr8,,"17.203002, 102.881011",7/30/2024 21:13:09
OR-00294,พันยา ภายไทยสงค์((แม่พัน บ.นาดี),171 หมู่ที่8 ตำบลนาดี อำเภอหนองแสง จังหวัดอุดรธานี 41340,862251675,,,"https://www.google.com/maps/search/?api=1&query=17.07132611683051,102.85659827291965",,"17.071567, 102.856598",7/30/2024 21:13:09
OR-00295,แม่ลำดวน บ้านเดี่ยว (1.1),50 ม.3 บ้านเดี่ยว ต.เสอเพลอ อ.กุมภวาปี 41370,985985538,,,https://goo.gl/maps/j4VLF8zcpk5VHXit8,,"17.222160, 102.861783",7/30/2024 21:13:09
OR-00296,แม่ประยงค์ (1),,807509817,ไม่เกิน 19.00น.,,https://goo.gl/maps/iU4Kz9LmYMifNwG77,,"17.087567, 102.855021",7/30/2024 21:13:09
OR-00297,น้องเติ้ล แสงสว่าง (6.4),,,,,,,,7/30/2024 21:13:09
OR-00298,แม่เขียว นาเหล่า (6.2),,,,,,,,7/30/2024 21:13:09
OR-00299,แม่สำลี บ้านหนองโก (2),,833999488,ไม่เกิน 19.00น.,,,,,7/30/2024 21:13:09
OR-00300,พ่อลือชัย อินทร์เรืองศรี,72 ม.2 บ.กระเบื้อง ต.บุ่งแก้ว อ.โนนสะอาด จ.อุดรธานี 41240,811845270,,,,,,7/30/2024 21:13:09
OR-00301,พี่ป้อม บ.นางาม ต.ตาดทอง,,999275818,ไม่เกิน20.00น.,,,,,7/30/2024 21:13:09
OR-00302,บ้านเหลืองศิลาการค้า (1),181 หมู่ที่2 ตำบลห้วยเกิ้ง อำเภอกุมภวาปี จังหวัดอุดรธานี,884367662,ไม่เกิน 19.00น.,,https://goo.gl/maps/9rixS4gDphYAfxdC9,,"17.045941, 102.945957",7/30/2024 21:13:09
OR-00303,ปริญทองพืชผล (ร้านนุ้ย ท่าคันโทเก่า) (4),155 หมู่ 3 ต.กุดจิก อ.ท่าคันโท จ.กาฬสินธุ์,0848879905/0830853897,ไม่เกิน 20.00น,,https://maps.app.goo.gl/ZHjoZQ1ekp8pP4637,,"16.931404, 103.109359",7/30/2024 21:13:09
OR-00305,ขวัญข้าว ซุปเปอร์ถูก (4),47 ม.9 บ้านโนนศรีสวัสดิ์ ต.ดงมูล อ.หนองกรุงศรี จ.กาฬสินธุ์ 46220,,ไม่เกิน18.00น.,,,,,7/30/2024 21:13:09
OR-00306,ร้าน บ้านน้อง (ป้าหนู หนองแสง),,610342938,ไม่เกิน 22.00น.,,https://goo.gl/maps/REX4EH5FYDGkwK6e7,,"17.169620, 102.778946",7/30/2024 21:13:09
OR-00308,แม่สอน บ้านเหล่าเชียงสม (2.1),,614360429,ไม่เกิน 18.00น,,,,,7/30/2024 21:13:09
OR-00309,ร้าน ตามสั่งกินอิ่ม บ้านดอนเงิน,178 ม.12  บ้านดอนเงิน  ต.แชแนล อ.กุมภวาปี จ.อุดรธานี 41110,810539949,,,,,"17.132232, 103.037611",7/30/2024 21:13:09
OR-00311,ลำไพการค้า,25 หมู่ที่3 บ้านโพธิ์ชัย ตำบลโพธิ์ศรีสำราญ อำเภอโนนสะอาด จังหวัดอุดรธานี,885729460,,,https://maps.app.goo.gl/WU9Ao5ycxuPWhMfh6,,"16.985294, 102.826196",7/30/2024 21:13:09
OR-00312,ร้าน ปิยะพงค์ (2),367หมู่ 1 ต.บุ่งแก้ว อ.โนนสะอาด จ.อุดรธานี,980870279,ไม่เกิน19.00น.,,https://goo.gl/maps/H67jy1VqLrieWwWv5,,"16.971271, 102.961267",7/30/2024 21:13:09
OR-00313,พี่แจ็ค บ.โนนน้ำย้อย (3),,934617511,ไม่เกิน 17.00น,,,,,7/30/2024 21:13:09
OR-00314,แม่บี้ บ้านโนนเห็น,,981872028,,,,,,7/30/2024 21:13:09
OR-00315,สุพัฒน์การค้า บ.หนองแวงใหญ่,,883129659,ไม่เกิน 19.00 น,,,,,7/30/2024 21:13:09
OR-00316,ร้าน วิสาหกิจชุมชน สะดวกซื้อ บ.โคกสว่าง ต.สีออ(2),,801524942,080-1524942,,https://goo.gl/maps/JrY5NPMi3yPtH7ar7,,"16.995572, 103.048064",7/30/2024 21:13:09
OR-00317,ร้าน น้องเนย บ้านปอ,,621057809,,,,,,7/30/2024 21:13:09
OR-00318,ร้าน สุขใจ (4),ต.กุดจิก อ.ท่าคันโท 46190,933260642,ไม่เกิน18.00น.,,,,,7/30/2024 21:13:09
OR-00319,ปิ่นคอฟฟี่ชา,บ.ผือ,834905952,,,,,,7/30/2024 21:13:09
OR-00320,น้องยูโร การค้า (นายวีระพงษ์ กันหาลา) (1),272 ม.6 บ.ห้วยกองสี ต.ตูมใต้ อ.กุมภวาปี จ.อุดรธานี 41110,882657640,,,https://goo.gl/maps/Wxgmv939AozS5aQc6,,"17.076244, 102.934290",7/30/2024 21:13:09
OR-00321,ลินดาค้าเจริญทรัพย์,338 ม.3 บ.เหมือดแอ่ ต.ปะโค อ.กุมภวาปี จ.อุดรธานี 41370,842792675,,,https://goo.gl/maps/MBscKeHGC2pgip646,,"17.062341, 102.906000",7/30/2024 21:13:09
OR-00322,ทับทิมทองการเกษตร (ร้านทับทิมทอง),เลขที่ 71 หมู่ 8 ต.นาดี อ.หนองแสง จ.อุดรธานี 41340,933537015,ไม่เกิน 18.00น,,https://maps.app.goo.gl/5n6MSydnvzA62Ays5,,"17.072759, 102.856810",7/30/2024 21:13:09
OR-00323,ร้าน ป้อมศรี หมู่.8 กุมภวาปี (1),,0810599054/ไลน์,สะดวกรับช่วงเช้าก่อนเที่ยง,,https://goo.gl/maps/7mnKAaw6QHzNq1jS9,,"17.116294, 103.014840",7/30/2024 21:13:09
OR-00324,แพรวไพลิน,,933736424,,,,,,7/30/2024 21:13:09
OR-00325,เจ้นารี บ.กุงเก่า (4),,0849341301// 0872971772,ไม่เกิน 18.00น.,,https://goo.gl/maps/aoqCgeznsCfAhKq16,,"16.912137, 103.173288",7/30/2024 21:13:09
OR-00326,พี่แอน บ.เชียงแหว,อยู่หน้าวัดนอก,935154063,,,,,,7/30/2024 21:13:09
OR-00327,ร้านคุณเน็ต ท่าคันโท (4),,945023117,ไม่เกิน 19.00น.,,,,,7/30/2024 21:13:09
OR-00328,ร้านตอง1 บ้านโพธิ์สง่า (1),,0877713889/หน้าร้าน,ไม่เกิน 18.00น,,https://goo.gl/maps/VLnP6eLPSR4KcDtv5,,"17.097841, 103.006444",7/30/2024 21:13:09
OR-00329,นาย เด่งทรางชาย ประเสิฐสุข [ ร้านเด่นการค้า ],84 ม.4 บ.บุ่งหมากลาน ต.ปะโค อ.กุมภวาปี จ.อุดรธานี 41370,0936178390,,,httphttps://maps.app.goo.gl/2TdGLPgYgSWdesPP8,,"17.069133, 102.887880",7/30/2024 21:13:09
OR-00331,หสม.กองทุนพัฒนา หมู่6,หมู่ที่6 ตำบลหนองกุงศรี อำเภอโนนสะอาด จังหวัดอุดรธานี,,,,,,,7/30/2024 21:13:09
OR-00332,ร้านแม่ระเบียบ ห้วยเกิ้ง,,,,,,,,7/30/2024 21:13:09
OR-00333,ร้านชัยณรงค์ อ.ไชยวาน,อ.ไชยวาน จ.อุดรธานี,,,,https://goo.gl/maps/DeHJVXXi2AdTh9jt9,,"17.294158, 103.223879",7/30/2024 21:13:09
OR-00335,ร้านอี้เหวิน เมืองใหม่-กุมภวาปี,,810721442,,,https://goo.gl/maps/sDUJq9aBK9suDsba8,,"17.111347, 103.013334",7/30/2024 21:13:09
OR-00336,โชคประสิทธิ์,บ้าน คำไผ่ บ้านเลขที่ 116 หมู่ 7 ต.เวียงคำ อ.กุมภวาปี จ.อุดรธานี,833289031,,,,,,7/30/2024 21:13:09
OR-00337,ป.ศรีสงคราม,,,,,,,,7/30/2024 21:13:09
OR-00338,ส.อำนวย 99,,,,,,,,7/30/2024 21:13:09
OR-00339,ห้างหุ้นส่วนจำกัด บีเอส 888 (สำนักงานใหญ่) ยกเลิกใช้,,,,,,,,7/30/2024 21:13:09
OR-00340,นางสาวสุภาพร ขันทมณี (ป.ซุปเปอร์สโตร์),334 หมู่ที่7 ตำบลศรีสงคราม อำเภอศรีสงคราม จังหวัดนครพนม 48150,,,,,,,7/30/2024 21:13:09
OR-00341,แม่สิน บ.กุดขอนแก่น(4),,872147979,ปิดร้าน 1 ทุ่ม,,https://goo.gl/maps/dLDzeoxayWnhaYtEA,,"16.943200, 103.187000",7/30/2024 21:13:09
OR-00342,น้องอคิณ,177 หมู่ที่2 บ้านดอนค้อ ตำบลนาม่วง อำเภอประจักษ์ จังหวัดอุดรธานี,,,,,,,7/30/2024 21:13:09
OR-00343,โบสบาย (ยุ่งบายทะเก่า) (1),บ้านนาฝาย อ.หนองแสง,810554009,ร้านปิด2ทุ่ม,,https://goo.gl/maps/RpDKV64BoPC1i2WQ8,,"17.086241, 102.855979",7/30/2024 21:13:09
OR-00344,ร้าน วารุณี,,956090102,รับเองหน้าร้าน 12.00น.,,,,,7/30/2024 21:13:09
OR-00345,ญาตาวี การเกษตร,,981312046,,,,,,7/30/2024 21:13:09
OR-00346,อารายา,,834630904,,,,,,7/30/2024 21:13:09
OR-00347,แม่รุน สร้างแก้ว,,640589288,ไม่เกิน 18.00น,,,,,7/30/2024 21:13:09
OR-00348,วนิดา,,879545154,,,,,"17.109705, 103.015504",7/30/2024 21:13:09
OR-00349,คูณทรัพย์,122/7 ต.พังงู อ.หนองหาน,652650250,,,,,,7/30/2024 21:13:09
OR-00350,คูณทรัพย์,บ.เรืองชัย อ.หนองหาน,836296215,,,,,,7/30/2024 21:13:09
OR-00351,ร้าน สนองการค้า บ้านคำบอน,หน้าศาลากลางบ้านคำบอน อ.หนองแสง,621577453,ไม่เกิน20.00น.,,,,,7/30/2024 21:13:09
OR-00352,ร้านภูถูกแสง (4),บ.โนนศรีสวัสดิ์ ต.ดงมูล อ.หนองกุงศรี จ.กาฬสินธุ์,0832836017/ไลน์สั่งเอง,ไม่เกิน 19.00น.,,https://goo.gl/maps/kC2Q9QxWuEV4pnfB9,,"16.780749, 103.353957",7/30/2024 21:13:09
OR-00353,ไอดี บ.ดงมูล,หนองกุงศรี จ.กาฬสินธุ์,821044353,ไม่เกิน 17.00น,,,,,7/30/2024 21:13:09
OR-00354,สมจิตรการค้า,162 ม.6 ต.บ้านโปร่ง อ.ศรีธาตุ,080-0604119,,,,,,7/30/2024 21:13:09
OR-00355,ร้าน จ.กิจรุ่งเรือง(2),7 ม.1 ต.สีออ อ.กุมภวาปี จ.อุดรธานี 41110,0908430106/0650198448,ไม่เกิน18.00น.,,https://goo.gl/maps/8iS9R7tLywt3HfYu7,,"16.999603, 103.053011",7/30/2024 21:13:09
OR-00356,แม่แดง พ่อพล บ.คำล่อง คุ้มวัดจอมทอง,บ้านคำล่อง ต.ท่าลี่,826958997,,,,,,7/30/2024 21:13:09
OR-00357,พี่หนิง วังสามหมอ,,850111028,ไม่เกิน18.00น.,,,,,7/30/2024 21:13:09
OR-00358,แม่สมควร อดทน,11/13 บ.บุ่งแก้ว,615574280,,,,,,7/30/2024 21:13:09
OR-00360,ร้านยายไก่ (ร้านขายข้าวมันไก่)(1),ร้านอยู่แถวร้านพี่สำลี อยู่ตรงข้าวตู้ ATM,0624946336/หน้าร้าน,,,,,,7/30/2024 21:13:09
OR-00361,ร้านเยาวลักษณ์,,934529608,,,,,,7/30/2024 21:13:09
OR-00362,ร้านวิชัยบริการ บ.ภูฮัง(4),หนองกุงศรี จ.กาฬสินธุ์,0960147990 / ไลน์,ไม่เกิน17.00น.,,https://goo.gl/maps/MbD882TijqVDLyVU8,,"16.812180, 103.284968",7/30/2024 21:13:09
OR-00363,ร้านธรรมบำบัด,,,,,,,,7/30/2024 21:13:09
OR-00364,ร้านค้า อิ่มใจ(3),114 ม.2 ต.วังสามหมอ อ.วังสามหมอ จ.อุดรธานี 41280,963273783,,,,,,7/30/2024 21:13:09
OR-00365,ร้าน ใหม่ บ.เกิ้ง,หนองกุงศรี จ.กาฬสินธุ์,855263714,,,,,,7/30/2024 21:13:09
OR-00366,นายอดุลย์ แสงวงษ์ (โทนริมทุ่ง),235 ม.3 ต.ตูมใต้ อ.กุมภวาปี จ.อุดรธานี,807769899,,,,,,7/30/2024 21:13:09
OR-00367,บริษัท ซี.เอส.เค. เบเวอร์เรจ (2011) จำกัด,88/8 หมู่ที่ 10 ต.เมืองเก่า อ.เมือง จ.ขอนแก่น 40000,883406888,,,,,,7/30/2024 21:13:09
OR-00368,แม่เรียง,36 ม.4 บ.ทมนางาม ต.ทมนางาม อ.โนนสะอาด,933799795,,,,,,7/30/2024 21:13:09
OR-00369,แฮปปี้โฮม (วัสดุก่อสร้าง),เยื้องปั้ม พีที นาแบก,859258122,ไม่เกิน 18.00 น.,,https://goo.gl/maps/MjZPHi8pFhGpphJN7,,"17.117630, 103.028054",7/30/2024 21:13:09
OR-00370,อาภาพร [ให้พี่สาวขายแทน],,,,,,,,7/30/2024 21:13:09
OR-00371,มาร์คสโตร์ บ้านตูมใต้ (1),,0626196196/ไลน์สั่งเอง,ไม่เกิน 15.00น.,,,,,7/30/2024 21:13:09
OR-00372,ร้าน ต้นหลิว,บ้านเชียงกรม ต.นาม่วง อ.ประจักษ์ศิลปาคม จ.อุดรธานี,0812604052,ไม่เกิน 18.00น.,,,,"17.285611, 102.961067",7/30/2024 21:13:09
OR-00373,พี่เอส อุดร,,,,,,,,7/30/2024 21:13:09
OR-00374,พี่เล้งกระนวน,,,,,,,,7/30/2024 21:13:09
OR-00375,หจก.ขวัญใจการเกษตร(สำนักงานใหญ่),27 ม.17 ต.เวียงคำ อ.กุมภวาปี จ.อุดรธานี 41110,951865246,,,,,,7/30/2024 21:13:09
OR-00376,ครูน้อย บ.เกิ้ง,,855263714,,,,,,7/30/2024 21:13:09
OR-00377,ร้านพันดอน,,,,,,,,7/30/2024 21:13:09
OR-00378,ร้านอาหารตำนานเพลง,292 ม.15 ถ.พิศาลสารกิจ ต.พันดอน อ.กุมภวาปี จ.อุดรธานี 41370,820501215,,,https://goo.gl/maps/pbRKtyQZB5Rdj4S88,,"17.139357, 102.957660",7/30/2024 21:13:09
OR-00379,ร้านแม่อำพร บ.เชียงแหว,อยู่ข้างตลาดสด บ.เชียวแหว,801858594,,,,,,7/30/2024 21:13:09
OR-00380,โกดังเงิน (ร้านโชคสมหวัง สมคำ) (3),บ้านเลขที่ 235 ม.5 ต.แชแล อ.กุมภวาปี จ.อุดรธานี 41110,832359638,,,https://goo.gl/maps/V71rBGP9epbe8ytB7,,"17.170400, 103.066989",7/30/2024 21:13:09
OR-00381,ร้านอ๋อมแอ๋ม,115 หมู่5 บ้านโคกสว่าง ต.หนองแสง อ.หนองแสง จ.อุดรธานี,612560986,,,,,,7/30/2024 21:13:09
OR-00382,ตัว อ.อ้วน,173/1 บ.ดงน้อย ต.ปะโค อ.กุมภวาปี จ.อุดรธานี 41370,959313047,,,,,,7/30/2024 21:13:09
OR-00383,ร้านพี่เอ๋ บ.โนนยอ (1),บ.โนนยอ ต.บลหนองหว้า อ.กุมภวาปี จังหวัดอุดรธานี,832823329,,,,,,7/30/2024 21:13:09
OR-00384,ร้านปอป้อ ศรีธาตุ (3),,641690900,,,https://goo.gl/maps/TBwCu1Z8RdMzNEhh8,,"16.974172, 103.216044",7/30/2024 21:13:09
OR-00385,น้องขิม ไชยวาน,,,,,,,,7/30/2024 21:13:09
OR-00386,แม่ทองสุข (1),บ้าน เกิ้งน้อย,860742706,,,https://goo.gl/maps/EPJbp7pbnbFF21ys5,,"17.030150, 102.908021",7/30/2024 21:13:09
OR-00387,ร้านค้าประชารัฐบ้านหัวฝาย,351 ม.3 ต.โนนสะอาด อ.โนนสะอาด จ.อุดรธานี,917493272,,,,,,7/30/2024 21:13:09
OR-00389,ท่าลี่ซุปเปอร์ถูก(2),71 ม.4 บ.ท่าลี่ ต.ท่าลี่ อ.กุมภวาปี จ.อุดรธานี 41110,0941173057/หน้าร้าน,,,,,,7/30/2024 21:13:09
OR-00391,ร้านประคองการช่าง (นางปราณี ถอ่งตะคุ ห้อง309 A ),โรงแรม เค.พี,,,,,,,7/30/2024 21:13:09
OR-00392,พีชแอนพีร์ มินิมาร์ท(3),157/10 บ.คำแคน ต.ดอนสาย อ.กู่แก้ว จ.อุดรธานี 41130,644929799,,,,,,7/30/2024 21:13:09
OR-00393,ร้านแม่สลัด บ้านเชียงแหว(5),,856345747,,,https://goo.gl/maps/einQ1fhCViQK2dmu6,,"17.179482, 103.001979",7/30/2024 21:13:09
OR-00394,ร้านทองย้อย แสนสัมฤทธิ์ (4),เลขที่ 6/3 หมู่ 6 บ.โนนสำราญ ต.ท่าคันโท จ.กาฬสินธุ์ 46190,963957131,,,https://goo.gl/maps/9UbgmikXYa8BQLA86,,"16.939682, 103.216021",7/30/2024 21:13:09
OR-00395,โชคชัยเฟอร์นิเจอร์,,624356916,,,,,,7/30/2024 21:13:09
OR-00396,แม่นวลจันทร์ ตรงข้ามกับร้านอ้อยใจ (4),บ.นาเหล่า,933703879,,,https://goo.gl/maps/GeD8MyWbvo1WQsGD8,,"17.055908, 102.786011",7/30/2024 21:13:09
OR-00397,ครัวบ้านสวน (ตรงข้ามร้านไพบูลย์มินิมาร์ท)(5),171 หมู่1 บ.ห้วยสามพาด ต.ห้วยสามพาด อ.ประจักษ์ จ.อุดรธานี,630383114,,,,,,7/30/2024 21:13:09
OR-00398,อุทุมพร,บ.โคกสว่าง อ.หนองแสง,933606347,,,,,,7/30/2024 21:13:09
OR-00399,วรรณภา,93 ม.7 บ.ค้อน้อย ต.ทมนางาม อ.โนนสะอาด จ.อุดรธานี,970765560,,,,,,7/30/2024 21:13:09
OR-00400,ร้านค้าพ่อใหญ่จ่าจิตตร,179 ม.4 บ.ตูมเหนือ ต.ตูมใต้ อ.กุมภวาปี จ.อุดรธานี 41110,0953726414/แอพ,,,https://goo.gl/maps/MV87PBnEkeFxNQKV7,,"17.093269, 102.976989",7/30/2024 21:13:09
OR-00401,บริษัท แสงทรัพย์ โลจิสติคส์ จำกัด,45 ม.5 ต.แกใหญ่ อ.เมืองสุรินทร์ จ.สุรินทร์ 32000,44558801,,,,,,7/30/2024 21:13:09
OR-00402,กระต่ายไก่สด,บ.นาดี ต.ผาสุข,847625794,,,,,,7/30/2024 21:13:09
OR-00403,นางสาวสีหา กาญจะนะสอน (ร้านเฮียทองผักสด) (4),380/1 ตำบลนาตาล อำเภอท่าคันโท จังหวัดกาฬสินธุ์ 46190,945231735,,,https://goo.gl/maps/n5EnSr4sS6dW4wJk9,,"16.937564, 103.240611",7/30/2024 21:13:09
OR-00405,ร้าน หนึ่ง&นัส,13/8 บ.โนนเขวา ต.สีออ อ.กุมภวาปี จ.อุดรธานี 41110,832571374,,,,,,7/30/2024 21:13:09
OR-00406,ร้อยแก้ว อำศรีนวล,125/10 บ.โนนศรีสมพร ต.เสอเพลอ อ.กุมภวาปี จ.อุดรธานี,614686477,,,,,,7/30/2024 21:13:09
OR-00407,เอ็มเอ็มช็อป (2),หมู่บ้านท่าลี่ ตำบลท่าลี่ อำเภอกุมภวาปี จังหวัดอุดรธานี,832651424,,,,,,7/30/2024 21:13:09
OR-00408,ร้านสรอรรถ ท่าสี,ปั้มน้ำมัน ก่อนถึงร้านแม่สี ท่าสี,883243606,,,,,,7/30/2024 21:13:09
OR-00410,ร้านกรณ์ชวัลอุปกรณ์การยาง,230 หมู่ที่4 ตำบลทับกุง อำเภอหนองแสง จังหวัดอุดรธานี,858213564,,,,,,7/30/2024 21:13:09
OR-00411,ร้านอยู่เย็น,ที่อยู่ 138 หมู่ 3 บ้านปะโค ต.ปะโค อ.กุมภวาปี จ.อุดรธานี,934304095,,,https://maps.app.goo.gl/csQykJR8RniWHCbw6,,"17.057766, 102.920000",7/30/2024 21:13:09
OR-00412,ร้านค้าชุมชนบ้านจีต,23 ม.2 บ้านจีต ต.จีต อ.กู่แก้ว จ.อุดรธานี,928519932,,,,,,7/30/2024 21:13:09
OR-00413,ร้าน อาร์พี,เลขที่ 274 ม.3 บ.ดอนม่วง ต.นาม่วง อ.ประจักษ์ศิลปาคม จ.อุดรธานี,927199779,,,,,,7/30/2024 21:13:09
OR-00414,โซนัว ครัวคันนา,136 ม.8 ต.โนนสมบูรณ์ อ.เขาสวนกวาง จ.ขอนแก่น 40280,0661094553 (ลูกค้ามาซื้อเองไม่ต้องโทร),,,https://maps.app.goo.gl/6RvBGYjcdbMZ5toL6,,"17.023211, 102.739009",7/30/2024 21:13:09
OR-00415,ป.ถูก ซูเปอร์สโตร์ 7898,บ้านเลขที่ 15 หมูุ่10 ต.ทุ่งคลอง อ.คำม่วง จ.กาฬสินธุ์ 46180,094-2924299,,,https://goo.gl/maps/Sr6gRKhjJ2kFr4p19,,"16.928244, 103.636101",7/30/2024 21:13:09
OR-00416,ร้านบัวแดงคาเฟ่ บ้านเดียม,ร้านตั้งอยู่ที่ท่าเรือ จุดที่คนรอลงเรือ,0883099181/0833394520,,,,,,7/30/2024 21:13:09
OR-00417,กิจเจริญการค้า(2),103 ม.1ต.โนนสะอาด อ.โนนสะอาด จ.อุดรธานี,660728448,,,,,,7/30/2024 21:13:09
OR-00418,บริษัท ซีบีเอ็น ปิโตรเลี่ยม จำกัด,89/16 หมู่ 5 ซอยบ้านดงอุดม ตำบลหมากแข้ง อำเภอเมือง จังหวัดอุดรธานี 41000,934108998,,,,,,7/30/2024 21:13:09
OR-00419,ร้าน ป.ศิริการค้า(3),ที่อยู่ 289 หมู่ 4 บ้านเหล่าใหญ่ ต.แชแล อ.กุมภาปี จ.อุดรธานี,0878525114/ไลน์,,,https://goo.gl/maps/rkK3u9Cm6cfZ1qHf8,,"17.175131, 103.080957",7/30/2024 21:13:09
OR-00420,นางนวลศรี คำวิเศษ (3),57 บ.ป่าหวาย ม.4 ต.ตาลทอง อ.ศรีธาตุ จ.อุดรธานี 41230,625213352,,,https://maps.app.goo.gl/E6qPuEbNxskMDhzt8,,"17.024700, 103.091012",7/30/2024 21:13:09
OR-00421,ร้านอาร์พี นาม่วง,,927199779,,,,,,7/30/2024 21:13:09
OR-00422,ร้านแอมฟาพาณิชย์ [ปภาวริน สกุลวงธานี],85 หมู่ 1 ต.แสงสว่าง อ.หนองแสง จ.อุดรธานี 41340,805708182,,,https://goo.gl/maps/bpFUTC84P8qkymuKA,,"17.122146, 102.825532",7/30/2024 21:13:09
OR-00423,ร้านเกษรการค้า(3),164 หมู่ที่ 7 บ.กุดดอกคำ ต.ตาดทอง อ.ศรีธาตุ จ.อุดรธานี 41230,090-9122288,,,https://maps.app.goo.gl/pnVzQYUej1DJm9p96,,"17.029137, 103.060024",7/30/2024 21:13:09
OR-00424,ห้างหุ้นส่วนจำกัด ข.ไข่ มินิมาร์ท,625 หมู่7 ถ.นิกรสำราญ ต.หนองโก อ.กระนวน จ.ขอนแก่น 40170,,,,,,,7/30/2024 21:13:09
OR-00425,ห้างหุ้นส่วน บุญกอง กรุ๊ป จำกัด,323/2 บ.เหมือดแอ๋ ม.3 ต.ปะโค อ.กุมภวาปี จ.อุดรธานี 41370,0953710482/0944295113,,,,,,7/30/2024 21:13:09
OR-00426,สุนิสา หนองโก,,9617962,,,,,,7/30/2024 21:13:09
OR-00429,ร้านสุนทรี ตูมใต้,ทางไป อบต. ตูมใต้ (ทางทุ่งนา),890034267,,,,,,7/30/2024 21:13:09
OR-00430,อุ๊ วังสะพุง,,649677502,,,,,,7/30/2024 21:13:09
OR-00431,หมูแป๊ะสีออ,ติดถนนหลัก ก่อนเข้า บ้านสีออ,650891756,,,https://maps.app.goo.gl/iCKVJxXVpQAxvtBs9,,"17.010466, 103.052482",7/30/2024 21:13:09
OR-00432,ตี้,อยู่ใกล้ รร.พันดอนวิทยาสหกรณ์,610321625,,,,,,7/30/2024 21:13:09
OR-00433,โรงเรียนบ้านกงพาน,105 หมู่ 8 บ้านกงพาน ต.พันดอน อ.กุมภวาปี จ.อุดรธานี 41370,655896971,,,,,,7/30/2024 21:13:09
OR-00434,ร้านรักษาผลการค้า (ต.ตี้),เลขที่ 5 หมู่ 5 บ้านโคกสว่าง ต.บะยาว อ.วังสามหมอ จ.อุดรธานี 41280,0826123869/ไลน์,,,https://goo.gl/maps/eAuJQkmaSmELPGJf8,,"17.072762, 103.354989",7/30/2024 21:13:09
OR-00435,ร้านบูมบูม ทวีทรัพย์ (นส.นุชจรีย์ พละแสน),124 ม.5 ต.หนองแสง อ.หนองแสง จ.อุดรธานี 41340,989271099,,,https://goo.gl/maps/6fMkgTh1JtCFNGfZ7,,"17.187990, 102.841698",7/30/2024 21:13:09
OR-00436,น.ส.จารุวรรณ แสนแก้ว(2),เลขที่43 ม.1 ต.สีออ อ.กุมภวาปี จ.อุดรธานี 41110,930864026,,,https://maps.app.goo.gl/Pc9yT45QKAcQv6zK6,,"16.998087, 103.053380",7/30/2024 21:13:09
OR-00437,พี่หนุ่ม,,984950171,,,,,,7/30/2024 21:13:09
OR-00438,คุณเพ็ญแข (1),กุมภวาปี,894190125,,,,,,7/30/2024 21:13:09
OR-00439,บริษัท ศรีมั่งมี จำกัด(1),เลขที่ 99 หมู่ 1 ตำบลหนองแสง อำเภอหนองแสง จังหวัดอุดรธานี 41340,0647437229/ไลน์,,,https://maps.app.goo.gl/i7wmEhWXpRRzTj8c7,,"17.140590, 102.857195",7/30/2024 21:13:09
OR-00440,ร้านบ้านสวน(3),ตำบลบ้านโปร่ง อำเภออำเภอศรีธาตุ จังหวัดอุดรธานี,934352651,,,,,,7/30/2024 21:13:09
OR-00442,ร้านแม่นิจ ท่าเรือบ้านเดียม,ท่าเรือบ้านเดียม (บัวแดงคอฟฟี่),0833394520 *ปิดชั่วคราว*,,,https://goo.gl/maps/Y4opD6pJQgZSrNeZ8,,"17.212761, 103.034021",7/30/2024 21:13:09
OR-00443,โรงเรียนบ้านหมากบ้าเลาโคกกลาง,หมู่ 3 ต.เชียงแหว อ.กุมภวาปี จ.อุดรธานี 41110,,,,,,,7/30/2024 21:13:09
OR-00444,วาสิตา มินิมาร์ท(2),เลขที่ 71 ม.3 หมู่บ้านท่าม่วง ต.เวียงคำ อ.กุมภวาปี จ.อุดรธานี 41110,803373834,,,,,,7/30/2024 21:13:09
OR-00445,สมร การค้า(2),เลขที่ 121 หมู่ 10 หมู่บ้านศรีสุข ต.ท่าลี่ อ.กุมภวาปี จ. อุดรธานี 41110,981503698,,,,,,7/30/2024 21:13:09
OR-00446,พี่องุ่นโค้ก,,0887389688/0888904383,,,,,,7/30/2024 21:13:09
OR-00447,นางสาวนิ่มนวล เหลืองอร่าม,144/7 ต.ตาดทอง อ. ศรีธาตุ จ. อุดรธานี ต.ตาดทอง อ.ศรีธาตุ จ.อุดรธานี 41230,930098243,,,,,,7/30/2024 21:13:09
OR-00448,นส.นงลักษณ์ อินทร์อ่อน(4),248 บ้านหนองแข้ ต.ดงมูล อำเภอหนองกรุงศรี จ.กาฬสินธุ์,0909653320/ไลน์,,,,,,7/30/2024 21:13:09
OR-00449,บริษัท ตั้งธนสิน จำกัด ( สำนักงานใหญ่ ),เลขที่ 36 ถนนรังสิต-ปทุมธานี ต.ประชาธิปัตย์ อ.ธัญบุรี จ.ปทุมธานี 12130,295813559,02-958-1360,,,,,7/30/2024 21:13:09
OR-00450,ก๋วยเตี๋ยวนิวสตาร์ (สี่แยกหมอจักรวาล) (1),,0924944698/ไลน์,,,https://goo.gl/maps/YFGPSuvSm15TxxA5A,,"17.108599, 103.015875",7/30/2024 21:13:09
OR-00451,ตระกูลชัย ออโตพลัส (เมืองเก่า),,616971321,,,https://goo.gl/maps/FzABuhGr2L9CgCaq7,,"17.130482, 102.960230",7/30/2024 21:13:09
OR-00452,แม่น้อย ปะโค,99 หมู่ 1 บ้านปะโค อ.กุมภวาปี จ.อุดรธานี,943826382,,,https://goo.gl/maps/EGzfBDgAWpnnYMWM8,,"17.108345, 102.941789",7/30/2024 21:13:09
OR-00453,สหกรณ์โรงเรียนบ้านเหล่าหมากจันทร์(2),โรงเรียนเหล่าหมากจันทร์คำล่องประชานุกูล ต.ท่าลี่ อ.กุมภวาปี จ.อุดรธานี,801796240,,,https://goo.gl/maps/hCdri9ncYZigziXy9,,"16.922210, 103.040979",7/30/2024 21:13:09
OR-00454,มหาวิทยาลัยราชภัฏอุดรธานี,64 ถนนทหาร ต.หมากแข้ง อ.เมืองอุดรธานี จ.อุดรธานี 41000,,,,https://goo.gl/maps/E8Aqxy2pStGD3vaV8,,"17.397671, 102.794308",7/30/2024 21:13:09
OR-00455,นส.วราภรณ์ ชาญนรา (บ้านเชียงแหว),73 หมู่ 11 ต.เชียงแหว อ.กุมภวาปี จ.อุดรธานี,962870839,,,,,,7/30/2024 21:13:09
OR-00456,บริษัท น้ำตาลกุมภวาปี จำกัด (สาขาที่ 00001),เลขที่ 73 หมู่ที่ 11 ถนนโพนทอง ตำบลกุมภวาปี อำเภอกุมภวาปี จังหวัดอุดรธานี 41110,982309274,,,,,,7/30/2024 21:13:09
OR-00457,ห้างหุ้นส่วนจำกัด ถูก ซูเปอร์สโตร9999,เลขที่ 285 หมู่ 3 ตำบลบ้านผือ อำเภอบ้านผือ จังหวัดอุดรธานี 41160,626639535,,,,,,7/30/2024 21:13:09
OR-00458,จ่าพร,บ้านโนนมะข่า,0807373159จ่าพร,,,,,,7/30/2024 21:13:09
OR-00459,บริษัท เงินติดล้อ จำกัด ( มหาชน ) สำนักงานใหญ่,428 อาคารอารีย์ ฮิลล์ ชั้น 9-15 ถนนพหลโยธิน ต.สามเสนใน อ.เขตพญาไท จ.กรุงเทพมหานคร 10400,27921888,,,,,,7/30/2024 21:13:09
OR-00460,แม่บุญคอง ปะโค,125 ม.16 บ้านปะโค ต.ปะโค อ.กุมภวาปี จ.อุดรธานี,653261751,,,,,,7/30/2024 21:13:09
OR-00461,บริษัท ดีเคพี เอ็นจิเนียริ่ง ( 2556 ) จำกัด,137/10 หมู่ 21 ถ.นิมิตใหม่ ต.ลำลูกกา อ.ลำลูกกา จ.ปทุมธานี 12150,29930686,02-993-0409,,,,,7/30/2024 21:13:09
OR-00462,ร้านกรณ์ชวัลอุปกรณ์การยางพารา,123 หมู่ 4 ต.ทับกุง อ.หนองแสง จ.อุดรธานี,858213564,,,,,,7/30/2024 21:13:09
OR-00463,กู่แก้วเครื่องเขียน,490 หมู่7 ต.บ้านจีต อ.กู่แก้ว จ.อุดรธานี,959798089,,,,,,7/30/2024 21:13:09
OR-00464,พ่อสุภาพ บ้านปอ,259 ม.6 ต.กุมภวาปี อ.กุมภวาปี จ.อุดรธานี,621592714,,,,,,7/30/2024 21:13:09
OR-00465,เก๋กู๊ดช้อป,เลขที่167 ม.6 บ.ห้วยกองสี ต.ตูมใต้ อ.กุมภวาปี จ.อุดรธานี 41110,628565426,,,https://goo.gl/maps/bkuVyZeFSPLgACmd6,,"17.077492, 102.933395",7/30/2024 21:13:09
OR-00466,หจก.จิตไพศาล ซุุปเปอร์สโตร์ 999,เลขที่ 193 หมู่ 7 ต.พรเจริญ อ.พรเจริญ จ.บึงกาฬ 38180,910641735,,,,,,7/30/2024 21:13:09
OR-00467,แม่สมร บ้านท่าม่วง,บ้านท่าม่วง ตำบลเวียงคำ,0924233856,,,https://maps.app.goo.gl/TJTjckuEGMRFx7HC9,,"17.076107, 103.027880",7/30/2024 21:13:09
OR-00468,ตาน้อย บ้านป่ากุง,ต.ห้วยเกิ้ง อ.กุมภวาปี จ.อุดรธานี,872330845,,,,,,7/30/2024 21:13:09
OR-00469,ร้านสุรีย์พร (3),เลขที่ 41 หมู่ 1 ต.บ้านโปร่ง อ.ศรีธาตุ จ.อุดรธานี,807429350,,,https://goo.gl/maps/anUpRB7vXcPWgo5AA,,"17.013651, 103.115968",7/30/2024 21:13:09
OR-00470,โอรส สวรรค์,240 ม.6 ต.เวียงคำ อ.กุมภวาปี จ.อุดรธานี,649185059,,,,,,7/30/2024 21:13:09
OR-00471,เอสพี หมูสด-ไก่สด,192/2 หมู่ที่ 2 ต.โนนสะอาด อ.โนนสะอาด จ.อุดรธานี 41240,811810745,,,https://goo.gl/maps/VMbbQiyR1UhaxM3t6,,"16.976478, 102.894861",7/30/2024 21:13:09
OR-00472,น้องออโต้ บ.เมืองปัง(5),เลขที่ 146 หมู่ 3 บ้านเมืองปัง ต.อุ่มจาน อ.ประจักศิลปาคม จ.อุดรธานี,858619273,,,,,,7/30/2024 21:13:09
OR-00473,แม่นก บ้านเมืองพรึก (นางกองกาญจน์ พันพินิจ),เลขที่ 61 หมู่ที่ 3 ต.แชแล อ.กุมภวาปี จ.อุดรธานี,887405441,,,,,,7/30/2024 21:13:09
OR-00474,แม่อั๋น บ้านดอนสวรรค์ (นางยมนา ลาภชน),เลขที่ 55 หมู่ 7 บ้านดอนสวรรค์ ต.ตูมใต้ อ.กุมภวาปี จ.อุดรธานี,870469418,,,,,,7/30/2024 21:13:09
OR-00475,นางสาวอรณี พิมวาปี (ร้าน 69 เจริญทรัพย์) (1),69/8 บ.โนนสิมมา ต.ตูมใต้ อ.กุมภวาปี จ.อุดรธานี 41110,0849028027แอพ+ไลน์,,,https://goo.gl/maps/XH6izCbUrswugXYt7,,"17.069431, 102.954000",7/30/2024 21:13:09
OR-00476,ร้านโพศรี,บ้านหัวฝาย ต.โนนสะอาด อ.โนนสะอาด จ.อุดรธานี,810532016,,,,,,7/30/2024 21:13:09
OR-00477,ร้านแม่อิ๋ง บ้านพันดอน,154 หมู่ 7 บ้านพันดอน ต.พันดอน อ.กุมภวาปี จ.อุดรธานี 41370,8723332020,,,,,,7/30/2024 21:13:09
OR-00478,โรงเรียนบ้านเหล่าแชแลหนองแวง,97 หมู่ 1 ต.แชแล อ.กุมภวาปี จ.อุดรธานี,807474848,,,https://goo.gl/maps/Z5Q81us9eJNVDTtn9,,"17.176025, 103.073488",7/30/2024 21:13:09
OR-00479,ร้านไทย พิน การค้า,62/3 บ.หมากบ้า ต.เชียงแแหว อ.กุมภวาปี จ.อุดรธานี,971497659,,,,,,7/30/2024 21:13:09
OR-00480,บริษัท จัดหางาน เจพีเอ โกลบอล จำกัด ( สำนักงานใหญ่ ),เลขที่287 อาคารลิเบอร์ตี้สแควร์ ชั้นที่ 10 ห้องเลขที่ 1004B ถนนสีลม ต.สีลม อ.เขตบางรัก จ.กรุงเทพมหานคร 10500,20204134,,,,,,7/30/2024 21:13:09
OR-00481,รำไพ สุขรมย์ (ศรีธาตุ),,855968845,,,,,,7/30/2024 21:13:09
OR-00482,ร้านจูเนียร์ มาร์เก็ต,เลขที่ 178 หมู่ 10 บ้านหนองบัวเงิน ต.หนองไผ่ อ.เมือง จ.อุดรธานี 41330,817992127,,,,,,7/30/2024 21:13:09
OR-00484,เจแอนด์บี บ.หนองหว้า (1),32 หมู่ 7 บ.หนองหว้า ต.หนองหว้า อ.กุมภวาปี จ.อุดรธานี,820415682,,,,,,7/30/2024 21:13:09
OR-00485,ร้านเดอะซันหมูกะทะ บ้านหนองกวาง,53 หมู่ 4 บ้านหนองกวาง ต.สีออ อ.กุมภวาปี จ.อุดรธานี,823246551,,,,,,7/30/2024 21:13:09
OR-00486,พิทักษ์ การค้า,194 ม.11 บ.ดงแคน ต.พันดอน อ.กุมภวาปี จ.อุดรธานี,651120081,,,,,,7/30/2024 21:13:09
OR-00487,ร้านรุ่ง มินิมาร์ท(3),125 ม.3 ต.หัวนาคำ อ.ศรีธาตุ จ.อุดรธานี 41230,639014367,,,,,,7/30/2024 21:13:09
OR-00488,ร้านพิกุล บ.เหมือดแอ (นส.กุล โคตรวงศ์),เลขที่ 7 หมู่ 3 บ้านเหมือดแอ ต.ปะโค อ.กุมภวาปี จ.อุดรธานี,811579389,,,,,,7/30/2024 21:13:09
OR-00489,ร้านตาแดง พาณิชย์,49 ม.3 บ.กุดขนวน ต.บุ่งแก้ว อ.โนนสะอาด 41240,628910110,,,,,,7/30/2024 21:13:09
OR-00492,สุปราณีการค้า (2),169 ม.9 ต.ท่าลี่ อ.กุมภวาปี จ.อุดรธานี,886021435,,,,,,7/30/2024 21:13:09
OR-00495,บริษัท เคแพค อินเตอร์เทรด จำกัด,156 หมู่ที่ 5 ถ. มิตรภาพ ต.สำราญ อ.เมืองขอนแก่น จ.ขอนแก่น 40000,43393666,,,,,,7/30/2024 21:13:09
OR-00496,หจก เอิ้อปัญญา,179 หมู่ 4 ต.พันดอน อ.กุมภวาปี จ.อุดรธานี 41370,,,,,,,7/30/2024 21:13:09
OR-00498,ยกเลิก,,,,,,,,7/30/2024 21:13:09
OR-00499,เอื้องฟ้า พาณิชย์,162 ม.1 บ.แสงสว่าง ต.แสงสว่าง อ.หนองแสง จ.อุดรธานี 41340,981433138,,,https://maps.app.goo.gl/Y7W9csnn7PWHBwJUA,,"17.116531, 102.826936",7/30/2024 21:13:09
OR-00500,ร้านทวีคูณ บ้านกู่แก้ว,459 หมู่ 7 บ.กู่แก้ว ต.บ้านจีต อ.กู่แก้ว อ.กู่แก้ว จ.อุดรธานี 41130,850106643,,,,,,7/30/2024 21:13:09
OR-00501,นายก้องกาศ ชินเกษร (บ้านม่วงสีสมพร),39 หมู่ 9 บ้านม่วงสีสมพร ต.โพธิ์ศรีสำราญ อ.โนนสะอาด จ.อุดรธานี 41240,806391191,,,,,,7/30/2024 21:13:09
OR-00502,ร้านแม่เล็ก บ้านหินลาด,25 ม.9 ต.โคกกลาง อ.โนนสะอาด จ.อุดรธานี,0652943089//0612420917,,,,,,7/30/2024 21:13:09
OR-00503,ร้านกุ่งกิ้ง (นิภา เกษแก้ว) โปงคอม,เลขที่ 24 หมู่ 15 ต.เวียงคำ,,,,,,,7/30/2024 21:13:09
OR-00504,นวลจันทร์ (แม่นุช) ต.หนองกุงศรี,เลขที่ 15 ม.10 ต.หนองกุงศรี อ.โนนสะอาด จ.อุดรธานี,989628665,,,,,,7/30/2024 21:13:09
OR-00505,ร้านแชมป์การค้า (4),เลขที่ 88 หมู่ 6 ต.กุงเก่า อ.ท่าคันโท จ.กาฬสินธุ์ 46190,,,,,,,7/30/2024 21:13:09
OR-00506,ร้านตุ๊กตา ตลาดสดกุมภวาปี,ตลาดสดกุมภวาปี โซน 4,801840616,,,https://goo.gl/maps/NjTKGagQNj7aa9Jn8,,"17.110810, 103.015000",7/30/2024 21:13:09
OR-00507,วาสนา กนกกาญจนานนท์ บ้านโคกสี,229 ม.3 บ้านโคกสี ต.นาดี อ.หนองแสง จ.อุดรธานี,649468319,,,,,,7/30/2024 21:13:09
OR-00508,ร้านป็อปอาย (1),91 ม.8 ต.ห้วยเกิ้ง อ.กุมภวาปี,979351380,,,https://goo.gl/maps/Awjo6bwcRG2sF3Lt9,,"17.048522, 102.922952",7/30/2024 21:13:09
OR-00509,พ่อสมยศ บ้านดงน้อย,ต.ปะโค อ.กุมภวาปี จ.อุดรธานี,849561137,,,,,,7/30/2024 21:13:09
OR-00510,ฉัตรชัยการค้า (4) ทคท,183 หมู่ 6 บ้านโคกกลาง ต.ดงมูล อ.หนองกุงศรี จ.กาฬสินธุ์,0895435898/0652523889,,,https://goo.gl/maps/NgqioyCWHyUQPMCw5,,"16.786749, 103.295660",7/30/2024 21:13:09
OR-00511,พี่แก้ว บ้านทับกุง (1),356 ม.11 บ้านทับกุง ต.ทับกุง อ.หนองแสง จ.อุดรธานี 41340 (หลังวัดรัตนศรีบุญเรืองบ้านทับกุงม.11),644568827,,,https://maps.app.goo.gl/VPuZWDG2teRPHxhz5,,"17.170702, 102.771718",7/30/2024 21:13:09
OR-00512,อุบลพาณิชย์ บ้านศรีสวัส,47 หมู่ 8 บ้านศรีสวัส ต.โพธิ์ศรีสำราญ อ.โนนสะอาด จ.อุดรธานี,821044410,,,,,,7/30/2024 21:13:09
OR-00513,นายเทิดศักดิ์ โพธิ์สิม,410 หมู่ที่ 1 ต.ทมนางาม อ.โนนสะอาด จ.อุดรธานี 41240,870604931,,,,,,7/30/2024 21:13:09
OR-00514,คุณนภา/วัดป่าปิยธรรม,วัดป่าปิยธรรม,945361625,,,,,,7/30/2024 21:13:09
OR-00515,ยอยุ้ย กวดวิชา,329 บ้านพันดอน ต.พันดอน อ.กุมภวาปี จ.อุดรธานี 41370,"9,914,556,290,655,250,000",,,https://maps.app.goo.gl/NmjCGEnjckfKzmdWA?g_st=il,,"17.135584, 102.944292",7/30/2024 21:13:09
OR-00516,ติ๊งหนุ่ย บ้านสงเปลือย,319 หมู่ 1 บ้านสงเปลือย ต.เสอเพลอ อ.กุมภวาปี จ.อุดรธานี,804936108,,,,,,7/30/2024 21:13:09
OR-00517,ขนมดอกจอก(แม่ตุ๋ย),บ้านเชียงแหว,0930052819//0862334819,,,,,,7/30/2024 21:13:09
OR-00518,พี่ต่าย บ้านดอนแคน,,658846879,,,,,,7/30/2024 21:13:09
OR-00519,แม่สายสมรหมูสด,บ.โคกสว่าง ต.สีออ อ.กุมภวาปี จ.อุดรธานี,0635890485/0982217115,,,,,,7/30/2024 21:13:09
OR-00520,เกรียงไกรพาณิชย์,บ้านเชียงแหว,821174149,,,https://maps.app.goo.gl/Y5W1PNuLkQYpTWQHA,,"17.170551, 102.982453",7/30/2024 21:13:09
OR-00521,ขนมไข่หงส์ พันล้าน ดงเมือง,418/2 ม.7 ต.กุมภวาปี อ.กุมภวาปี จ.อุดรธานี 41110,0647942776/ไลน์,,,https://goo.gl/maps/pCWgzQCDGp8oBd8r6,,"17.106882, 103.020000",7/30/2024 21:13:09
OR-00522,ออ.ติ้น(ร้านเที่ยง สาขา 2 เก่า),50 หมู่ 14 ต.ปะโค อ.กุมภวาปี จ.อุดรธานี,935488094,,,,,,7/30/2024 21:13:09
OR-00523,ศิริกาญจน์ ชินวงศ์,ทะเลบัวแดง,615566561,,,,,,7/30/2024 21:13:09
OR-00524,แม่อุไรวรรณ,88/9 บ.บุ่งแก้ว ต.บุ่งแก้ว อ.โนนสะอาด จ.อุดรธานี 41240,821139458,,,,,,7/30/2024 21:13:09
OR-00525,แม่สมหมาย โนนสิมมา,,0962023541,,,,,"17.070612, 102.953703",7/30/2024 21:13:09
OR-00526,ร้านน้องเปรี้ยว,โรงอาหารลานอ้อย โรงงานน้ำตาลเกษตร,855908138,,,,,,7/30/2024 21:13:09
OR-00527,บริษัท ธนัทกร อินเตอร์เนชั่นแนล จำกัด,294/8 ถ.เลียบมอเตอร์เวย์-ร่มเกล้า แขวงคลองสามประเวศ เขตลาดกระบัง กรุงเทพมหานคร 10520,922735956,,,,,,7/30/2024 21:13:09
OR-00528,ร้านไอเดีย 88 บ้านเมืองงาม แสนสิริ,เลขที่ 252/89 บ้านเมืองงาม แสนสิริ (ตรงข้ามปั๊ม PT ใกล้โลตัสใหญ่),0639302491/0956701088/หน้าร้าน+แอพ,,,,,,7/30/2024 21:13:09
OR-00529,วราวุธ มิสาโท,,0986271508,,,https://maps.app.goo.gl/4T13ZENCr5H2Ynjp6,,"17.070312, 102.887073",7/30/2024 21:13:09
OR-00530,ศุภรัตน์การค้า,501 ม.10 ถ.ยิ้มประสิทธิ์ ต.กุมภวาปี อ.กุมภวาปี จ.อุดรธานี,0862234847/ไลน์,,,,,,7/30/2024 21:13:09
OR-00531,ทอมมินิมาร์ท,บ.ตูมใต้,981803369,,,,,,7/30/2024 21:13:09
OR-00532,โรงเรียนบ้านโพธิ์ชัยดอกคำ,ม.3 ต.โพธิ์ศรีสำราญ อ.โนนสะอาด จ.อุดรธานี 41240,982126256,,,,,,7/30/2024 21:13:09
OR-00533,ร้านพีจี นาม่วง (5),,0843335356/ไลน์,,,https://goo.gl/maps/gnZwoLfNT11gJLpg7,,"17.212631, 102.993979",7/30/2024 21:13:09
OR-00534,ฟาร์มฮัก บ.สงเปลือย,เลขที่ 337 ม.1 บ้านสงเปลือย อ.กุมภวาปี จ.อุดรธานี,611309408,,,,,,7/30/2024 21:13:09
OR-00535,รัตดาวรรณพาณิชย์,ยูเทิร์นห้วยเกิ้ง,621506319,,,,,,7/30/2024 21:13:09
OR-00536,ลักขณาการค้า,134 ม.3 บ.โคกสี ต.นาดี อ.หนองแสง จ.อุดรธานี 41340,821252699,,,,,,7/30/2024 21:13:09
OR-00537,แม่ลำดวน บ.ห้วยก้องสี,เลขที่ 156 หมู่ 6 ต.ตูมใต้ อ.กุมภวาปี จ.อุดรธานี 41110,807574316,,,https://goo.gl/maps/JcfapbtPeD6GtFwr6,,"17.077250, 102.928980",7/30/2024 21:13:09
OR-00538,ก๋วยเตี๋ยวอ้อม(5),บ.โพนทอง ต.อุ่มจาน อ.ประจักษ์ศิลปาคม,825724522,,,,,,7/30/2024 21:13:09
OR-00539,น้องข้าวปั้น,บ.หนองบ่อ 20/1 ม.6 ถ.ไก่เถื่อน-ทุ่งแร่ ต.หมูหม่น อ.เมือง จ.อุดรธานี 41000,,,,,,,7/30/2024 21:13:09
OR-00540,อั่งเปา อ.ศรีธาตุ (3),เลขที่ 80 ม.1 ต.เวียงคำ บ้านนาแบก อ.กุมภวาปลี จ.อุดรธานี 41110,986576988,,,,,,7/30/2024 21:13:09
OR-00541,อริสา อาหารสด,เลขที่ 206 หมู่ 7 บ้านพันดอน ต.พันดอน อ.กุมภวาปี จ.อุดรธานี,990301318,,,,,,7/30/2024 21:13:09
OR-00542,ร้าน จ.เจริญ ใกล้ลานรับซื้ออ้อยซื้อมัน (2),เลขที่ 20 หมู่ 8 บ้านโนนยอ ต.หนองหว้า อ.กุมภวาปี จ.อุดรธานี,806064735,,,https://goo.gl/maps/5USCgbszsofc329A6,,"17.027562, 102.951968",7/30/2024 21:13:09
OR-00543,นส.กนกทิพย์ บ้านกุดขอนแก่น,เลขที่ 69 ม.9 บ้านกุดขอนแก่น ต.กุงเก่า อ.ท่าคันโท จ.กาฬสินธุ์,611454100,,,,,,7/30/2024 21:13:09
OR-00544,มงคลน้ำดื่ม บ.ท่าลี่,ใกล้ลาดตลาดนัดท่าลี่,931194528,,,,,,7/30/2024 21:13:09
OR-00545,เจ้น้อย ใกล้กับร้านสุวรรณา,ห้วยเกิ้ง,894200866,,,,,,7/30/2024 21:13:09
OR-00546,แม่เกวริน บ.อุ่มจาน,เลขที่ 117/8 ต.อุ่มจาน อ.ประจักษ์ จ.อุดรธานี 41110,925680719,,,,,,7/30/2024 21:13:09
OR-00547,พี่ดอนลีโอ,,,,,,,,7/30/2024 21:13:09
OR-00548,ร้านรวยคัก บ.หนองม่วง,เลขที่ 281 ม.12 บ้านหนองม่วง ต.โคกกลาง อ.โนนสะอาด,819280698,,,https://goo.gl/maps/3FSRGyHcBkHhKhgq9,,"16.943262, 102.941021",7/30/2024 21:13:09
OR-00549,ร้าน อนัญญา พานิชย์,44 ม.11 ต.เสอเพลอ อ.กุมภวาปี จ.อุดรธานี 41370,0932780878/ไลน์,,,https://maps.app.goo.gl/3GHdfHgYbfoqBLiV6,,"17.254573, 102.817129",7/30/2024 21:13:09
OR-00550,ทูวเจ,17 ม.2 บ.นาฝาย ต.นาดี อ.หนองแสง จ.อุดรธานี 41340,899441276,,,https://goo.gl/maps/8kmsmpb4pgYFLPc4A,,"17.086099, 102.855968",7/30/2024 21:13:09
OR-00551,ร้านค้าแม่คอยหนองนกเขียน,91 ม.1 บ.หนองนกเขียน ต.หนองนกเขียน อ.ศรีธาตุ จ.อุดรธานี 41230,807433447,,,https://goo.gl/maps/m7YiCPdQmZMh1ags9,,"17.005931, 103.285979",7/30/2024 21:13:09
OR-00553,ร้านอดุลย์ การค้า,เลขที่ 31 หมู่ 6 ต.โนนสะอาด อ.โนนสะอาด จ.อุดรธานี,903728050,,,https://goo.gl/maps/b1bho55Xt9zm7UVN8,,"16.970910, 102.874957",7/30/2024 21:13:09
OR-00554,คุณพอใจแอนด์เซอร์วิส,,942621888,,,,,,7/30/2024 21:13:09
OR-00555,แม่สงวน บ.ทมนางาม,150หมู่1 บ.ทมนางาม ต.ทมนางาม อ.โนนสะอาด จ.อุดรธานี 41240,952603791,,,https://goo.gl/maps/p1tndjL56HKhjVq29,,"16.892662, 102.941979",7/30/2024 21:13:09
OR-00556,ส.สุชาติ การค้า,84 ม.5 บ.วังแข้ ต.โนนทองอินทร์ อ.กู่แก้ว จ.อุดรธานี 41130,970404185,,,,,,7/30/2024 21:13:09
OR-00557,ร้านศิริพรการค้า,85 ม.16 บ.น้ำฆ้อง ต.พันดอน อ.กุมภวาปี จ.อุดรธานี 41370,,,,,,,7/30/2024 21:13:09
OR-00558,ขวัญข้าวพาณิชย์,299/2 ม.6 หมู่บ้านหนองลุมพุก ต.นาม่วง อ.ประจักษ์ จ.อุดรธานี 41110,886695524,,,https://goo.gl/maps/WsEwSCVT8EYgNWV76,,"17.278230, 102.985989",7/30/2024 21:13:09
OR-00559,คุณวิ (ประตูสีฟ้า ข้าง 7-11 เมืองเก่า),,0949139563/0818625673,,,https://goo.gl/maps/REGBgPaXmVqBSdHb6,,"17.134318, 102.965003",7/30/2024 21:13:09
OR-00560,ส่งวัดจันโทประสิทธิ์ อ.ศรีธาตุ ในนามผู้สั่ง คุณเอกภาพ​ ธันวารชร,วัดจันโทประสิทธิ์วนาราม​ อ.ศรีธาตุ อำเภอ จ.อุดรธานี 41230,949879526,,,,,,7/30/2024 21:13:09
OR-00561,กาญจนา บ.ดงสามสิบ,บ้านดงสามสิบ ต.เสอเพลอ,614045994,,,https://goo.gl/maps/74nZ486EBdxNAEUd7,,"17.187367, 102.911460",7/30/2024 21:13:09
OR-00562,แม่หนึ่ง บ.คำค้อ,ต.หัวนาคำ อ.ศรีธาตุ,989706482,,,,,,7/30/2024 21:13:09
OR-00564,ร้านน้องมีน (พ่อลือชัย ใจสามารถ),เลขที่ 106 บ้านโนนสิมมา ต.ตูมใต้ อ.กุมภวาปี จ.อุดรธานี,987530413,,,,,,7/30/2024 21:13:09
OR-00565,ศรีขาว พาณิชย์ (3),17/11 บ้านโพธิ์งาม ต.บ้านโปร่ง อ.ศรีธาตุ,822049101,,,,,"17.013224, 103.118641",7/30/2024 21:13:09
OR-00566,นางสุพรรนี บ.นกขะบา,ต.เชียงเหว อ.กุมภวาปี จ.อุดรธานี,818287769,,,,,,7/30/2024 21:13:09
OR-00567,ห้างหุ้นส่วนจำกัด ณัฐฐ์ชุดา การค้า,เลขที่ 113/7 ม.7 ต.แม่ปะ ต.แม่สอด จ.ตาก,,,,,,,7/30/2024 21:13:09
OR-00568,สามกอมินิมาร์ท,216/10 ต.เชียงแหว อ.กุมภวาปี จ.อุดรธานี 41110,0639827245/ไลน์,,,https://goo.gl/maps/mYeFb6v5vvCzPANKA,,"17.216531, 103.031979",7/30/2024 21:13:09
OR-00569,รุ่งรัตน์การค้า บ.ศรีสว่าง,เลขที่ 107 ม.3 ต.สีออ อ.กุมภวาปี จ.อุดรธานี,848685830,,,,,,7/30/2024 21:13:09
OR-00570,ร้านประสพโชค,ต.ศรีธาตุ อ.ศรีธาตุ จ.อุดรธานี 41230,803553779,,,,,,7/30/2024 21:13:09
OR-00571,เกวลิน บ.ดอนค้อ,เลขที่ 167 ม.2 ต.นาม่วง อ.ประจักษ์ จ.อุดรธานี,841033675,,,,,,7/30/2024 21:13:09
OR-00572,ร้าน ช่างบอย,285 ม.4 บ.ทับไฮ ต.แสงสว่าง อ.หนองแสง จ.อุดรธานี 41340,611438463,,,,,,7/30/2024 21:13:09
OR-00573,พี่ปู กงพาน (ปลัด วันไชย),เทศบาลพันดอน,929498791,,,,,,7/30/2024 21:13:09
OR-00574,หจก.โชค มาร์เก็ตติ้ง (สำนักงานใหญ่),265/5 หมู่4 ถนนอุดร-กุดจับ ตำบลบ้านเลื่อม อำเภอเมืองอุดรธานี จังหวัดอุดรธานี 41000,,,,,,,7/30/2024 21:13:09
OR-00575,พี่ส้ม บ.โนนสำราญ,บ้านโนนสำราญ ต.บุ่งแก้ว อ.โนนสะอาด,0654038503/0933910939,,,,,,7/30/2024 21:13:09
OR-00576,นางสังวร ราชโคตร,102 ม.12 บ.โนนสำราญ ต.บุ่งแก้ว อ.โนนสะอาด จ.อุดรธานี 41240,933910939,,,,,,7/30/2024 21:13:09
OR-00577,เอ็น ดี2,68 ต.หนองหว้า อ.กุมภวาปี จ.อุดรธานี 41110,879975957,,,"https://www.google.com/maps/search/?api=1&query=17.020079035042514,102.94786913627452",,"17.020609, 102.947784",7/30/2024 21:13:09
OR-00578,ร้าน ห้วยจันทรา (3),258 ม.4 ต.ห้วยเกิ้ง อ.กุมภวาปี จ.อุดรธานี 41110,817684947,,,https://maps.app.goo.gl/b2xKCoyKydw7MkWo6,,,7/30/2024 21:13:09
OR-00579,ยายทองนาค,,929794091,,,,,,7/30/2024 21:13:09
OR-00580,บริษัท ทรัพย์อุดม จำกัด,219 หมู่ 9 ถนนอุดมสามัคคี ตำบลพันดอน อำเภอกุมภวาปี จังหวัดอุดรธานี 41370,,,,,,,7/30/2024 21:13:09
OR-00581,แม่กาญ โนนสะอาด,บ้านม่วงดง,0614788182/0631055805,,,,,,7/30/2024 21:13:09
OR-00582,พรทิพย์ ดีสร้อย (แม่นางน้อย),,811305288,,,,,,7/30/2024 21:13:09
OR-00583,บริษัท ยูโร สปอร์ต แอนด์ มิตรภาพ กรุ๊ป จำกัด,23 หมู่ที่1 ถ.มิตรภาพอุดร-ขอนแก่น ต.โนนสะอาด อ.โนนสะอาด จ.อุดรธานี 41240,42110215,,,,,,7/30/2024 21:13:09
OR-00584,ร้าน อุไร บ.โนนสา,270 ม.4 บ.โนนสา ต.นาม่วง อุประจักษ์ จ.อุดรธนรี 41110,983168175,,,,,,7/30/2024 21:13:09
OR-00585,สามสาว,,980510645,,,,,,7/30/2024 21:13:09
OR-00586,ร้านก้านทอง อ.ท่าคันโท,188 หมู่1 บ.ท่าคันโท ต.ท่าคันโท อ.ท่าคันโท จ.กาฬสินธุ์ 46190,825212707,,,,,,7/30/2024 21:13:09
OR-00587,ร้านผึ้ง บ.โคกกลางน้อย,91 ม.7 บ.โคกกลางน้อย ต.นาดี อ.หนองแสง จ.อุดรธานี 41340,956193369,,,,,,7/30/2024 21:13:09
OR-00588,ฐิติรัตน์การค้า บ.โคกกลาง (2),29 ม.5 บ้านโคกกลาง ต.นาม่วง อ.ประจักษ์ จ.อุดรธานี,0610313776/ไลน์,,,https://maps.app.goo.gl/xBa8pKnxgNVnFHAS9,,"17.209032, 102.961925",7/30/2024 21:13:09
OR-00589,ร้าน เจอามาเก็ต,41 ม.2 ต.หนองกุงศรี อ.โนนสะอาด จ.อุดรธานี 41240,811718180,,,https://goo.gl/maps/QYAQB7B7nFCwjn627,,"17.035921, 102.808989",7/30/2024 21:13:09
OR-00590,บริษัท ไฮ-เกียร์ จำกัด,288/4 ถนนเอกชัย แขวงคลองบางพราน เขตบางบอน กทม.10150,,,,,,,7/30/2024 21:13:09
OR-00591,ตาเถียร บ.หนองนกเขียน,74 ม.1 ต.หนองนกเขียน อ.ศรีธาตุ จ.อุดรธานี,931768459,,,https://goo.gl/maps/8sk2rfPhABcpFU1g8,,"17.007641, 103.287021",7/30/2024 21:13:09
OR-00593,กองทุนหมู่บ้านโนนทองคำเจริญ,76/3 บ.โนนทองคำเจริญ ม.3 ต.หนองกุงศรี อ.โนนสะอาด จ.อุดรธานี 41240,0983417781/0989238071,,,,,,7/30/2024 21:13:09
OR-00594,ร้านค้าสุภาภรณ์รุงเรืองการค้า,93 ม.8 บ.หนองกุง ต.บงเหนือ อ.สว่างแดนดิน จ.สกลนคร 47110,985819120,,,,,,7/30/2024 21:13:09
OR-00596,เอ็มเคช๊อป,71 ม.4 ต.พันดอน อ.กุมภวาปี จ.อุดรธานี,829171396,,,,,,7/30/2024 21:13:09
OR-00597,ร้านแม่นาง บ.นางาม,เลขที่ 15 ม.11 ต.ตาดทอง อ.ศรีธาตุ จ.อุดรธานี,812618452,,,,,,7/30/2024 21:13:09
OR-00598,บริษัท พี ที แอนด์ จี จำกัด,99 /9-10 ม.12 ต.ศรีธาตุ อ.ศรีธาตุ จ.อุดรธานี 41230,0982706096,,,https://goo.gl/maps/ZGpCTmT3MbG98pWz5,,"16.984445, 103.185398",7/30/2024 21:13:09
OR-00599,จุราพาณิชย์ (ตรงข้ามศาลเจ้าปู่-ย่า เมืองใหม่),416/19 ม.9 ถนนจิตประสงค์ ต.กุมภวาปี อ.กุมภวาปี จ.อุดรธานี,807381538,,,https://goo.gl/maps/PSxjRRzAsbkFqagU8,,"17.112106, 103.019383",7/30/2024 21:13:09
OR-00600,เอสเคมินิมิมาร์ท บ.โพธิ์งาม,เลขที่ 95/11 บ้านโพธิ์งาน ต.บ้านโปร่ง อ.ศรีธาตุ จ.อุดรธานี,615817029,,,,,,7/30/2024 21:13:09
OR-00601,ร้านชัชวีร์ (3),123 หมู่ 4 ต.หนองกุงทับม้า อ.วังสามหมอ จ.อุดรธานี,0909975453/0646179394คุณจูนแอพ+ไลน์,,,,,,7/30/2024 21:13:09
OR-00602,สมพร การค้า,36 ม.1 ต.เวียงคำ อ.กุมภวาปี จ.อุดรธานี 41110,984258956,,,,,,7/30/2024 21:13:09
OR-00603,จักรพรรณ ศรีหาเศษ,326 หมู่ที่5 ต.เรณู อ.เรณูนคร จ.นครพนม 48170 ต.เรณูนคร อ.เรณูนคร จ.นครพนม 48170,632474947,,,,,,7/30/2024 21:13:09
OR-00604,ดาริกาพาณิชย์,ร้านก๋วยเตี๋ยวไก่มะระ บ้านโนนสำราญ,653636513,,,,,,7/30/2024 21:13:09
OR-00605,บริษัท ส.ล.แลนด์ จำกัด (สาขาที่ 00001),122 ม.6 ต.นครสวรรค์ตก อ.เมืองนครสวรรค์ จ.นครสวรรค์ 60000,568831401,056-883142,,,,,7/30/2024 21:13:09
OR-00606,อรนงค์ บ.ป่ากุง,117/3 บ.ป่ากุง ต.ห้วยเกิ้ง อ.กุมภวาปี จ.อุดรธานี,931596485,,,,,,7/30/2024 21:13:09
OR-00607,ร้าน บี้,133 ม.10 บ.เดียม ต.เชียงแหว อ.กุมภวาปี จ.อุดรธานี,910527769,,,,,,7/30/2024 21:13:09
OR-00608,เจ้น้อย สว่าง,,885601711,,,,,,7/30/2024 21:13:09
OR-00609,เซลเอฟเอฟ,,,,,,,,7/30/2024 21:13:09
OR-00610,ร้าน ร้านร่ำรวย,76ม.10 ต.โพธิ์ศรีสำราญ อ.โนนสะอาด จ.อุดรธานี 41240,810545718,,,https://goo.gl/maps/TBspcmzPKH9RVe1g7,,"16.949479, 102.848007",7/30/2024 21:13:09
OR-00611,อัมพร พละกุล,135 ม.13 บ.อุ่มจาน ต.อุ่มจาน อ.ประจักษ์ศิปาคม จ.อุดรธานี 41110,828418856,,,,,,7/30/2024 21:13:09
OR-00612,โรงเรียนโนนสะอาดพิทยาสรรค์,422 หมู่ 1 ต.โนนสะอาด อ.โนนสะอาด จ.อุดรธานี 41240,0616256160,,,"https://www.google.com/maps/place/Non+Sa-At+Pittayasan+School/@16.9676685,102.8808868,1040m/data=!3m1!1e3!4m6!3m5!1s0x3123014c6859383f:0xaf40267dfb2ba416!8m2!3d16.9676685!4d102.8808975!16s%2Fg%2F1hf2_p6w7!18m1!1e1?entry=ttu&g_ep=EgoyMDI2MDUwNi4wIKXMDSoASAFQAw%3D%3D",,"16.967858, 102.880876",7/30/2024 21:13:09
OR-00613,โรงเรียนเสอเพลอพิทยาคม,เลขที่ 1 หมู่ 9 ต.เสอเพลอ อ.กุมภวาปี จ.อุดรธานี 41370,0930546554,,,https://maps.app.goo.gl/wjpjGfbpfgcGEn8e9,,"17.193521, 102.893100",7/30/2024 21:13:09
OR-00614,นางลำไพ ลาไป (ร้านแม่ลำไพ อ.กู่แก้ว),67 หมู่ 3 บ้านค้อคำ ต.ค้อใหญ่ อ.กู่แก้ว จ.อุดรธานี 41130,994705559,,,https://goo.gl/maps/jejerpxDMfEevMJM8,,"17.209800, 103.144032",7/30/2024 21:13:09
OR-00615,ณัฐชนิตา,248 หมู่ 17 บ้านนาแบก ต.เวียงคำ อ.กุมภวาปี จ.อุดรธานี,0876634659/ไลน์,,,https://goo.gl/maps/KQR9V8V1Dnyyffsx8,,"17.105016, 103.033891",7/30/2024 21:13:09
OR-00616,คริสต์จักร์นาเรียง,37/11 ต.ตาดทอง อ.ศรีธาตุ จ.อุดรธานี,649980211,,,,,,7/30/2024 21:13:09
OR-00617,สุธีร์ ศรีหล่มสัก,202 ม.14 บ.หนองศรีเจริญ ต.พันดอน อ.กุมภวาปี จ.อุดรธานี,0868562828/0989893253,,,https://maps.app.goo.gl/SYyyNnJFrkeixs718,,"17.142841, 102.940011",7/30/2024 21:13:09
OR-00618,สหกรณ์โรงเรียนบ้านโคกสว่าง,โรงเรียนบ้านโคกสว่าง อำเภอหนองแสง จังหวัดอุดรธานี,ครูมุกดา 0891364888,สะดวกรับสินค้า วันจันทร์-วันศุกร์,,https://goo.gl/maps/67ifVYnpAJJserTBA,,"17.184441, 102.842957",7/30/2024 21:13:09
OR-00620,บริษัท ขอนแก่นค้าส่ง จำกัด,ที่อยู่ 88/8 ม.10 ต.เมืองเก่า อ.เมือง จ.ขอนแก่น 40000,0610248333/0610304333,,,,,,7/30/2024 21:13:09
OR-00621,บีม สงคราม,บ.เสาเล้า อ.โนนสะอาด,0982256638/ไลน์สั่งเอง,,,,,,7/30/2024 21:13:09
OR-00622,จันทราวดี มหาพรม,365 หมู่ 15 ตำบลพันดอน อำเภอกุมภวาปี จังหวัดอุดรธานี 41370 ต.พันดอน อ.กุมภวาปี จ.อุดรธานี 41370,857561433,,,,,,7/30/2024 21:13:09
OR-00623,ร้าน แม่ประยูร ว่าความดี,79 หมู่ 4 บ้านวาปี อ.กุมภวาปี ต.กุมภวาปี จ.อุดรธานี,0937212816/หน้าร้าน,,,,,,7/30/2024 21:13:09
OR-00624,ห้างหุ้นส่วนจำกัด บี เอส 2015 อินเตอร์เนชั่นนอล (สำนักงานใหญ่),418 ม.12 ต.แม่กาษา อ.แม่สอด จ.ตาก 63110,,,,,,,7/30/2024 21:13:09
OR-00625,นุ่มนิ่ม ดงพัฒนา,บ.ดงพัฒนา ต.คำเลาะ อ.ไชยวาน,0808264213/หน้าร้าน,,,,,,7/30/2024 21:13:09
OR-00626,บริษัท เอส เค บี โฮเซล จำกัด,,,,,,,,7/30/2024 21:13:09
OR-00627,บริษัท ถูกจัง ซุปเปอร์สโตร์ จำกัด(สำนักงานใหญ่),,,,,,,,7/30/2024 21:13:09
OR-00628,แม่สมบัติ ติดอนามัยบ้านโพนทอง,เลขที่ 65 บ.โพนทอง ม.6 อ.ประจักษ์ศิลปาคม จ.อุดรธานี,879454415,,,https://goo.gl/maps/XaEHK9cfsYj7HHrY8,,"17.249719, 103.069640",7/30/2024 21:13:09
OR-00629,โรงแรมเคพี,,857444867,,,,,,7/30/2024 21:13:09
OR-00630,พรทวี ดอนขม,,,,,,,,7/30/2024 21:13:09
OR-00631,บริษัท เติ้นหยง จำกัด,63 ม.8 ต.พังโคน อ.พังโคน จ.สกลนคร 47160,,,,,,,7/30/2024 21:13:09
OR-00632,บุญเริง,63/7 แสงสว่าง อ.หนองแสง,828680063,,,https://goo.gl/maps/QtCktC1fcA7Poih49,,"17.124372, 102.824957",7/30/2024 21:13:09
OR-00633,อรัญญา พารวย,40/3 บ้านตูมใต้ ต.ตูมใต้ อ.กุมภวาปี จ.อุดรธานี 41110,0982671946/0887389242,,,,,,7/30/2024 21:13:09
OR-00634,ร้านอาหารตามสั่ง ข้าง อบต.โคกกลาง,286 ม.1 ต.โคกกลาง อ.โนนสะอาด จ.อุดรธานี,637343760,,,,,,7/30/2024 21:13:09
OR-00635,ห้างหุ้นส่วนจำกัด ขอนแก่นไทยยืนยง(2001),276 หมู่13 ตำบลพระลับ อำเภอเมือง จ.ขอนแก่น 40000,,,,,,,7/30/2024 21:13:09
OR-00636,ร้านสร้อยเพชร การค้า,เลขที่ 35 หมู่ 1 ตำบลแชแล อ.กุมภวาปี จ.อุดรธานี 41110,897138160,,,https://goo.gl/maps/SeSTYTAZznBgyYDy8,,"17.180031, 103.065989",7/30/2024 21:13:09
OR-00637,เจ๊แหม่ม หนองคาย,,831419553,,,,,,7/30/2024 21:13:09
OR-00638,สบายช็อป บ.โคกกลาง,เลขที่ 56 หมู่ 13 ต.โคกกลาง อ.โนนสะอาด จ.อุดรธานี 41240,926835705,,,,,,7/30/2024 21:13:09
OR-00639,โรงเรียนชุมชนบ้านบุ่งแก้ว,ม.9 บ. บุ่งแก้ว ต. บุ่งแก้ว อ.โนนสะอาด,917476620,,,"https://www.google.com/maps/search/?api=1&query=16.968737,102.946993",,"16.968988, 102.947004",7/30/2024 21:13:09
OR-00640,แปะ มาร์ค,,,,,,,"17.129927, 102.965007",7/30/2024 21:13:09
OR-00641,ภูเขียวการเกษตร,,981062627,,,,,,7/30/2024 21:13:09
OR-00642,ร้านอ๊อฟออย,216 ม.2 บ.กุดอีเฒ่า ต.หัวนาคำ อ.ศรีธาตุ จ.อุดรธานี 41230,0895747895/แอพ+ไลน์,,,https://goo.gl/maps/zP3p9dYh6APZ7V757,,"17.030141, 103.227000",7/30/2024 21:13:09
OR-00643,ร้าน แอบแซ่บ ชาบูกิลล์,465 ม.10 ต.กุมภวาปี จ.อุดรธานี 41110 ต.กุมภวาปี อ.กุมภวาปี จ.อุดรธานี 41110,819778994,,,,,,7/30/2024 21:13:09
OR-00644,อุดมทรัพย์ บ.ป่าขาม,ต.บ้านตาด อ.เมือง จ.อุดรธานี,955515299,,,,,,7/30/2024 21:13:09
OR-00645,ธนทรัพย์การค้า,124 ม. ต.ห้วยสามพาด อ.ประจักษ์ศิลปาคม จ.อุดรธานี 41110,807816120,,,,,,7/30/2024 21:13:09
OR-00646,พี่บอล,,973234656,,,,,,7/30/2024 21:13:09
OR-00647,ร้าน จิราภรณ์การค้า,159 หมู่ 6 บ้านโสกรัง ต.โนนสะอาด อ.โนนสะอาด จ.อุดรธานี 41240,0954268029/หน้าร้าน,,,,,,7/30/2024 21:13:09
OR-00648,สุรดา,137 หมู่9 ต.เสอเผลอ อ.กุมภวาปี จ.อุดรธานี 41370,943929989,,,,,,7/30/2024 21:13:09
OR-00649,โรงเรียนบ้านโคกสี วังแสง,หมู่ 10 ต.นาม่วง อ.ประจักษ์ศิลปาคม จ.อุดรธานี 41110,934106910,,,,,,7/30/2024 21:13:09
OR-00650,บิวตี้ ค็อฟฟี่,155 ม.8 ต.ห้วยเกิ้ง อ.กุมภวาปี จ.อุดรธานี 41110,968699787,,,,,,7/30/2024 21:13:09
OR-00651,โรงเรียนมหาไถ่ศึกษา กว.,,0917742807คุณณี,,,https://goo.gl/maps/LtqQ4ti5qeqWqmTaA,,"17.109165, 103.017020",7/30/2024 21:13:09
OR-00652,แม่กานจนี แก้วใส,189 ม.12 บ.ม่วงดง ต.โคกกลาง อ.โนนสะอาด จ.อุดรธานี,0614788182/หน้าร้าน,,,,,,7/30/2024 21:13:09
OR-00653,บริษัท ซิมเปิล แคช ( อุดรธานี ) จำกัด,เลขที่ 354/2 หมู่ 11 ตำบล เพ็ญ อำเภอ เพ็ญ จังหวัด อุดรธานี 41150,,,,,,,7/30/2024 21:13:09
OR-00654,ร้าน หงษ์เหิร,266 ม.17 ต.เวียงคำ อ.กุมภวาปี จ.อุดรธานี,991542529,,,,,,7/30/2024 21:13:09
OR-00655,นางกรรณิกา นามภูมี,63 หมู่ที่ 12 ต.กุมภวาปี อ.กุมภวาปี จ.อุดรธานี 41110,810591855,,,,,,7/30/2024 21:13:09
OR-00656,ป๊อปอาย บ.เชียงแหว,1 ม.2 บ.เชียงแหว ต.เชียงแหว อ.กุมภวาปี จ.อุดรธานี,958536766,,,,,,7/30/2024 21:13:09
OR-00657,บริษัท สยามร่วมมิตร จำกัด (สำนักงานใหญ่),เลขที่6/1 ถนนประมวล แขวงสีลม เขตบางรัก กรุงเทพฯ 10500,22360330,0-2236-7113,,,,,7/30/2024 21:13:09
OR-00658,ไทยฟุดส์,299 หมู่ 3 ต.แชแล อ.กุมภวาปี จ.อุดรธานี,0857553688/หน้าร้าน,,,,,,7/30/2024 21:13:09
OR-00659,คุ้มทรัพย์สโตร์,140 ม.13 ต.แชแล อ.กุมภวาปี จ.อุดรธานี 41110,986379599,,,https://goo.gl/maps/dswsuMwWSzPmzvEYA,,"17.152959, 103.044979",7/30/2024 21:13:09
OR-00660,หจก.รวมเกษตรอุดรธานี,333 หมู่ 2 ต.กุมภวาปี อ.กุมภวาปี จ.อุดรธานี 41110,885613933,,,,,,7/30/2024 21:13:09
OR-00661,ร้านภักดี เจริญทรัพย์,เลขที่ 46 ม.2 บ.โสกคูณ ต.ห้วยเกิ้ง อ.กุมภวาปี จ.อุดรธานี 41110,0885329879/หน้าร้าน,,,,,,7/30/2024 21:13:09
OR-00662,บริษัท เอส เค บี โฮลเซล จำกัด (สำนักงานใหญ่),52/40-42 ถนนปทุมสามโคก ต.บางปรอก อ.เมือง จ.ปทุมธานี 12000,,,,,,,7/30/2024 21:13:09
OR-00663,บริษัท อุดรแสงเจริญ(2001)จำกัด(สนง.ใหญ่),251-251/1-2 ถนนประจักษ์ ตำบลหมากแข้ง อำเภอเมือง จังหวัดอุดรธานี 41000,,,,,,,7/30/2024 21:13:09
OR-00664,บริษัท ปิโตรเลี่ยมไทยคอร์ปอเรชั่น จำกัด ( สาขาที่ 00469 ),120 หมู่ 14 ต.พันดอน อ.กุมภวาปี จ.อุดรธานี 41370 ต.พันดอน อ.กุมภวาปี จ.อุดรธานี 41370,811346169,,,,,,7/30/2024 21:13:09
OR-00665,โรงเรียนบ้านแสงสว่าง,หมู่ 7 ต.แสงสว่าง อ.หนองแสง จ.อุดรธานี 41340 ต.แสงสว่าง อ.หนองแสง จ.อุดรธานี 41340,846830079,,,https://goo.gl/maps/W4mKkViN8L1vZDFX9,,"17.125910, 102.822011",7/30/2024 21:13:09
OR-00666,ร้าน อุดรรุ่งโรจน์ ตรงข้ามธนาคารกรุงศรี เมืองใหม่,290-291 ม9 ต กุมภวาปี อ กุมภวาปี จอุดรธานี,0859258122,,,https://maps.app.goo.gl/FCzddEcPoCZdXZUc7,,"17.110264, 103.016063",7/30/2024 21:13:09
OR-00667,โรงเรียนบ้านตูม,หมู่ 2 ต.ตูมใต้ อ.กุมภวาปี จ.อุดรธานี 41110,643193434,,,,,,7/30/2024 21:13:09
OR-00668,กอเก้าเจริญทรัพย์,206 หมู่ 1 บ้านสีออ ต.สีออ อ.กุมภวาปี จ.อุดรธานี,871130089,,,,,,7/30/2024 21:13:09
OR-00669,โรงเรียนบ้านท่ายม,หมู่ 5 ต.แสงสว่าง อ.หนองแสง จ.อุดรธานี 41340,908935467,,,,,,7/30/2024 21:13:09
OR-00670,พ่อบุญทัน บ.คำกุง,เลขที่ 131 ม.4 บ้านคำกุง ต.หัวนาคำ อ.ศรีธาตุ จ.อุดรธานี 41230,0857395264,,,https://maps.app.goo.gl/5BP9VK6WxLFTzP2DA,,"17.086967, 103.252269",7/30/2024 21:13:09
OR-00671,,125 หมู่ที่ 4 ต.โนนสมบูรณ์ อ.เขาสวนกวาง จ.ขอนแก่น 40280,,,,,,,7/30/2024 21:13:09
OR-00672,น.ส. รจนา เพียรเสมอ,125 หมู่ที่ 4 ต.โนนสมบูรณ์ อ.เขาสวนกวาง จ.ขอนแก่น 40280,,,,,,,7/30/2024 21:13:09
OR-00673,,หมู่ 17 ต.ปะโค อ.กุมภวาปี จ.อุดรธานี 41370,812603184,,,,,,7/30/2024 21:13:09
OR-00674,โรงพยาบาลส่งเสริมสุขภาพตำบลบ้านบุ่งหมากลาน,หมู่ 17 ต.ปะโค อ.กุมภวาปี จ.อุดรธานี 41730,812603184,,,,,,7/30/2024 21:13:09
OR-00675,กฤตเจริญรุ่งเรือง บ.ม่วงเฒ่า,เลขที่ 234 ม.4 บ.ม่วงเฒ่า ต.โนนสะอาด อ.โนนสะอาด จ.อุดรธานี 41240,0639254152/ไลน์,,,https://goo.gl/maps/8NZ1WPF99HhKNS7w5,,"16.988861, 102.910605",7/30/2024 21:13:09
OR-00676,พ่อสมชาย บ้านเมืองปัง (5),22 ม.11 ต.อุ่มจาน อ.ประจักษ์ศิลปาคม จ.อุดรธานี 41110,979859916,,,https://goo.gl/maps/7h1zVDGTZeNptzpj9,,"17.221800, 103.079989",7/30/2024 21:13:09
OR-00677,โรงเรียนบ้านซำป่ารัง,,893952656,,,,,,7/30/2024 21:13:09
OR-00678,ทรัพย์สมบูรณ์ พาณิชย์ (ร้านใหม่ นุ้ย ท่าคันโท),,823019515,,,https://maps.app.goo.gl/PLkULNWQUiDzZqBVA,,"16.940100, 103.213686",7/30/2024 21:13:09
OR-00679,ร้านอาหารอีสาน,74 ม.5 บ.ป่าก้าว ต.โพนสูง อ.ไชยวาน จ.อุดรธานี 41290,985590067,,,https://maps.app.goo.gl/GUBfCygH5rx2N2NdA,,"17.161339, 103.241280",7/30/2024 21:13:09
OR-00680,ร้าน แก้วเจริญ,16 ม.2 บ.โคกสว่าง อ.หนองแสง จ.อุดรธานี,955078154,,,,,,7/30/2024 21:13:09
OR-00681,น้องใบเฟิร์นช้อป,93 ม.7 บ.คำล่อง ต.ท่าลี่ อ.กุมภวาปี จ.อุดรธานี 41110,653044415,,,https://maps.app.goo.gl/ioudH1uXJvKZRkAx6,,"16.932553, 103.032375",7/30/2024 21:13:09
OR-00682,มีตังค์ มินิมาร์ท,เลขที่ 175 บ้านดอนค้อ ต.นาม่วง อ.ประจักษ์,,,,,,,7/30/2024 21:13:09
OR-00683,บริษัท แอลเอสดิสทริบิวเตอร์ จำกัด (สำนักงานใหญ่),275/19 ม.13 ถ.บ้านหนองมันปลา ต.ธาตุเชิงชุม อ.เมือง จ.สกลนคร 47000,,,,,,,7/30/2024 21:13:09
OR-00684,บริษัท เหลียงเซ้ง ดิสทริบิวเตอร์ จำกัด (สำนักงานใหญ่),72/11-12 หมู่ที่ 7 ต.หนองรี อ.เมืองชลบุรี จ.ชลบุรี,,,,,,,7/30/2024 21:13:09
OR-00685,แต๋น ตลาดเช้า,,,,,,,,7/30/2024 21:13:09
OR-00686,ร้าน แม่ยา บ้านเดียม,30 ม.10 ต.เชียงแหว อ.กุมภวาปี จ.อุดรธานี 41110,959050451,,,,,,7/30/2024 21:13:09
OR-00687,พี่แอน บ้านสามเหลี่ยม,28 ม.4 บ้านสามเหลี่ยม ต.ทับกุง อ.หนองแสง จ.อุดรธานี,934812926,,,https://goo.gl/maps/84UKicjGcsa1Gphw9,,"17.175452, 102.802413",7/30/2024 21:13:09
OR-00688,ครูหนุ่ย (เยื้องเซฟพลัส เมืองใหม่),75/2 หมู่ที่ 13 ถ.ยิ้มประสิทธิ์ ต.กุมภวาปี อ.กุมภวาปี จ.อุดรธานี,834190064,,,https://goo.gl/maps/KyNY4e3Tgfv5wsbR9,,"17.109369, 103.015000",7/30/2024 21:13:09
OR-00689,แก๊งค์พรีเมี่ยมปิ้งย่างเกาหลี,196/1 ม.1 ต.กุมภวาปี จ.อุดรธานี,823088998,,,,,,7/30/2024 21:13:09
OR-00690,แม่เอื้อง บ.เชียงแหว,บ.เชียงแหว,885197895,,,https://goo.gl/maps/6w4fdTATJ4cmngE76,,"17.178478, 102.999789",7/30/2024 21:13:09
OR-00691,โรงเรียนบ้านเมืองปัง,หมู่ 1 บ้านดอนกลาง ต.อุ่มจาน อ.ประจักษ์ศิลปาคม จ.อุดรธานี 41110,872340810,,,,,,7/30/2024 21:13:09
OR-00692,ร้านเอ็มพาณิชย์,229 ม.11 บ.หนองแซง อ.ท่าคันโท จ.กาฬสินธุ์,0946657024/0610326390,,,https://goo.gl/maps/zkp4tsJihkXBwbyN8,,"16.863007, 103.265819",7/30/2024 21:13:09
OR-00693,แม่สมจิตร บ้านปะโค,52 หมู่ 15 บ้านปะโค ต.ปะโค อ.กุมภวาปี จ.อุดรธานี,821023071,,,,,,7/30/2024 21:13:09
OR-00694,สำราญทรัพย์ การค้า,77 ม.7 บ.คำล่อง ต.ท่าลี่ อ.กุมภวาปี จ.อุดรธานี,0835346826,,,https://maps.app.goo.gl/o5oMhQXqTBqU9eeh9,,"16.931679, 103.031709",7/30/2024 21:13:09
OR-00695,โรงเรียนบ้านโพนทอง,205 หมู่ 5 ต.อุ่มจาน อ.ประจักษ์ศิลปาคม จ.อุดรธานี 41110,933283963,,,,,,7/30/2024 21:13:09
OR-00696,โรงเรียนพรหมนิมิตศักษา,133 ม.5 ต.พันดอน อ.กุมภวาปี จ.อุดรธานี 41370,891753549,,,,,,7/30/2024 21:13:09
OR-00697,ร้านสุพรรณี บ.เหมือดแอ,บ้านเหมือดแอ ต.ปะโค อ.กุมภวาปี จ.อุดรธานี 41370,986566844,,,,,,7/30/2024 21:13:09
OR-00698,ร้านกาญจนา บ.นางาม,เลขที่ 73 หมู่ 6 บ้านนางาม ต.นาดี อ.หนองแสง จ.อุดรธานี,622819408,,,,,,7/30/2024 21:13:09
OR-00699,ปรีชยาคาร์แคร์ แอน มินิมาร์ท,351 ม.7 ต.พันดอน อ.กุมภวาปี จ.อุดรธานี,0878291537/0989313462,,,https://maps.app.goo.gl/CWcpyxU7SnnhXxBL6,,"17.156407, 102.975710",7/30/2024 21:13:09
OR-00700,น้องน็อต บ.ท่าม่วง,เลขที่ 58 หมู่ 3 ต.เวียงคำ อ.กุมภวาปี จ.อุดรธานี,903486995,,,https://goo.gl/maps/JD123dygStEXqfi56,,"17.075451, 103.030000",7/30/2024 21:13:09
OR-00701,ร้านพรพระคุณ,91 ม.1 บ.นาฝาย ต.นาดี อ.หนองแสง จ.อุดรธานี 41340,979803211,,,https://goo.gl/maps/siiYA8wEf32pSxTb9,,"17.087631, 102.853000",7/30/2024 21:13:09
OR-00702,อัจฉราภรณ์ การค้า,183 ม.1 บ.ทับกุง ต.ทับกุง อ.หนองแสง จ.อุดรธานี 41340,895139393,,,,,,7/30/2024 21:13:09
OR-00703,เจ้นี อาหารตามสั่ง,252/55 ม.1 บ้านเมืองงามแสนสิริ,632609340,,,,,,7/30/2024 21:13:09
OR-00704,ร้านรุ่งเจริญทรัพย์,185 หมู่ 19 บ้านสงเปลือย ต.เสอเพลอ อ.กุมภวาปี จ.อุดรธานี 41370,0967684227,,,,,"17.190969, 102.885372",7/30/2024 21:13:09
OR-00705,ร้านสุวิทย์การค้า,121 หมู่ 3 บ้านโคกศรี ต.นาดี อ.หนองแสง จ.อุดรธานี 41340,935197822,,,,,,7/30/2024 21:13:09
OR-00706,ร้านพรพอเพียง,เลขที่ 13 หมู่ 10 บ้านหนองเหี้ย ต.หนองหว้า อ.กุมภวาปี จ.อุดรธานี,936814959,,,https://goo.gl/maps/12DnvCFztrJQEt1z6,,"17.020080, 102.948946",7/30/2024 21:13:09
OR-00707,ร้านตุ๋ย โนนสะอาด,130 หมู่ 12 ต.บุ่งแก้ว อ.โนนสะอาด จ.อุดรธานี,957733800,,,,,,7/30/2024 21:13:09
OR-00708,ยายน้องมีตังค์ ใกล้ ร้านโอ-หน่อย บ้านหลังสีเขียวมีรูปไก่หน้าบ้าน,308 หมู่ 11 บ้านนาเหล่า อ.โนนสะอาด ต.หนองกุงศรี,984683194,,,https://maps.app.goo.gl/rFQg6jxqkBgJxhFc9,,"17.063832, 102.786989",7/30/2024 21:13:09
OR-00709,ร้าน ปกาศิต,เลขที่ 64 ม.3 บ.กุดขนวน ต.บุ่งแก้ว อ.โนนสะอาด จ.อุดรธานี 41240,934710102,,,,,,7/30/2024 21:13:09
OR-00710,ร้านกองทุนบ้านป่าไม้ ม.9,บ.ป่าไม้ ต.หนองกุงศรี จ.อุดรธานี,650640056,,,,,,7/30/2024 21:13:09
OR-00711,ร้าน ชานมไข่มุก,บ.กุดจิก ต.หนองหว้า อ.กุมภวาปี จ.อุดรธานี,0610910171(พี่หลินปิดกิจการ),,,https://goo.gl/maps/G6tB27zoJBLck3727,,"17.037321, 102.963936",7/30/2024 21:13:09
OR-00712,ร้านพรชัย,,,,,https://maps.app.goo.gl/NBZWrithZBektPf97,,"17.021063, 103.001755",7/30/2024 21:13:09
OR-00713,ร้านช้อนทอง,121 หมู่ 8 ต.วังสามหมอ อ.วังสามหมอ จ.อุดรธานี 41280,955942989,,,https://goo.gl/maps/gUCofdS4iP9s2Nd88,,"16.980820, 103.433675",7/30/2024 21:13:09
OR-00714,ปลาวาฬมินิมาร์ท,เลขที่ 276 ม.6 บ้านหนองแซง ต.นาตาล อ.ท่าคันโท จ.กาฬสินธุ์,982732161,,,,,,7/30/2024 21:13:09
OR-00715,ร้าน ศิรินภา ทับธานี,67 ม.7 ต.ตาลทอง อ.ศรีธาตุ จ.อุดรธานี 41230,857395300,,,,,,7/30/2024 21:13:09
OR-00716,ทนงเจริญทรัพย์,สหการ โรงเรียน บ้านเมืองปัง ต.อุ่มจาน อ. ประจักษ์ จ.อุดรธานี,870427949,,,,,,7/30/2024 21:13:09
OR-00717,ร้าน กองทุนหมู่8,16 ม.8 บ.หนองกุงทอง ต.หนองกุงสรี อ.โนนสะอาด จ.อุดรธานี,957095909,,,,,,7/30/2024 21:13:09
OR-00718,ร้าน เต็กปิงรุ่งเรืองการค้า,85 ม.9 บ.สงเปลือย ต.เสอเพลอ อ.กุมภวาปี จ.อุดรธานี,984950171,,,"https://www.google.com/maps/search/?api=1&query=17.18064897062728,102.90045473724604",,"17.180941, 102.900508",7/30/2024 21:13:09
OR-00719,ร้าน เจนจิรา พรมใจ,56 ม.11 ต.แม่กุ อ.แม่สอด จ.ตาก 63110,,,,,,,7/30/2024 21:13:09
OR-00720,ร้าน แม่เสถียน เหล่านุกูล,ข้างโรงงานน้ำตาลเกษตรผล,883175474,,,https://goo.gl/maps/RnbGpF5pEkXwSkw96,,"17.076835, 102.927158",7/30/2024 21:13:09
OR-00721,ร้าน Mg cha,56 หมู่ 2 บ.แสงสว่าง ต.แสงสว่าง อ.หนองแสง จ.อุดรธานี 41340,983318146,,,,,,7/30/2024 21:13:09
OR-00722,ร้านแม่หมี,274 หมู่ที่ 2 บ้านเชียงแหว ต.เชียงแหว อ.กุมภวาปี จ.อุดรธานี 41110,959310493,,,,,,7/30/2024 21:13:09
OR-00723,เวียงชัย ตลาดสดกุมภวาปี เมืองใหม่,ตลาดสดกุมภวาปี โซน 2 ตลาดเช้า ร้านขายส่ง,990675591,,,https://goo.gl/maps/ZJXLjosJisvVyucV6,,"17.110794, 103.014882",7/30/2024 21:13:09
OR-00724,ร้านพู่กัน-มีคุณ,เลขที่ 186 ม.4 บ้านโนนสา ต.นาม่วง อ.ประจักษ์ จ.อุดรธานี,884239194,,,,,,7/30/2024 21:13:09
OR-00725,กฤษณาการค้า,บ้านดอนค้อ ต.นาม่วง อ.ประจักษ์ จ.อุดรธานี,933920609,,,https://goo.gl/maps/9J9ByHU6scRRfHaj7,,"17.253920, 103.009064",7/30/2024 21:13:09
OR-00726,ร้านคุณแอน วิรัญดา,32/8 บ.นาฮี ต.นายูง อ.ศรีธาตุ จ.อุดรธานี 41230,641249048,,,https://maps.app.goo.gl/5sD9rzPzmye6xC799,,"16.986768, 103.262055",7/30/2024 21:13:09
OR-00727,ธนพรรุ่งเรืองทรัพย์,เลขที่ 139 หมู่ 13 บ้านอุ่มจาน ต.อุ่มจาน อ.ประจักษ์ จ.อุดรธานี,652942767,,,,,,7/30/2024 21:13:09
OR-00728,โรงเรียนบ้านสงเปลือยดงสามสิบ,หมุ่1 ต.เสอเพลอ อ.กุมภวาปี จ.อุดรธานี 41370,807401779,,,,,,7/30/2024 21:13:09
OR-00729,โรงเรียนนานกชุมวิทยาดม,ตำบลบะยาว อำเภอวังสามหมอ จังหวัดอุดรธานี 41280,806265924,,,,,,7/30/2024 21:13:09
OR-00730,โรงเรียนบ้านม่วงคอนสาย,หมู่3 ต.คอนสาย อ.กู่แก้ว จ.อุดรธานี 41130,821346369,,,,,,7/30/2024 21:13:09
OR-00731,ร้านนมเขา ดงเมือง (ตรงข้าม L ก ฮ.),เลขที่ 12 ม.1 ถ.เชาวลิต ต.กุมภวาปี อ.กุมภวาปี จ.อุดรธานี,0866437415/0621400711,,,,,,7/30/2024 21:13:09
OR-00732,Miss Khin Moe Win,"No.17, Padommar Street , Sanchaung Tsp , Yangon .",959892951096,,,,,,7/30/2024 21:13:09
OR-00733,วีรณดา ลภัสพุฒิธาดา,16/1 ม.9 ต.แม่ตืน อ.ลี้ จ.ลำพูน 51110,983649495,,,,,,7/30/2024 21:13:09
OR-00734,บริษัท โอตานิ เรเดียล จำกัด,96 ม.3 ถ.ริมคลองบ้านไร่ ต.บางแก้ว อ.นครชัยศรี จ.นครปฐม 73120,343242447,343229445,,,,,7/30/2024 21:13:09
OR-00735,โชติรส ไอเลร์ทเซ่น,87 หมู่ 4 บ้านป่าหวาย ต.ตาดทอง อ.ศรีธาตุ จ.อุดรธานี 41230,934727467,,,,,,7/30/2024 21:13:09
OR-00736,ก๋วยเตี๋ยวไก่ บ้านหนองแวง ม.6,บ้านหนองแวง ม.6 หน้าโรงเรียนบ้านหนองแวง,994852109,,,,,,7/30/2024 21:13:09
OR-00737,ครูปุ๊กกี้,บ้านเลขที่ 139 หมู่ 1 ถนนแชแล เมืองใหม่,866300710,,,,,,7/30/2024 21:13:09
OR-00738,แม่กิมเฮียง น้ำฆ้อง,33/1 ม.16 บ.น้ำฆ้อง ต.พันดอน อ.กุมภวาปี จ.อุดรธานี 41370,,,,,,,7/30/2024 21:13:09
OR-00739,ห้างหุ้นส่วนจำกัด มุลาอิ (สำนักงานใหญ่),418 ม.12 ต.แม่กาษา อ.แม่สอด จ.ตาก 63110,,,,,,,7/30/2024 21:13:09
OR-00740,แม่ร้อย บ้านวังสามหมอ,131 ม.6 บ้านวังสามหมอ ต.บะยาว อ.วังสามหมอ จ.อุดรธานี,982052800,,,,,,7/30/2024 21:13:09
OR-00741,ร้าน ราตรี พาณิชย์,87 ม.4 ต.โนนสมบูรณ์ อ.เขาสวนกวาง จ.ขอนแก่น 40280,933823526,,,,,,7/30/2024 21:13:09
OR-00742,ร้าน ลลิตา สาลีกุล,142 ม.10 บ.อุ่มจาน ต.อุ่นจาน อ.ประจักษ์ศิลปคม จ.อุดรธานี 41110,985586047,,,,,,7/30/2024 21:13:09
OR-00743,มหาวิทยาลัยราชภัฎอุดรธานี,64 ถ.ทหาร ต.หมากแข้ง อ.เมือง จ.อุดรธานี 41000,,,,,,,7/30/2024 21:13:09
OR-00744,ร้านเจ้แมว(เวศMT),142 หมู่ 7 บ้านแสงสว่าง ต.แสงสว่าง อ.หนองแสง จ.อุดรธานี 41340,837873688,,,https://goo.gl/maps/KpKz3qjAFjR9Riw76,,"17.123200, 102.823445",7/30/2024 21:13:09
OR-00745,ร้าน ขนมจีน หนองแวงใหญ่,บ้านหนองแวงใหญ่ บ้านเดียวกันกับพี่เดือน,973099765,,,https://goo.gl/maps/UxiEup6KjzXTWSXi9,,"17.174972, 103.069903",7/30/2024 21:13:09
OR-00746,ศูนย์สาธิตการตลาดบ้านโคกสว่าง,ม.2 ต.สีออ อ.กุมภวาปี จ.อุดรธานี 41110,807955579,,,https://goo.gl/maps/gAEdqrbz4vuW8Mvd9,,"16.995992, 103.050989",7/30/2024 21:13:09
OR-00747,นายพจนาท นัตธิลม (ร้าน พีทูเอ เซฟมาร์),99 /9-10 ม.12 ต.ศรีธาตุ อ.ศรีธาตุ จ.อุดรธานี 41230,982706096,,,,,"16.980945, 103.186090",7/30/2024 21:13:09
OR-00748,เปงฮะเฮง,,895751855,,,,,,7/30/2024 21:13:09
OR-00749,นาย รณชัย เชิญชม,599/23 ม.10 ต.บ้านจั่น อ.เมืองอุดรธานี จ.อุดรธานี,,,,,,,7/30/2024 21:13:09
OR-00750,ร้านลุงหนุ่ม หน้าโรงเรียนมหาไถ่ กว.,หน้าโรงเรียนมหาไถ่ กว. อ.กุมภวาปี จ.อุดรธานี,834175032,,,,,,7/30/2024 21:13:09
OR-00751,ปลายนา มินิมาร์ท,เลขที่ 125 ม.4 บ้านโนนเจริญ ต.โนนสมบูรณ์ อ.เขาสวนกวาง จ.ขอนแก่น,8004698156,,,,,,7/30/2024 21:13:09
OR-00752,วราภรณ์ จันทะโพธิ์,4 ม.18 บ.ท่าหนองเทา ต.เวียงคำ อ.กุมภวาปี 41110,630462464,,,,,,7/30/2024 21:13:09
OR-00753,อ.เจริญพาณิชย์,เลขที่ 127/1 ม.4 ต.เชียงแหว อ.กุมภวาปี จ.อุดรธานี 41110,872270105,,,,,,7/30/2024 21:13:09
OR-00754,ร้านธีระทรัพย์,293 ม.3 บ.นานกชุม ต.บะยาว อ.วังสามหมอ จ.อุดรธานี,802719039,,,,,,7/30/2024 21:13:09
OR-00755,ร้านทนงค์การค้า บ.เมืองปัง,,870427949,,,,,,7/30/2024 21:13:09
OR-00756,บจก. คูทวีกรุ๊ป[1994],88/2 ม.8 ต.หมูม่น อ.เมือง จ.อุดรธานี 41000,,,,,,,7/30/2024 21:13:09
OR-00757,คุณเปิ้ล,,,,,,,,7/30/2024 21:13:09
OR-00758,ร้าน เฮงอิหลี,บ้านวาปี เลขที่ 310 หมู่ที่ 4 ต.พันดอน อ.กุมภวาปี จ.อุดรธานี,812522534,,,,,,7/30/2024 21:13:09
OR-00759,ร้าน วุฒิชัย,77 ม.9 ต.เสอเพอ,928382918,,,,,,7/30/2024 21:13:09
OR-00760,ร้านปรายฟ้า,51 ม.2 บ.ดงเรือง ต.ผาสุก อ.กุมภวาปี จ.อุดรธานี 41370,898624198,,,,,,7/30/2024 21:13:09
OR-00761,นิยมการค้า,3 ม.10 บ.นาดี ต.นาดี อ.หนองแสง จ.อุดรธานี 41340,990153537,,,https://goo.gl/maps/btKc1ENBjFQDmYST7,,"17.070661, 102.854011",7/30/2024 21:13:09
OR-00762,ร้าน ยายจันทร์,223 ม.5 บ.สี่แจ ต.ผาสุก อ.กุมภวาปี จ.อุดรธานี 41370,886381367,,,,,,7/30/2024 21:13:09
OR-00763,คุณหยก บ้านเดียม,,847235412,,,,,,7/30/2024 21:13:09
OR-00764,หจก. ธีรภัทร์ อินเตอร์เทรดดิ้ง 2014,119/11 หมู่ 5 ต.ทรายขาว อ.สอยดาว จ.จันทบุรี 22180,949789265,,,,,,7/30/2024 21:13:09
OR-00765,ร้าน ข้าวปั้นกะข้าวกล้อง,31 ม.15 ต.เวียงคำ อ.กุมภวาปี จ.อุดรธานี 41110,862349014,,,,,,7/30/2024 21:13:09
OR-00766,บริษัท สมยงคาเซ็นเตอร์ จำกัด,242/4 ม.4 ต.ขามใหญ่ อ.เมือง จ.อุบลราชธานี 34000,,,,,,,7/30/2024 21:13:09
OR-00767,ร้านจำปา,113 หมู่ที่ 4 ต.ท่าลี่ อ.กุมภวาปี จ.อุดรธานี 41110,987868549,,,https://goo.gl/maps/Jz1YPjwL5eWBYx2Q6,,"16.962236, 103.075982",7/30/2024 21:13:09
OR-00768,ร้านปาริชาติ บ.เหล่าหมากจันทร์,56 บ.เหล่าหมากจันทร์ ต.ท่าลี่ อ.กุมภวาปี,826894225,,,https://goo.gl/maps/ikK3DWPRoUzwSmru5,,"16.923313, 103.040957",7/30/2024 21:13:09
OR-00769,โรงเรียนอนุบาลอุ่นใจ,159 หมู่ 7 โรงเรียนอนุบาลอุ่นใจ ต.ทับกุง อ.หนองแสง จ.อุดรธานี,648644252,,,https://goo.gl/maps/z7RRoHf1MgukZV9R7,,"17.183993, 102.788825",7/30/2024 21:13:09
OR-00770,ห้างหุ้นส่วนจำกัด ทรัพย์ศรีวรรณ (สำนักงานใหญ่),387/1 ม.4 ต.บ้านหว้า อ.เมืองขอนแก่น จ.ขอนแก่น 40000,,,,,,,7/30/2024 21:13:09
OR-00771,ร้านรุจพานิชย์,89 หมู่ 10 บ้านหนองบัวทอง ต.หนองไผ่ อ.เมือง จ.อุดรธานี 41330,847915254,,,,,,7/30/2024 21:13:09
OR-00772,พี่ผึ้ง บ.ป่าอ้อย,บ้านป่าอ้อย หมู่ 5 ต.บะยาว อ.วังสามหมอ จ.อุดรธานี,621483532,,,,,,7/30/2024 21:13:09
OR-00773,บริษัท เสริมสุข จำกัด (มหาชน) สาขาที่ 00026,"503,605 ถ.อุดร-ขอนแก่น ต.บ้านจั่น อ.เมืองอุดรธานี จ.อุดรธานี 41000",,,,,,,7/30/2024 21:13:09
OR-00774,ร้านอรพินท์ บ้านทับไฮ,24 หมู่ 4 ต.แสงสว่าง อ.หนองแสง จ.อุดรธานี,933619275,,,,,,7/30/2024 21:13:09
OR-00775,ร้านกุ๊กไก่,23 หมู่ 12 บ. โนนสำราญ ต. บุ่งแก้ว อ. โนนสะอาด จ.อุดรธานี 41240,813571633,,,,,,7/30/2024 21:13:09
OR-00776,ยายอุ๊,56หมู่8 บ้านเลา ต.เชียงแหว อ.กุมภวาปี จ. อุดรธานี 41110 41110,632249608,,,https://goo.gl/maps/KT35rCc7wH1i7SXCA,,"17.186648, 102.975036",7/30/2024 21:13:09
OR-00777,พี่นพ บ้านแสงสว่าง,208 หมู่ 2 ต.แสงสว่าง อ.หนองแสง จ.อุดรธานี,967097447,,,,,,7/30/2024 21:13:09
OR-00778,คุณณัฐกมล ตึงทอง,60 หมู่ 7 บ.นาเหล่า ต.หนองกุงศรี อ.โนนสะอาด จ.อุดรธานี 41240,861073937,,,,,,7/30/2024 21:13:09
OR-00779,หจก.สมเด็จง่วนเชียง,175 หมู่5 ตำบลสมเด็จ อำเภอสมเด็จ จังหวัดกาฬสินธุ์ ต.สมเด็จ อ.สมเด็จ จ.กาฬสินธุ์ 46150,,,,,,,7/30/2024 21:13:09
OR-00780,ร้านร่มเย็น,134 ม.10 บ.คำสี ต.ศรีธาตุ อ.ศรีธาตุ จ.อุดรธานี 41230,0804133235/0879468556,หยุดวันอาทิตย์,,https://goo.gl/maps/tbqTkxYgcdz8Wu5D9,,"16.976199, 103.212092",7/30/2024 21:13:09
OR-00781,สหการณ์ หมู่ 12,138 หมู่ 12 บ้านนาตาล ต.นาตาล อ.ท่าคันโท จ.กาฬสินธุ์ 46190,936311339,,,,,,7/30/2024 21:13:09
OR-00782,ร้านหมึกทอง บ.หนองแซง,25 ม.13 บ.หนองแซง ต.นาตาล อ.ท่าคันโท จ.กาฬสินธุ์,648600896,,,,,,7/30/2024 21:13:09
OR-00783,นายประสาท โพธิเศษ,41หมู่ 9 บ้านนาหนองทุ่ม ต.พันดอน อ.กุมภวาปี จ.อุดรธานี 41370,935877910,,,,,,7/30/2024 21:13:09
OR-00784,ร้านพยุดา ช็อป,76 หมู่ 1 ต.พันดอน อ.กุมภวาปี จ.อุดรธานี 41370,982832136,,,,,,7/30/2024 21:13:09
OR-00785,ร้านภูไท [วิภาดา แก้วอินทร์],บ้านนายูง ต.นายุง อ.ศรีธาตุ จ.อุดรธานี,636313646,,,https://maps.app.goo.gl/Vw7kxFnJM3x2SUJf8,,"16.980177, 103.264611",7/30/2024 21:13:09
OR-00786,ร้านเฮือนเตี๋ยวกะเพรา,89/1 ม.3 ต.ปะโค อ.กุมภวาปี จ. อุดรธานี 41370,624171795,,,https://goo.gl/maps/WtNsfhYPVRn3QRxM9,,"17.057717, 102.919582",7/30/2024 21:13:09
OR-00787,พจน์ไข่สด-ขนมสด,428/14 อาคารพาณิชย์เทศบาลโนนสะอาด ต.โนนสะอาด อ.โนนสะอาด จ.อุดรธานี 41240,998258188,,,,,,7/30/2024 21:13:09
OR-00788,ร้านชาไทย บ้านหนองผึ้ง,125 หมู่ 3 บ้านหนองผึ้ง ต.พันดอน อ.กุมภวาปี จ.อุดรธานี,631621309,,,,,,7/30/2024 21:13:09
OR-00789,ร้านน้องด้าย อีสานพาแซ่บ,68 หมู่ 4 ต.ผาสุข อ.กุมภวาปี จ.อุดรธานี,821096077,,,,,,7/30/2024 21:13:09
OR-00790,ร้านนำโชค มงคลพาณิชย์,145 ม.6 บ้านแสงสว่าง ต.แสงสว่าง อ.หนองแสง จ.อุดรธานี,807952096,,,https://goo.gl/maps/S221KPzz1tCi2MZm8,,"17.120394, 102.818979",7/30/2024 21:13:09
OR-00791,ยายเรียน บ.ทับกุง,153 ม.1 บ้านทับกุง อ.หนองแสง จ.อุดรธานี,0910576453,,,https://maps.app.goo.gl/FoBCUPKvJo9Fe14L8,,"17.174147, 102.771190",7/30/2024 21:13:09
OR-00792,ร้านศรีธร บ้านโนนมะข่า,,925151438,,,,,,7/30/2024 21:13:09
OR-00793,ร้าน สมรการค้า บ.ทับกุง **รับเองเท่านั้น**,49 หมู่ 1 ต.ทับกุง อ.หนองแสง จ.อุดรธานี,611189514,,,,,,7/30/2024 21:13:09
OR-00794,ครูจิ๊บ,อ.สามชัย จ.กาฬสินธุ์,981588919,,,,,,7/30/2024 21:13:09
OR-00795,ร้านก๋วยเตี๋ยวกลางทุ่ง,ก่อนถึง อบต.เวียงคำ,852838979,,,,,,7/30/2024 21:13:09
OR-00796,ร้านแม่กำไล ท่าคันโท ตรงข้ามกับ ร้านบุญพานิช,อยู่ใกล้กับ บ้านผู้ใหญ่บ้าน ม.8,878402373,,,https://goo.gl/maps/dZkE5tM1zjzXiaEu9,,"16.950862, 103.235520",7/30/2024 21:13:09
OR-00797,ร้านวงเดือน บ.พันดอน,เลขที่ 8 ม.7 บ.พันดอน อ.กุมภวาปี,0859517035,,,https://maps.app.goo.gl/HPnQP26BDG8v9hTN9,,"17.147443, 102.971219",7/30/2024 21:13:09
OR-00798,สหกรณ์โรงเรียนบ้านกุดขนวน,ต.บุ่งแก้ว อ.โนนสะอาด จ.อุดรธานี 41240,647565889,รร.เลิก 4 โมงครึ่ง,,,,,7/30/2024 21:13:09
OR-00799,ร้านมายา อาหารตามสั่ง ห้วยเกิ้ง,มุมระฆังรีสอร์ท ทางเลี้ยวเข้าโรงพยาบาล,868535884,,,,,,7/30/2024 21:13:09
OR-00800,ร้าน กมลวรรณ,289 ม.1 บ.สงเปลือย ต.เสอเพลอ อ.กุมภวาปี จ.อุดรธานี 41370,987561796,,,,,"17.128377, 102.964968",7/30/2024 21:13:09
OR-00801,สหกรณ์ โรงเรียนบ้านปะโค,บ้านปะโค,918675832,,,https://goo.gl/maps/KiiKHqkRZDDPU1Jp6,,"17.111510, 102.948467",7/30/2024 21:13:09
OR-00802,พี่ีบัวหยก,,935579315,,,,,,7/30/2024 21:13:09
OR-00803,โรงเรียนเทศบาลตำบลโนนสะอาด,ต.โนนสะอาด อ.โนนสะอาด จ.อุดรธานี 41240,942912059,,,,,,7/30/2024 21:13:09
OR-00804,แก้ไขราคา-ชื่อสินค้า,ทดสอบระบบ,,,,,,,7/30/2024 21:13:09
OR-00805,บริษัท ส.ล.แลนด์ จำกัด [สาขาที่ 00002],76/28 ม.10 ต.วัดไทรย์ อ.เมืองนครสวรรค์ จ.นครสวรรค์ 60000,,,,,,,7/30/2024 21:13:09
OR-00806,ป.พาณิชย์การค้า,189 ม.6 บ.ปอ ต.กุมภวาปี จ.อุดรธานี 41110,901920508,,,https://goo.gl/maps/bq2fUxmiXto9PNXc8,,"17.074754, 103.015115",7/30/2024 21:13:09
OR-00807,คุณชูศักดิ์ โถแพ,289/1-2 ต.บึงกาฬ อ.เมือง จ.บึงกาฬ,918271010,,,,,,7/30/2024 21:13:09
OR-00808,ร้านคุณยาย,บ้านนาแบกน้อย 50 หมู่ที่ 17 ตำบลเวียงคำ อำเภอกุมภวาปี จังหวัดอุดรธานี 41110.,953090369,,,https://goo.gl/maps/6FwckLQr6P4QHk8VA,,"17.106835, 103.033340",7/30/2024 21:13:09
OR-00809,ร้านข้าวแกงปัตตานี,260 ม.17 ต.เวียงคำ อ.กุมภวาปี 41110,803951642,,,https://goo.gl/maps/oyLNbvo1HYLj1fzW8,,"17.110978, 103.025179",7/30/2024 21:13:09
OR-00810,B & E,88/3 หมู่ 1 ถ.แชแล ต.กุมภวาปี อ.กุมภวาปี จ.อุดรธานี,0626166642/0816126426,,,https://goo.gl/maps/wyX4xUhjxMfMwho29,,"17.110698, 103.007719",7/30/2024 21:13:09
OR-00811,ร้านมะลิแดง มินิมาร์ท,466/1 ม.7 ต.กุมภวาปี อ.กุมภวาปี จ.อุดรธานี 41110,862421712,,,,,,7/30/2024 21:13:09
OR-00812,เบญจรัตน์พาณิชย์,274 ม.13 บ.ดงน้อย ต.ปะโค อ.กุมภวาปี จ.อุดรธานี 41370,656978596,,,https://goo.gl/maps/61swXQ225e6WNwWa7,,"17.016810, 102.889979",7/30/2024 21:13:09
OR-00813,ขายส่ง พิเศษ,,,,,,,,7/30/2024 21:13:09
OR-00814,กรกนก การค้า,28หมู่ 1 ต.ห้วยสามพาด อ.ประจักษ์ศิลปาคม จ .อุดรธานี 41110,801867670,,,https://goo.gl/maps/VZ9h3qYMDazPRtxR9,,"17.214031, 102.939032",7/30/2024 21:13:09
OR-00815,ร้าน ป๋านิตย์เจริญทรัพย์,179 ม.1 ถ.มิตรภาพ ต.โนนสะอาด อ.โนนสะอาด จ.อุดรธานี 41240,650578999,,,,,,7/30/2024 21:13:09
OR-00816,ร้านวิไล เต็มไทยสงค์,97 ม.8 บ้านภูฮัง ต.ดงมูล อ.หนองกุงศรี จ.กาฬสินธุ์ 46220,986484334,,,https://goo.gl/maps/EcfvPaJ5jUGfCVXR9,,"16.811966, 103.284962",7/30/2024 21:13:09
OR-00817,ร้าน คุณเล้ง,ติดกับร้านโกดัง 44,831455162,,,,,,7/30/2024 21:13:09
OR-00818,ร้าน แม่นุช (นางชดาพร ธรรมเจริญ),235 ม.3 ต.คอนสาย อ.กู่แก้ว จ.อุดรธานี 41130,,,,,,,7/30/2024 21:13:09
OR-00819,โรงเรียนกมลาลักษณ์,,956705945,,,https://goo.gl/maps/KPda7E4sVTCoft6S9,,"16.993329, 103.217794",7/30/2024 21:13:09
OR-00820,คุณชัยยง แก้วเกิดมี,บ้านเหมือดแอ่,896217999,,,,,,7/30/2024 21:13:09
OR-00821,สมหวังรีสอร์ท บ.ห้วยกองสี,บ้านห้วยกองสี,899257317,,,,,,7/30/2024 21:13:09
OR-00822,ร้านสุกัลยา ชัยเกตุ,255 หมู่ 4 บ้านบุ่งหมากลาน ต.ปะโค อ.กุมภวาปี จ.อุดรธานี 41370,0950046763/ไลน์,,,https://goo.gl/maps/nB6zBamGFCAJQ4CF6,,"17.067617, 102.887005",7/30/2024 21:13:09
OR-00823,ดอนเงิน พาณิชย์,212​ หมู่10​ บ.ดอนเงิน​ ต.แชแล​ อ.กุมภวาปี​ จ.อุดรธานี​ 41110,0874922908/ไลน์,,,https://maps.app.goo.gl/U7yLgBDcZdDuXtfA6,,"17.135741, 103.035305",7/30/2024 21:13:09
OR-00824,ร้านแม่นารีเก่า,201 หมู่14 บ้านหนองศรีเจริญ ต.พันดอน อ.กุมภวาปี จ.อุดรธานี (ร้านแม่นารีเก่า),659942283,,,,,,7/30/2024 21:13:09
OR-00825,ร้านค้าสี่แยกหนองนกเขียน,94หมู่6บ้านราษฏร์พัฒนา ต.หนองนกเขียน อ.ศรีธาตุ จ.อุดรธานี,989238106,,,https://goo.gl/maps/oY3w1uvk2e8B5axx9,,"17.005715, 103.287117",7/30/2024 21:13:09
OR-00826,นายสิทธิศักดิ์ เขียวเนียม (โด่งดัง) (1),145 หมู่ที่ 7 ต.โพธิ์ศรีสำราญ อ.โนนสะอาด จ.อุดรธานี,810168225,ไม่เกิน 18.00น.,,https://goo.gl/maps/qdBayz7JntdBJ6fR9,,"17.013851, 102.837979",7/30/2024 21:13:09
OR-00827,ร้านสามใบเถา,56 หมู่ 7 ถ.โพนทอง ต.กุมภวาปี อ.กุมภวาปี จ.อุดรธานี,880070517,,,https://maps.app.goo.gl/CF96WxB1g9TjdPNh9,,"17.107983, 103.020158",7/30/2024 21:13:09
OR-00828,ภูรภัทร มินิมาร์ท,280 ม.4 บ้านโนนสา อ.ประจักษ์ศิลปาคม จ.อุดรธานี 41110,650739529,,,https://goo.gl/maps/bMHuSvWzrPcoP7eb7,,"17.215351, 102.994979",7/30/2024 21:13:09
OR-00829,ร้านมาเฮง ในตลาดสดเทศบาลวังสามหมอ,ในตลาดสดเทศบาลวังสามหมอ ถนนวาริช-วังสามหมอ,630461741,,,https://goo.gl/maps/4gHtAT7XJeJdmzWA7,,"16.981914, 103.424829",7/30/2024 21:13:09
OR-00830,ร้านสมสุข,163/4 ม.4 ต.บ้านเลื่อม อ.เมือง จ.อุดรธานี,834099192,,,,,,7/30/2024 21:13:09
OR-00831,ร้าน น้องแก้มใส,47 ม.3 ต.นาดี อ.หนองแสง จ.อุดรธานี,627533404,,,,,,7/30/2024 21:13:09
OR-00832,ร้านแม่คำบง โรงงานน้ำตาลเกษตรผล,ในโรงงานน้ำตาลเกษตรผล,960878697,,,,,,7/30/2024 21:13:09
OR-00833,ร้าน เกิ้งพาณิชย์,318/2 หมู่ที่ 3 บ้านเหมือดแอ ต. ปะโค อ. กุมภวาปี จ.อุดรธานี 41370,0844094646/0954802564,,,https://goo.gl/maps/JYYn1K5NB3BjHogk8,,,7/30/2024 21:13:09
OR-00834,แม่ใหม่ บ.เหล่าหมากบ้า,บ้านเหล่าหมากบ้า ต.แชแล อ.กุมภวาปี ศาลากลางบ้านเลี้ยวขวา บ้านอยู่หลังที่ 2 ซ้ายมือ,933413196,,,,,,7/30/2024 21:13:09
OR-00835,แม่คำมวล บ้านดงสำราญชัย,3 หมู่ 7 บ้านดงสำราญชัย ต.หนองแสง อ.หนองแสง จ.อุดรธานี,985496229,,,https://goo.gl/maps/z19FbyEwaruG1GZ3A,,"17.157361, 102.832011",7/30/2024 21:13:09
OR-00836,บริษัท อวยชัยแทรคเตอร์ อุดรธานี จำกัด,334 ม. 4ต.พันดอน อ.กุมภวาปี จ.อุดรธานี 41370,804160010,,,,,,7/30/2024 21:13:09
OR-00837,เบ็นสัน กาแฟโบราณ,65 ม.1 บ้านนาดี ต.ผาสุก อ.กุมภวาปี จ.อุดรธานี,918188808,,,https://goo.gl/maps/X6qBTiv8xP4aLfaC9,,"17.200707, 102.932687",7/30/2024 21:13:09
OR-00838,น้ำทิพย์ ดวงประสิทธิ์,182 ม.5 ต.หัวนาคำ อ.ศรีธาตุ จ.อุดรธานี,652709097,,,https://goo.gl/maps/gtKAvteXK24LsTFz9,,"17.089880, 103.319265",7/30/2024 21:13:09
OR-00839,สุภาพรพาณิชย์ บ.ดงง่าม-นางาม,65 ม.2 บ้านดงง่าม ต.คำโคกสูง อ.วังสามหมอ จ.อุดรธานี 41280,890075966,,,,,,7/30/2024 21:13:09
OR-00840,ห้างหุ้นส่วนจำกัด ธนาอิมพอร์ต เอ็กซ์พอร์ต,เลขที่ 158 หมู่บ้านดูเดื่อ หมู่ที่ 6 ต.แจระแม อ.เมือง จ.อุบลราชธานี 34000,,,,,,,7/30/2024 21:13:09
OR-00841,ร้าน แม่รมณ์ดี,11 ม.3 บ.เหล่ากล้วย ต.เสอเพลอ อ.กุมภวาปี จ.อุดรธานี 41370,930594787,,,,,,7/30/2024 21:13:09
OR-00842,ร้านแม่นงเยาว์,45 ม.9 บ้านตะเคียงทอง ถ.ศรีธาตุ-กุมภวาปี ต.บ้านโปร่ง อ.ศรีธาตุ 41230,861051139,,,https://goo.gl/maps/Z4MyEraQbgYpJfWG9,,"17.020518, 103.128014",7/30/2024 21:13:09
OR-00843,ร้านวิภา บ.สี่แจ,168 ม.10 มบ.สี่แจ ต.ผาสุก อ.กุมภวาปี 41370,653485093,,,https://goo.gl/maps/nfQ4VA9hgBTyy8bW8,,"17.165092, 102.933278",7/30/2024 21:13:09
OR-00844,ร้านไอดี บ้านสี่แจ,46 ม.10 มบ.สีแจ ต.ผาสุก อ.กุมภวาปี อ.กุมภวาปี จ.อุดรธานี 41370,918240278,,,https://goo.gl/maps/CJNUU5Fu7aRqssdT9,,"17.166215, 102.932319",7/30/2024 21:13:09
OR-00845,ร้านเกลียวทอง กันทับทิม,143 ม.12 มบ.ดงสามสิบ ต.เสอเพลอ อ.กุมภวาปี จ.อุดรธานี 41370,958467622,,,https://goo.gl/maps/nwWnWRegViyHwCCn6,,"17.187728, 102.913620",7/30/2024 21:13:09
OR-00846,คิระ มินิมาร์ท(5),83​ หมู่​ 8 ​บ้านดงเรือง,896181415,,,https://goo.gl/maps/s9FUzA1SUYuyDLFZ6,,"17.189023, 102.953343",7/30/2024 21:13:09
OR-00847,ร้าน นั่งกินคาเฟ่,815 ม.15 ต.พันดอน อ.กุมภวาปี จ.อุดรธานี 41370,849383785,,,https://goo.gl/maps/8LCV2b4KnQSRbTJ17,,"17.123940, 102.975032",7/30/2024 21:13:09
OR-00848,รุ่งเรืองการค้า,321 หมู่ 11 บ้านนาเหล่า ต.หนองกุงศรี อ.โนนสะอาด จ.อุดรธานี,813209406,,,https://goo.gl/maps/bCnSabRRnSZbPw8v6,,"17.058640, 102.786734",7/30/2024 21:13:09
OR-00849,ตอง-กล้วย เบเกอรี่คาเฟ่,282/1 ม.10 บ้านดงเมือง ถ.แชแล ต.กุมภวาปี อ.กุมภวาปี จ.อุดรธานี 41110,813202654,,,https://goo.gl/maps/eStVgx2wPmj58V7n8,,"17.110185, 103.016686",7/30/2024 21:13:09
OR-00850,บริษัท น้ำตาลเกษตรผล จำกัด [สำนักงานใหญ่],เลขที่ 90/44-45 อาคารสาธรธานี 1 ชั้น16 ถ.สาทรเหนือ แขวงสีลม เขตบางรัก กรุงเทพมหานคร 10500,,,,https://goo.gl/maps/tSkEgNqKsqx9NgpKA,,"17.081494, 102.927869",7/30/2024 21:13:09
OR-00851,ร้าน กุลิสรา,48 ม.6 บ.หนองพุก ต.นาม่วง อ.ประจักษ์ อ.อุดร 41110,959099879,,,https://goo.gl/maps/KQKKzLhMR12rCMKk7,,"17.278602, 102.981565",7/30/2024 21:13:09
OR-00852,ร้าน​ วิรัตร์การค้า,5หมู่7 บ.หนองหญ้าม้า​ต.นาม่วง​ อ.ประจักฯ จ.อุดรฯ 41110,833830402,,,https://goo.gl/maps/HeueyMazkHzaLrw86,,"17.271420, 102.981979",7/30/2024 21:13:09
OR-00853,แม่นกแก้ว บ.หนองหญ้าม้า,76 ม.7 หมู่บ้านหนองหญ้าม้า ต.นาม่วง อ.ประจักษ์ จ.อุดรธานี 41110,636818273,,,https://goo.gl/maps/nsiqYxoN4CXtu28m9,,"17.271418, 102.983107",7/30/2024 21:13:09
OR-00854,ร้าน เจ้เจี๊ยบมินิซุปเปอร์,53 ม.1 มบ.เชียงแหว ต.เชียงแหว อ.กุมภวาปี จ.อุดรธานี 41110,630311412,,,https://goo.gl/maps/2AiRneed1SRkKGBR9,,"17.172446, 102.998194",7/30/2024 21:13:09
OR-00855,ร้าน รวม ป.พาณิชย์,139 ม.8 หมู่บ้านเชียงกรม ต.นาม่วง อ.ประจักษ์ จ.อุดรธานี 41110,858548069,,,https://goo.gl/maps/4Wmc3G1YM7kow9WK9,,,7/30/2024 21:13:09
OR-00856,แม่บัวลัย เจริญรุ่งเรือง,136 ม.14 หมู่บ้านเชียงกรม ต.นาม่วง อ.ประจักษ์ จ.อุดรธานี 41110,883269649,,,https://goo.gl/maps/Y86JbQcAoASVg4fq6,,"17.287720, 102.957979",7/30/2024 21:13:09
OR-00857,ร้าน กูเกิล มาร์เก็ต,144 ม.14 มบ.เชียงกรม ต.นาม่วง อ.ประจักษ์ จ.อุดรธานี 41110,955274389,,,https://goo.gl/maps/3KzgBott3CLQJDx49,,"17.286700, 102.956989",7/30/2024 21:13:09
OR-00858,สุขสกาว คาเฟ่,181 ม.14 มบ.เชียงกรม ต.นาม่วง อ.ประจักษ์ จ.อุดรธานี 41110,870285061,,,https://goo.gl/maps/BUUfzi1EGZyg8NHU6,,"17.280925, 102.952660",7/30/2024 21:13:09
OR-00859,ร้านเจริญถาวร,226 ม.12 มบ.โนนสมบูรณ์ ต.ห้วยสำพาน อ.ประจักษ์ จ.อุดรธานี,0843562662/ไลน์,,,https://goo.gl/maps/wKEyg8XhMXuGWNou9,,"17.268549, 102.935165",7/30/2024 21:13:09
OR-00860,ห้างหุ้นส่วนจำกัด ก.การค้า 2555 [สำนักงานใหญ่],186 ม.4 ต.ดอนเตย อ.นาทม จ.นครพนม,872208085,,,,,,7/30/2024 21:13:09
OR-00861,ร้าน ก้อยฟ้าว,410/6 ม.4 ต.พันดอน อ.กุมภวาปี จ.อุดรธานี,910526514,,,,,,7/30/2024 21:13:09
OR-00862,ศตวรรษ การค้า,5 ม.1 บ.โนนสะอาด ต.โนนสะอาด อ.โนนสะอาด จ.อุดรธานี 41240,0946767246,,,https://maps.app.goo.gl/sm82Y4uYPYdE5qFUA,,"16.969760, 102.891188",7/30/2024 21:13:09
OR-00863,ร้าน พงษ์พัฒน์การค้า,59 ม.5 ต.ตูมใต้ อ.กุมภวาปี จ.อุดรธานี,933963391,,,,,,7/30/2024 21:13:09
OR-00864,โกดัง 222 ค้าส่ง,222 ม.11 (บ.ดงไร่) ต.นาข่า อ.เมือง จ.อุดรธานี,0815351433/0869922039,,,,,,7/30/2024 21:13:09
OR-00865,ร้านตาสิม มินิมาร์ท,110 หมู่ 6 บ้านห้วยแสง ต.โพธิ์ศรีสำราญ อ.โนนสะอาด จ.อุดรธานี,42331216,,,,,,7/30/2024 21:13:09
OR-00866,ดาหวัน บุญผง,78/9 บ.ม่วงศรีสมพร ต.โพธิ์ศรีสำราญ อ.โนนสะอาด จ.อุดรธานี 41240,935296755,,,https://maps.app.goo.gl/NYYedjG1rVo2tYBx7,,"16.982008, 102.851550",7/30/2024 21:13:09
OR-00867,หจก.อุดรแสงอุทัย [สำนักงานใหญ่],123/20 ซ.หนองบัว1 ถ.นิตโย ต.หมากแข้ง อ.เมืองอุดรธานี 41000,,,,,,,7/30/2024 21:13:09
OR-00868,ปลาวาฬจิ้มจุ่ม,ร้านอยู่ตรง วีทีแหนมเนืองสาขากุมภวาปี ตรงข้ามแอลกอฮอล์,807684223,,,https://goo.gl/maps/Eo6h76fKeZTVGpH39,,"17.107057, 103.010204",7/30/2024 21:13:09
OR-00869,ใบเตย น้ำตาล ไอศครีม กะทิสด,103 ม.10 ต.อุ่มจาน อ.ประจักษ์ฯ จ.อุดรธานี,861382544,,,,,,7/30/2024 21:13:09
OR-00870,สหกรณ์โรงเรียนบ้านท่าเปลือย(บุญเกื้ออุปถัมภ์),ในโรงเรียนบ้านท่าเปลือย,887132164,,,https://goo.gl/maps/RT91qhgdffx7nvtn8,,"17.103061, 103.022404",7/30/2024 21:13:09
OR-00871,แม่มณฑา ภาโนมัย บ.หนองเหี้ย,23/10 บ.หนองเหี้ย ต.หนองหว้า อ.กุมภวาปี จ.อุดรธานี,858494686,,,,,,7/30/2024 21:13:09
OR-00872,มั่นคงการค้า บ.โนนมะข่า,142 หมู่ 11 บ.โนนมะข่า ต.หนองหว้า อ.กุมภวาปี จ.อุดรธานี,953478487,,,,,,7/30/2024 21:13:09
OR-00873,แม่แหม่ม เพ็ญจันทร์ บ.นาฝาย,107 บ้านนาฝาย หมู่ 2 ต.นาดี อ.หนองแสง,899810434,,,https://goo.gl/maps/SKs9SEzqB1FB3eMx9,,"17.083731, 102.856989",7/30/2024 21:13:09
OR-00874,ไทเฮา,,821258185,,,,,,7/30/2024 21:13:09
OR-00875,หอพักการ์เด้นวิว,245 ม.6 ต.ตูมใต้ อ.กุมภวาปี จ.อุดรธานี,806954046,,,https://goo.gl/maps/SQuWdr3xdexrauwA6,,"17.079391, 102.933950",7/30/2024 21:13:09
OR-00876,ร้าน พ่อนิคม จุลม่วง,154 ม.7 บ.หนองหว้า ต.หนองหว้า อ.กุมภวาปี จ.อุดรธานี,829638713,,,,,,7/30/2024 21:13:09
OR-00877,เอี๊ยบย่งเชียง,,,,,,,,7/30/2024 21:13:09
OR-00878,ร้านวีรศักดิ์,56หมู่4 ต.บุ่งแก้ว อ.โนนสะอาด จ.อุดรธารี,883187060,,,,,,7/30/2024 21:13:09
OR-00879,ร้าน สวนมะลิ,ดงเมือง หมู่ 8 ซอยชมช่วย 4 ทางลงพวงแก้วอพาร์ทเม้นท์ ต.กุมภวาปี อ.กุมภวาปี,819756248,,,https://goo.gl/maps/hQeEoq3ZBVZJBQo69,,"17.125039, 103.010788",7/30/2024 21:13:09
OR-00880,คุณศศิธร อยู่ใกล้ร้านโอพานิชย์ บ้านแสงสว่าง,61 หมู่7 บ้านแสงสว่าง ตำบลแสงสว่าง อำเภอหนองแสง จังหวัดอุดรธานี 41340,999569757,,,,,,7/30/2024 21:13:09
OR-00881,โรงเรียนบ้านดงเมือง(ดงเมืองวิทยา),505 ถ.อุ่มจาน หมู่ 9 ต.กุมภวาปี อ.กุมภวาปี จ.อุดรธานี 41110,,,,https://goo.gl/maps/htjS2sEc7gKLZdSq8,,"17.112854, 103.015482",7/30/2024 21:13:09
OR-00882,ร้านชนาการ บ้านโนนจำปา,88 หมู่ 2 บ้านโนนจำปา ต.หนองกุงศรี อ.โนนสะอาด จ.อุดรธานี,611184735,,,https://goo.gl/maps/AvRzDE76MLac8RMMA,,"17.033900, 102.808167",7/30/2024 21:13:09
OR-00883,ร้านดำริ,129 ม.2 หมู่บ้านดงน้อย ต.ปะโค อ.กุมภวาปี จ.อุดรธานี 41370,973074735,,,https://goo.gl/maps/Dv88XUNqANRMQ9pL6,,"17.019619, 102.889446",7/30/2024 21:13:09
OR-00884,ร้าน หลักกอ พาณิชย์,155 ม.13 หมู่บ้านดงน้อย ต.ปะโค อ.กุมภวาปี จ.อุดรธานี 41370,872185030,,,https://goo.gl/maps/QAwBuSJFVpEfL1Hu8,,"17.018878, 102.892644",7/30/2024 21:13:09
OR-00885,ร้านรีเทิร์น,434 ม.4 ต.พันดอน อ.กุมภวาปี จ.อุดรธานี 41370,630059920,,,https://goo.gl/maps/38zhccejM4MmQRqH6,,"17.121953, 102.943685",7/30/2024 21:13:09
OR-00886,ร้านณัฐพร การค้า,58 ม.2 บ.โคกสว่าง ต.สีออ,856629053,,,https://goo.gl/maps/cu44Ee6yfEP3qczJ8,,"16.995162, 103.048724",7/30/2024 21:13:09
OR-00887,ร้านต้นคูณ บ.โนนสะอาด,59 ม.2 บ้านโนนสะอาด ต.โนนสะอาด อ.โนนสะอาด จ.อุดรธานี,844282608,,,https://goo.gl/maps/eGLYKBJzXE3L9B4y6,,"16.973354, 102.896849",7/30/2024 21:13:09
OR-00888,ร้านคุณภัทร,215 หมู่ 5 บ้านโคกสว่าง ต.หนองแสง อ.หนองแสง จ.อุดรธานี 41340,0859623115,,,https://goo.gl/maps/LrnVJ9N4WY8CkMUd9,,"17.190021, 102.845377",7/30/2024 21:13:09
OR-00889,ร้านน้ำปั่นแม่เก็ต,77ม.5 บ.โนนจำปา ต.ตูมใต้ อ.กุมภวาปี จ.อุดรธานี,886697492,,,,,,7/30/2024 21:13:09
OR-00890,ร้าน รุ่งเรืองพาณิชย์,461 หมู่2 บ.ดงเมือง ต.กุมภวาปี อ.กุมภวาปี จ.อุดรธานี 41110,886178431,,,,,,7/30/2024 21:13:09
OR-00891,ร้าน เหล้าขาล,114หมู่2 บ้านโนนสะอาด ตำบลโนนสะอาด อำเภอกุมภวาปี จังหวัดอุดรธานี 41240,937275720,,,,,,7/30/2024 21:13:09
OR-00892,ทรัพย์แม่เงินการค้า [พี่จันทร์ โนนทอง],,0622833565/0979240178,,,https://goo.gl/maps/REjzdBCsrfjZKvwv5,,,7/30/2024 21:13:09
OR-00893,ร้านยายเขียว,บ้านเสาเล้า อ.โนนสะอาด,0654517640/0624791415,,,https://goo.gl/maps/LmGSrHBox8Awtz8U7,,,7/30/2024 21:13:09
OR-00894,ร้านตาหนูยายเหน่,157/10บ.ศรีสุข ต.ท่าลี่ อ.กุมภวาปี จ.อุดรธานี,657017738,,,https://goo.gl/maps/5sPj84Ly9Qkns8VA8,,"16.956378, 103.078812",7/30/2024 21:13:09
OR-00895,ร้าน ถุงทอง,209 หมู่ที่ 1 บ้านไผ่ ต.ตูมใต้ อ.กุมภวาปี จ.อุดรธานี 41110,633158989,,,,,,7/30/2024 21:13:09
OR-00896,อินชอนเนื้อย่าง,459/2​ ต.โนนสะอาด ​อ.โนนสะอาด​ จ.อุดรธานี​ 41240,821905188,,,https://goo.gl/maps/QumCP7WeguKPzBYS7,,"16.972872, 102.896600",7/30/2024 21:13:09
OR-00897,ร้านค้ายายแซ่บ,บ้านกระเบื้องโนนทิง ต.บุ่งแก้ว อ.โนนสะอาด จ.อุดรธานี 41240,934140433,,,https://goo.gl/maps/DLDovQ5hMRWpCJww5,,"16.996882, 103.012593",7/30/2024 21:13:09
OR-00898,โรงเรียนกุมภวาปีพิทยาสรรค์,292หมู่ 19 ต.พันดอน อ.กุมภวาปี จ.อุดรธานี 41370,,,,https://goo.gl/maps/HS3RnqpZbsEGSrcn9,,"17.137466, 102.902877",7/30/2024 21:13:09
OR-00899,แม่เชิดชู,บ.แสงอรุณ ต.โพธิ์ศรีสําราญ อ.โนนสะอาด,879474426,,,https://goo.gl/maps/FvxG4dScEcZtb3a59,,"17.012951, 102.836021",7/30/2024 21:13:09
OR-00900,ร้านเบาะฟิชชิ่ง โนนสะอาด,679 หมู่ 1 ถนนมิตรภาพอุดร-ขอนแก่น บ้านโนนสะอาด ต.โนนสะอาด อ.โนนสะอาด จ.อุดรธานี,833530813,,,,,,7/30/2024 21:13:09
OR-00901,ร้านค้าประชารัฐบ้านท่าไฮ,180 ม.11 บ.ท่าไฮ ต.จำปี อ.ศรีธาตุ จ.อุดรธานี 41230,819317522,,,https://goo.gl/maps/2FNyWP7QYmAdd1yj7,,"16.956437, 103.173844",7/30/2024 21:13:09
OR-00902,ร้าน คุณยายเนื้อย่าง,119 ม.13 บ.ดงเมือง ต.กุมภวาปี อ.กุมภวาปี จ.อุดรธานี 41110,989165863,,,,,,7/30/2024 21:13:09
OR-00903,สุพัตตรา วรศิริ [ลีโอพลัสตรา],295 หมู่ 2 บ้านแสงสว่าง ต.แสงสว่าง อ.หนองแสง จ.อุดรธานี,618795397,,,https://goo.gl/maps/dZBCX695XWWr6RRP8,,"17.117543, 102.822062",7/30/2024 21:13:09
OR-00904,ร้าน บีมคิว,91 ม.5 บ้านโคกกลาง ต.นาม่วง อ.ประจักษ์ศิลปาคม จ. อุดรธานี,963515974,,,https://goo.gl/maps/3k3V8MYvb6ZqMYwH9,,"17.207364, 102.965693",7/30/2024 21:13:09
OR-00905,รุ่งเรืองการค้า บ้านดอนกลาง,121 ม.1 บ้านดอนกลาง ต.อุ่มจาน อ.ประจักษ์ศิลปาคม จ.อุดรธานี,624139248,,,,,,7/30/2024 21:13:09
OR-00906,แม่ทองตัด,บ้านหนองกวาง ตำบลสีออ,933832124,,,,,,7/30/2024 21:13:09
OR-00907,ร้านแม่น้อง บ้านดงเรือง,64 ม.2 ต.ผาสุข อ.กุมภวาปี จ.อุดรธานี 41370,808817043,,,,,,7/30/2024 21:13:09
OR-00908,นายศิริพงษ์ ศรีพรมษา,779/160 หมู่ที่ 4 ต.ปลวกแดง อ.ปลวกแดง จ.ระยอง,,,,,,,7/30/2024 21:13:09
OR-00909,โรงเรียนบ้านห้วยเกิ้งวัฒนเสรีราษฏร์บำรุง,88 หมู่ที่ 5 ต.ห้วยเกิ้ง อ.กุมภวาปี จ.อุดรธานี 41110,,,,https://goo.gl/maps/3TowK8yEA7wHSX937,,"17.051983, 102.930013",7/30/2024 21:13:09
OR-00910,ห้างหุ้นส่วน เอ็นจิเนียริ่ง เซลแอนเซอร์วิส จำกัด (สำนักงานใหญ่),189 ม.2 ต.นาดี อ.หนองแสง จ.อุดรธานี 41340,42115100,,,,,,7/30/2024 21:13:09
OR-00911,หจก.คีบเปอร์เทม โลจิสติกส์,380/16 หมู่1 ถ.เทพารักษ์ ต.บางเสาธง อ.บางเสาธง จ.สมุทรปราการ 10570,,,,,,,7/30/2024 21:13:09
OR-00912,ห้างหุ้นส่วนจำกัด ธนทรัพย์ 88,69 หมู่ 1 ต.ห้วยสามพาด อ.ประจักษ์ศิลปาคม จ.อุดรธานี 41110,898787866,,,https://goo.gl/maps/fmJMfjcWGnMY8N3i6,,"17.215951, 102.937957",7/30/2024 21:13:09
OR-00913,นาง สาคร กองแสน,144 ม.9 ต.พันดอน อ.กุมภวาปี จ.อุดรธานี,847904847,,,,,,7/30/2024 21:13:09
OR-00914,แม่พี่นิด,,927469029,,,,,,7/30/2024 21:13:09
OR-00915,ร้านมุมแซ่บ,เลขที่ 54 ม.3 ต.กุมภวาปี อ.กุมภวาปี จ.อุดรธานี,802619649,,,https://goo.gl/maps/Lvyz8PDBxNsBsMAp7,,"17.100662, 103.011079",7/30/2024 21:13:09
OR-00916,บุษบา ชาไข่มุก,เลขที่ 43 หมู่ 12 บ.ดอนเงินใต้ ต.แชแล อ.กุมภวาปี จ.อุดรธานี,928706797,,,https://goo.gl/maps/okh4jUxi2QPhSQ778,,"17.133869, 103.034818",7/30/2024 21:13:09
OR-00917,แม่ประยูร บ้านโนนสำราญ,316 ม.1 บ้านโนนสำราญ ต.ห้วยเกิ้ง อ.กุมภวาปี จ.อุดรธานี,861219152,,,,,,7/30/2024 21:13:09
OR-00918,ศิริการค้า (แม่แพง ร้านลูกสาวคุ้มโนน),273 ม.13 (คุ้มโนน) บ้านดงน้อย ต.ปะโค อ.กุมภวาปี จ.อุดรธานี 41370,989983866,ปิดร้าน 18.30 น.,,https://goo.gl/maps/3tKZqqEU9vd2CqNS9,,"17.018342, 102.895968",7/30/2024 21:13:09
OR-00919,จ.ซุปเปอร์,277 หมู่ที่3 ตำบลหนองหลัก อำเภอไชยวาน จังหวัดอุดรธานี,840538296,,,https://goo.gl/maps/LMJSEx8mbC8U7CvA6,,"17.264979, 103.198011",7/30/2024 21:13:09
OR-00920,ร้านกรกฎ บ้านหนองแดง,42 ม.6 บ้านหนองแดง ต.สีออ อ.กุมภวาปี จ.อุดรธานี 41110,639324194,,,https://goo.gl/maps/m1us7jRm11Hr1mSB9,,"17.027925, 103.029844",7/30/2024 21:13:09
OR-00921,นางวนิดา ทิพยอาสน์,385 หมู่ที่ 1 ต.พรเจริญ อ.พรเจริญ จ.บึงกาฬ,,,,,,,7/30/2024 21:13:09
OR-00922,น้องแมว บ้านป่าหวาย,156 ม.4 บ้านป่าหวาย ต.ตาดทอง อ.ศรีธาตุ จ.อุดรธานี 41230,828438620,,,,,,7/30/2024 21:13:09
OR-00923,ร้าน คอเดียวกัน,ต.ตาดทอง อ.ศรีธาตุ,610947683,,,https://goo.gl/maps/s91DjK8PjdTSfdDa9,,"17.041079, 103.112979",7/30/2024 21:13:09
OR-00924,ร้าน TM มินิช็อป,เลขที่ 191 ม.14 ต.นาทัน อ.คำม่วง จ.กาฬสินธุ์ 46180,861579946,,,https://goo.gl/maps/pNhKqKagEoc5T46x8,,"16.978664, 103.652810",7/30/2024 21:13:09
OR-00925,ครูสุพรรณ (ร้านใจดี 20 บ้านโนนทิง),บ้านโนนทิง,819640126,,,https://goo.gl/maps/w9ZiU7ww8EFbidUU9,,"16.996683, 103.012766",7/30/2024 21:13:09
OR-00926,สหกรณ์ โรงเรียนบ้านเชียงกรม,75 ม.8 บ้านเชียงกรม ต.นาม่วง อ.ประจักษ์ จ.อุดรธานี,886956670,,,https://goo.gl/maps/zfRgW8ZkB6GbvG859,,"17.289391, 102.960224",7/30/2024 21:13:09
OR-00927,ร้านมีตังค์,6ม.11ต.พันดอน อ.พันดอน จ.อุดรธานี,878643587,,,https://maps.app.goo.gl/fjXomvSA7oijHvnE7,,"17.121251, 102.953519",7/30/2024 21:13:09
OR-00928,โรงเรียนชุมชนวัดป่าทรงธรรม,โรงเรียนชุมชนวัดป่าทรงธรรม บ้านพันดอน อ.กุมภวาปี จังหวัดอุดรธานี 41370,850128687,,,https://goo.gl/maps/jDiv9wDYx5Y7h1DJ6,,"17.154159, 102.969976",7/30/2024 21:13:09
OR-00930,ส.ก้าวเจริญยิ่ง,64 ม.1 ต.ตูมใต้ อ.กุมภวาปี,0941099299/หน้าร้าน,,,,,,7/30/2024 21:13:09
OR-00931,ร้าน 261 คาเฟ่,261 ม.11 บ้านท่าเปือย ต.กุมภวาปี อ.กุมภวาปี จ.อุดรธานี 41110,646105644,,,https://goo.gl/maps/8kS5GJtF9yDBwBgA7,,"17.090297, 103.029186",7/30/2024 21:13:09
OR-00932,ห้างหุ้นส่วนจำกัด โรงงานป้าย ตาเล็ก ดีไซน์,234 ม.4 ต.พันดอน อ.กุมภวาปี จ.อุดรธานี 41370,873733083,,,,,,7/30/2024 21:13:09
OR-00933,นายอัศวิน สิงห์สาย,244 หมู่ 2 ต.ห้วยหลัว อ.บ้านม่วง จ.สกลนคร,0813041968,0813041968,,https://maps.app.goo.gl/6UDkjPSewmQt4nnh9,,"17.095718, 102.941866",7/30/2024 21:13:09
OR-00934,ร้านแก้วตาพานิชย์,ที่อยู่ 152 ม.1 บ้านกุดจิก ต.หนองหว้า อ.กุมภวาปี จ.อุดรธานี 41110,092-7445444,,,https://goo.gl/maps/LnkpP4CQ4p2kFrsx5,,"17.044849, 102.961205",7/30/2024 21:13:09
OR-00935,ไอเดียป้ายอิงค์เจ็ท,299 ม.4 ต.พันดอน อ.กุมภวาปี จ.อุดรธานี 41370,086-4557506,,,https://goo.gl/maps/1WmJdPEVNdBvnvap8,,"17.140765, 102.947232",7/30/2024 21:13:09
OR-00936,ร้านทองสุข บ้านโนนสะอาด,279 ม.1 บ้านโนนสะอาด ต.โนนสะอาด อ.โนนสะอาด จ.อุดรธานี 41110,,,,,,,7/30/2024 21:13:09
OR-00937,นางสาว สาธิลดา โยธาวงศ์,276/347 ถ.พระราม9 แขวงห้วยขวาง เขตห้วยขวาง กรุงเทพ 10310,,,,,,,7/30/2024 21:13:09
OR-00938,เอ็ม น้ำเต้าหู้อุดร,,987684300,,,,,,7/30/2024 21:13:09
OR-00939,หอมหวน คาเฟ่,,061-5129237,,,,,,7/30/2024 21:13:09
OR-00940,แม่บรรจง บ้านนาหนองทุ่ม,9809 ม.9 บ้านนาหนองทุ่ม อ.กุมภวาปี จ.อุดรธานี,842034891,,,,,,7/30/2024 21:13:09
OR-00941,ตามสั่งพี่กล้วย บ้านเชียงแหว,248 ม.2 บ้านเชียงแหว ต.เชียงแหว อ.กุมภวาปี จ.อุดรธานี,973193760,,,,,,7/30/2024 21:13:09
OR-00942,นางสาว นันท์นภัส จันทราช,11 ม.7 ต.ห้วยสามพาด อ.ประจักษ์ศิลปาคม จ.อุดรธานี 41110,084-7951885,,,,,,7/30/2024 21:13:09
OR-00943,นาย อนันต์ จันทะรี,419 ม.4 ต.พันดอน อ.กุมภวาปี จ.อุดรธานี,086-2191462,,,,,,7/30/2024 21:13:09
OR-00944,นาย ประภาส ภูดล,211/187 ม.2 ต.แม่เหียะ อ.เมือง จ.เชียงใหม่ 50100,085-2800900,,,https://goo.gl/maps/59dvWR8b4gcJrR696,,,7/30/2024 21:13:09
OR-00945,ร้านแม่แมวการค้า,137 หมู่ที่ 8 ต.เวียงคำ อกุมภวาปี จ.อุดรธานี 41110,829070225,,,,,,7/30/2024 21:13:09
OR-00946,ร้าน ยายฉลอง,9 หมู่ 10 บ้านคำเลา ตำบล เวียงคำ อำเภอ กุมภวาปี จังหวัด อุดรธานี 41110,654097482,,,https://goo.gl/maps/gUEyNmmBDXeQbs3RA,,"17.073392, 103.105184",7/30/2024 21:13:09
OR-00947,ร้าน ทิพย์ทวีคูณ,102/1 ม.15 บ้านน้ำคล้อง ต.พันดอน อ.กุมภวาปี จ.อุดรธานี 41370,093-3620035,,,,,"17.130017, 102.968087",7/30/2024 21:13:09
OR-00948,น.ส.นาฎศิลป์ บุตรสาระ,213/1 หมู่ที่ 12 ต.พันดอน อ.กุมภวาปี จ.อุดรธานี 41370,936515339,,,,,,7/30/2024 21:13:09
OR-00949,ร้านอิ่มอร่อยดี บ้านแสงสว่าง,87 ม.1 บ้านแสงสว่าง อ.หนองแสง จ.อุดรธานี,927470893,,,,,,7/30/2024 21:13:09
OR-00950,จิบแฟแลปาว,270 ม.11 บ้านท่าเปลือย ต.กุมภวาปี อ.กุมภวาปี จ.อุดรธานี,923165386,,,https://goo.gl/maps/xe94K5tEwaPTAzpz6,,"17.086205, 103.027142",7/30/2024 21:13:09
OR-00951,ร้าน ชิปป์ สไมล์ สาขา บ้านนาเหล่า,7 ม.5 บ้าน นาเหล่า ต.หนองกุงศรี อ.โนนสะอาด จ.อุดรธานี 41240,647193123,,,,,,7/30/2024 21:13:09
OR-00952,พัชรินทร์,326 หมู่3 ต.ปะโค อ.กุมภวาปี จ.อุดรธานี 41370,0638263619/ไลน์,,,https://goo.gl/maps/JErQzqRC8PBYcHcv5,,"17.063683, 102.921777",7/30/2024 21:13:09
OR-00953,ร้าน แม่จันทร์เพ็ง เลิศศิริ,156 ม.2 บ.พันดอน ต.พันดอน อ.กุมภวาปี จ.อุดรธานี,087-0912632,,,,,,7/30/2024 21:13:09
OR-00954,คุณ รัศมี โชติกา พาดี คุณนิยม ทันอ่อน คุณเสถียร ทองภู,วัดป่าจุฬาพร หมู่ 6 บ้านแสงสว่าง อ.หนองแสง จ. อุดรธานี,954621088,,,https://goo.gl/maps/fFzYduRX3u3YdTHs7,,,7/30/2024 21:13:09
OR-00955,ห้างหุ้นส่วนจำกัด เปียคล้ายยานยนต์,104 หมู่ 2 ต.ท่าคันโท อ.ท่าคันโท จ.กาฬสินธุ์ 46190,874311999,,,,,,7/30/2024 21:13:09
OR-00956,นายผดุง,201 ม.8 บ.ดงเรือง ต.ผาสุข อ.กุมภวาปี จ.อุดรธานี 41370,083-2829113,,,,,,7/30/2024 21:13:09
OR-00957,นาง ชุติมณฑน์ ชูลเซ,106 ม.4 ต.นาม่วง อ.ประจักษ์ศิลปาคม จ.อุดรธานี,909297850,,,,,,7/30/2024 21:13:09
OR-00958,ร้าน ประกาศิต,126 ม.12 บ้านดอนแคน ต.พันดอน อ. กุมภวาปี จ.อุดรธานี 41370,0658846879,,,https://maps.app.goo.gl/BbUN9SAfiUbnSHRi9,,"17.146399, 102.967961",7/30/2024 21:13:09
OR-00959,ร้านตุ๊กตาคนกันเอง,,892791067,,,https://goo.gl/maps/kHpdQGhY64TTuAK39,,"16.940467, 103.215741",7/30/2024 21:13:09
OR-00960,ร้าน บี แอนด์ พี,299 ม.1 ต.โนนสะอาด อ.โนนสะอาด จ.อุดรธานี,833616742,,,,,,7/30/2024 21:13:09
OR-00961,ร้านไก่ย่างแม่ไพร,278 หมู่ 6 บ้านห้วยกองสี ต.ตูมใต้ อ.กุมภวาปี จ.อุดรธานี 41110,090 886 8187,,,,,,7/30/2024 21:13:09
OR-00962,ป.เจริญ บ้านดงเมือง,89 ม.2 ถ.นายูง บ้านดงเมือง ต.กุมภวาปี จ.อุดรธานี 41110,956626340,,,,,,7/30/2024 21:13:09
OR-00963,ร้านระยองการค้า,16 ม.3 บ้านสี่แจน้อย ต.ผาสุข อ.กุมภวาปี จ.อุดรธานี,0901837245/0814691905,,,,,,7/30/2024 21:13:09
OR-00964,นภารุ่งเรืองการค้า,บ้านโนนจำปา,623606769,,,https://goo.gl/maps/yjPPa8W47Zd9atPs5,,"17.035353, 102.808851",7/30/2024 21:13:09
OR-00965,ร้านสุรภา โคตรศรีกุล,173/9 บ้านสงเปลือย ต.เสอเพลอ อ.กุมภวาปี,869034631,,,,,,7/30/2024 21:13:09
OR-00966,ร้านซูโม่ ฮาร์ดแวร์,262 ม.6 บ้านหนองลุมพุก ต.นาม่วง อ.ประจักษ์ศิลปาคม จ.อุดรธานี,623593749,,,,,,7/30/2024 21:13:09
OR-00967,ร้าน ริน พลาสติก,8/1 ม.2 ต.หวังสามหมอ อ.วังสามหมอ จ.อุดรธานี 41280,801592189,,,,,,7/30/2024 21:13:09
OR-00968,สหกรณ์บ้านป่าไม้,ต.หนองกุงศรี อ.โนนสะอาด จ.อุดรธานี,933592142,,,https://goo.gl/maps/L51UHXda2g117YW69,,"17.050033, 102.745368",7/30/2024 21:13:09
OR-00969,คุณ สุกัญญา,120 ม. 2 ต.ห้วยเกิ้ง อ.กุมภวาปี จ.อุดรธานี 41110,802494172,,,,,,7/30/2024 21:13:09
OR-00970,น.ส.ฟารีดะห์ เลาะวาโย,37/8 หมู่ที่5 ต.จะแหน อ.สะบ้าย้อย จ.สงขลา 90210,936716054,,,,,,7/30/2024 21:13:09
OR-00971,ณ กุมภวา​ คาเฟ่,491/3 ม.10 ต.กุมภวาปี อ.กุมภวาปี จ.อุดรธานี 41110,986158865,,,https://goo.gl/maps/2ADUKex21xJj1NGG9,,"17.106330, 103.019091",7/30/2024 21:13:09
OR-00972,ร้าน Buy me cafe,222 ถ.แชแล ต.กุมภวาปี อ.กุมภวาปี จ.อุดรธานี 41110,0823119955/ไลน์,,,https://goo.gl/maps/4swtwTFao9NVBkzV9,,"17.114292, 103.015572",7/30/2024 21:13:09
OR-00973,ร้าน น้ำหนึ่งพาณิชย์,บ.โนนอำนวย ม.9 ต.นาตาล อ.ท่าคันโท จ.กาฬสินธุ์ 46190,876445455,,,https://goo.gl/maps/jVw3u784rYKivuPDA,,"16.823148, 103.278426",7/30/2024 21:13:09
OR-00974,โรงเรียนบ้านนาดี-สร้างบง,5 ม.4 ต.ผาสุก อ.กุมภวาปี จ.อุดรธานี 41340,843932257,อยู่รับ 9.00-15.00 น. [วันจันทร์ - วันศุกร์],,https://goo.gl/maps/pL1eWnryyatzC13M7,,"17.205757, 102.942967",7/30/2024 21:13:09
OR-00975,บีลีฟ Believe,257/1 ถนนกุมภวาปี-ศรีธาตุ ข้างสถานีวิทยุ,656425552,,,https://goo.gl/maps/2G8QNUfMNdvwL3Cc6,,"17.112613, 103.004490",7/30/2024 21:13:09
OR-00976,ร้านแววศรีการค้า,170 หมู่ 13 บ้านดงน้อย ต.ปะโค อ.กุมภวาปี จ.อุดรธานี,998170991,,,"https://www.google.com/maps/place/17%C2%B001'05.8%22N+102%C2%B053'54.8%22E/@17.0181123,102.8985111,21z/data=!4m4!3m3!8m2!3d17.0182802!4d102.8985513?en",,"17.018293, 102.898558",7/30/2024 21:13:09
OR-00977,ร้าน อาคะเนย์ สรวงศิริ,308 ม.3 บ้าน เมืองพรึก ต.เเชแล อ.กุมภวาปี จ.อุดรธานี 41110,872261148,,,https://goo.gl/maps/yV6ZprMbQvN7RqSS7,,"17.183837, 103.084478",7/30/2024 21:13:09
OR-00978,นางสาว ยุวรรณา บุตรหิน,52 ม.16 บ.ปะโค ต.ปะโค อ.กุมภวาปี จ.อุดรธานี 41370,085-6476406,,,,,,7/30/2024 21:13:09
OR-00979,นาย ธีรพงษ์ ชะงานกลาง,87 ม.6 ต.ลำมูล อ.โนนสูง จ.นครราชสีมา,084-0816717,,,,,,7/30/2024 21:13:09
OR-00980,โรงเรียนบ้านทองอินทร์สวนมอญ,ม.5 ต.เสอเพลอ อ.กุมภวาปี จ.อุดรธานี,956591925,,,https://goo.gl/maps/95aBHHdSXehmEgAP9,,"17.239261, 102.844989",7/30/2024 21:13:09
OR-00981,ร้านขายน้ำแม่ละมัย,91หมู่ ที่5 บ.สี่แจ ต.ผาสุก อ.กุมภวาปี จ.อุดรธานี41370,928169829,,,,,,7/30/2024 21:13:09
OR-00982,นางสาว กนกพรรัตน์ โพธิ์ชัยยา,384 ม.4 บ.วาปี ต.พันดอน อ.กุมภวาปี จ.อุดรธานี,081-2600561,,,,,,7/30/2024 21:13:09
OR-00983,ร้านส่องศรี บ้านน้ำฆ้อง,163 บ้านน้ำฆ้อง ต.พันดอน อ.กุมภวาปี จ.อุกรธานี,917213634,,,,,,7/30/2024 21:13:09
OR-00984,นางสาวเยาวรัตน์ ผ่านสำแดง,97 ม.1 ต.แชแล อ.กุมภวาปี จ.อุดรธานี,080-7474848,,,,,,7/30/2024 21:13:09
OR-00985,แม่ตุ้ม อยู่หน้าโรงเรียนบ้านโคกสว่าง,บ้านโคกสว่าง,829785697,,,https://goo.gl/maps/dNnvMYnjMPo2MwC26,,"17.192692, 102.842329",7/30/2024 21:13:09
OR-00986,พี่ทิว โนนสะอาด,,846863919,,,,,,7/30/2024 21:13:09
OR-00987,ร้านหมูทองการค้า,254 หมู่ 4 ต.ผาสุก อ.กุมภวาปี จ.อุดรธานี 41370,831417498,,,,,,7/30/2024 21:13:09
OR-00988,จ.เจริญทรัพย์,212 ม.7 ต.พันดอน อ.กุมภวาปี จ.อุดรธานี,862242097,,,,,,7/30/2024 21:13:09
OR-00989,ผศ.พ.ต.หญิง นภาเพ็ญ จันทขัมมา,มหาวิทยาลัยสุโขทัยธรรมมาธิราช 9/9 หมู่ 9,,,,,,,7/30/2024 21:13:09
OR-00990,สกุลทอง,161/1 ต.กุมภวาปี อ.กุมภวาปี จ.อุดรธานี 41110,988604386,,,,,,7/30/2024 21:13:09
OR-00991,ร้าน 789 เจริญการค้า,เลขที่ 63 ม.2 ต.น้ำเที่ยง อ.คำชะอี จ.มุกดาหาร 49110,629563282,,,,,,7/30/2024 21:13:09
OR-00992,โรงเรียนบ้านสวนหม่อน,180 ม.6 ต.เชียงแหว อ.กุมภวาปี จ.อุดรธานี,872595173,,,https://goo.gl/maps/RzJvHZupXyDewhRR9,,"17.249063, 103.024321",7/30/2024 21:13:09
OR-00993,ร้านปังปัง [โดม],374 บ้านท่าลี่ อ.กุมภวาปี ต.ท่าลี่ จ.อุดรธานี 41110,983710102,,,https://goo.gl/maps/XTcYE6QEo4QedkCN6,,"16.962490, 103.072000",7/30/2024 21:13:09
OR-00994,ร้านตั้งทรัพย์อนันต์,391/3 หมู่ 2 ถ.ยิ้มประสิทธิ์ ต.กุมภวาปี อ.กุมภวาปี จ.อุดรธานี,868545804,,,https://goo.gl/maps/QWRN9BhzdyibnhTe9,,"17.109539, 103.015235",7/30/2024 21:13:09
OR-00995,เจ้ นี,45 ม. 7 บ้านเชียงแหว ต.เชียงแหว อ.กุมภวาปี จ.อุดรธานี,933685443,,,,,,7/30/2024 21:13:09
OR-00996,ร้าน ประภัสสร,156 ม.4 ต.บ้านฝาง อ.กระนวน จ. ขอนแก่น 40170,645821594,,,,,,7/30/2024 21:13:09
OR-00997,ร้านจีออโต้ซี๊ด,85 ม.8 บ้านโนนวัฒนา ต.ห้วยเกิ้ง อ.กุมภวาปี จ.อุดรธานี,832916329,,,https://goo.gl/maps/Ekmu718LuqhEPjCZ7,,"17.049353, 102.926196",7/30/2024 21:13:09
OR-00998,นาย เอี่ยมเส็ง เวียนศิริ,99/21 ม.4 ต.บึงยี่โถ อ.ธัญบุรี จ.ปทุมธานี 12130,091-0095352,,,,,,7/30/2024 21:13:09
OR-00999,จำปา การค้า,บ้านโนนเห็น 32 หมู่8 ต.เวียงคำ อ.กุมภวาปลี จ.อุดรธานี,822581105,,,,,,7/30/2024 21:13:09
OR-01000,นพรดารุ่งเรืองทรัพย์,31 ม.8 บ้านเชียงกรม ต.นาม่วง อ.ประจักษ์ศิลปาคม จ.อุดรธานี 41110,872341883,,,https://goo.gl/maps/DijLrWnTdZeLbGK28,,"17.287404, 102.960025",7/30/2024 21:13:09
OR-01002,แม่แดง บ้านเชียงแหว,89 ม.2 บ.เชียงแหว ต.เชียงแหว อ.กุมภวาปี จ.อุดรธานี,811368668,,,https://goo.gl/maps/v7ty7P3s2pynuRjD8,,"17.181364, 103.001603",7/30/2024 21:13:09
OR-01003,เชียงแหว เจริญพาณิชย์,147/11 บ้านเชียงแหว ตำบลเชียงแหว อำเภอกุมภวาปี จังหวัดอุดรธานี,800069031,,,https://goo.gl/maps/V4bGtHtKhPvR3LBB6,,"17.180884, 102.998306",7/30/2024 21:13:09
OR-01004,ยายโต่น,บ้านดอนแคน หมู่12 ต.พันดอน อ.กุมภวาปี จ.อุดรธานี,834041852,,,,,,7/30/2024 21:13:09
OR-01005,นส.ปาริชาติ พิณแย่ง,567/23 ถ.อ่อนนุช แขวงอ่อนนุช เขตสวนหลวง จ.กรุงเทพมหานคร 10250,,,,,,,7/30/2024 21:13:09
OR-01006,ร้านสมศักดิ์,44 ม.6 บ้านแสงทอง ต.หนองแสง อ.หนองแสง จ.อุดรธานี 41340,879193501,,,https://goo.gl/maps/o8pePEfYYg8adabE8,,"17.147058, 102.850963",7/30/2024 21:13:09
OR-01007,ร้าน มาลองสเต็ก,232 ม.4 ต.ทับกุง อ.หนองแสง จ.อุดรธานี 41340,943641253,,,https://goo.gl/maps/Yp12cEqpVd3X6J4L7,,"17.171438, 102.810206",7/30/2024 21:13:09
OR-01008,โรงเรียนอนุบาลโนนสะอาด,ต.โนนสะอาด อ.โนนสะอาด จ.อุดรธานี 41240,8107509455,,,https://goo.gl/maps/Ccobptj6qBELjVnJ9,,"16.978985, 102.898100",7/30/2024 21:13:09
OR-01009,เฮียโอ้,,806587717,,,,,,7/30/2024 21:13:09
OR-01010,เจ้เหมียว,3 ม.9 ต.ทับกุง อ.หนองแสง จ.อุดรธานี 41340,627471778,,,https://goo.gl/maps/Wazui1iZVpuEuQ8R7,,"17.157223, 102.785100",7/30/2024 21:13:09
OR-01011,นางอรไพลิน อุสาพรหม,23/1 หมู่12 ต.ศรีสุทโธ อ.บ้านดุง จ.อุดรธานี,657404646,,,,,,7/30/2024 21:13:09
OR-01012,ร้าน พี่อุ้ม,173 หมู่6 ต.หนองกุงศรี อ.โนนสะอาด จ.อุดรธานี,087-2189382,,,https://goo.gl/maps/gwcBAnAEReQni54E7,,"17.016582, 102.802032",7/30/2024 21:13:09
OR-01013,กองทุนหนองกุงศรีหมู่ 6,บ้านหนองกุงศรี,0884581541/หน้าร้าน,,,https://goo.gl/maps/6xV4wcDpVWCBkvP58,,"17.016372, 102.803032",7/30/2024 21:13:09
OR-01014,แม่บุญเถิง บ.บุ่งแก้ว,261 ม.13 บ.บุ่งแก้ว ต.บุ่งแก้ว อ.โนนสะอาด จ.อุดรธานี,061-0429937,,,,,,7/30/2024 21:13:09
OR-01015,ร้าน แม่นาง บ.สามเหลี่ยม,106 ม.4 บ้านสามเหลี่ยม ต.ทับกุง อ.หนองแสง จ.อุดรฯ 41340,842191953,,,https://goo.gl/maps/NvHeikxqbEDNaom2A,,"17.172020, 102.801000",7/30/2024 21:13:09
OR-01016,ร้านเหมยมินิมาร์ท,197 หมู่3 บ้านโพธิ์ชัย ตำบลโพธิ์ศรีสำราญ อำเภอโนนสะอาด จังหวัดอุดรธานี,934363304,,,https://goo.gl/maps/t8LvLn8Ta6SvteXu7,,"16.982531, 102.826000",7/30/2024 21:13:09
OR-01017,ร้านน้องเท่,32/5 บ.เสาเล้า ต.โพธิ์ศรีสำราญ อ.โนนสะอาด จ.อุดรธานี,061-3323478,,,https://goo.gl/maps/fHoBmB2VZnVN7Qpt6,,"16.951031, 102.845968",7/30/2024 21:13:09
OR-01018,ร้าน แม่ปอ บ.โคกศรี,34 ม3 บ้านโคกศรี ต.นาดี อ.หนองแสง จ.อุดรธานี,875183027,,,https://goo.gl/maps/CuQKrkBuP9g96sXV6,,"17.046831, 102.828000",7/30/2024 21:13:09
OR-01019,ร้านกองทุนบ้านโนนทอง ม.3,ม.3 ต.หนองกุงศรี,,,,https://goo.gl/maps/k7oWt9uHSWCNjKx2A,,"17.039072, 102.771054",7/30/2024 21:13:09
OR-01020,กองทุนบ้านโนนคำเจริญ หมู่4,บ้านโนนคำเจริญ หมู่4 ตำบลหนองกุงศรี,,,,https://goo.gl/maps/mK2iBK7h7ENTUHwL6,,"17.041582, 102.770989",7/30/2024 21:13:09
OR-01021,ร้านทรัพย์เจเจ,200 ม.3 บ้านโคกศรี ต.นาดี อ.หนองแสง จ.อุดรธานี 41340,903515339,,,https://goo.gl/maps/B1Tbdyy3XrCNd27o8,,"17.047359, 102.830271",7/30/2024 21:13:09
OR-01022,พี่อุบลรัตน์ ท่าคันโท,96 ม.8 บ้านท่าคันโท ต.ท่าคันโท จ.กาฬสินธุ์,811887394,,,https://goo.gl/maps/2yi7phrUgJCVyBDG9,,"16.936579, 103.232059",7/30/2024 21:13:09
OR-01023,ร้าน น้าจ่อย,97 ม.3 ต.นาม่วง อ.ประจัก จ.อุดรธานี,982085505,,,,,,7/30/2024 21:13:09
OR-01024,ร้าน ณะโม,โรงแป้งเชาน์ดีอีสาน 261 ม.8 ต.เวียงคำ อ.กุมภวาปี จ.อุดรธานี,085-6324868,,,,,,7/30/2024 21:13:09
OR-01025,ไพวรรณการค้า,5 ม.6 ต.บุ่งแก้ว อ.โนนสะอาด จ.อุดรธานี 41240,890148582,,,https://goo.gl/maps/uNo7VmiYsJjpiMZ18,,"16.970611, 102.976942",7/30/2024 21:13:09
OR-01026,บริษัท กรณ์เกล้า มาร์เก็ตติ้ง จำกัด,16/7 ถนน สงเปลือย ต.กาฬสิน อ.เมือง จ.กาฬสินธุ์ 46000,081-6708691,,,,,,7/30/2024 21:13:09
OR-01027,โรงเรียนกุมภวาปี,164 ม.3 ถ.นายูง อ.กุมภวาปี จ.อุดรธานี,981015265,,,https://goo.gl/maps/ecjKWWQCyq6vfv359,,"17.103930, 103.009247",7/30/2024 21:13:09
OR-01028,แม่แก้ว บ.บะยาว,268 ม.8 บ.บะยาว ต.บุ่งแก้ว อ.โนนสะอาด จ.อุดรธานี 41240,656384414,,,https://goo.gl/maps/xaahdhYfiYWcLDEb9,,"16.948259, 103.021894",7/30/2024 21:13:09
OR-01029,น.ส.บริบูรณ์ ฝ่ายแก้ว,เลขที่ 62 ม.4 ต.ทมนางาม อ.โนนสะอาด จ.อุดรธานี,826704566,,,,,,7/30/2024 21:13:09
OR-01030,ร้านภูมิพัตร บ.กุดยาง,44 ม.2 บ้านกุดยาง ต.ท่าลี อ.กุมภวาปี 41110,0828243734/ไลน์,,,https://goo.gl/maps/TUTxY8gEycy7wUWZ6,,"16.955556, 103.042229",7/30/2024 21:13:09
OR-01031,น้องกีต้าร์ มินิมาร์ท,181 ม.14 บ้านหนองศรีเจริญ ต.พันดอน อ.กุมภวาปี จ.อุดรธานี,836452728,,,,,,7/30/2024 21:13:09
OR-01032,โรงเรียนพันดอนวิทยา,,830399497,,,https://goo.gl/maps/MDdMcPzKPTcBWwuL7,,"17.153775, 102.964928",7/30/2024 21:13:09
OR-01033,หจก พีเค เจริญทรัพย์2021,125/21ม.3 ต.หนองบัว อ.เมือง จ.อุดรธานี 41000,984046443,,,,,,7/30/2024 21:13:09
OR-01034,ร้านมะม่วงน้ำปลาหวาน,บ้านเลขที่ 60/75 บ.ศิลา ต.ศิลา อ.เมือง จ.ขอนแก่น 40000,864526689,,,,,,7/30/2024 21:13:09
OR-01035,ร้านสุภัสสร บ้านป่ากุง,77 ม.3 บ้านป่ากุง ต.ห้วยเกิ้ง อ.กุมภวาปี จ.อุดรธานี,823131387,,,https://goo.gl/maps/Z1Yj1qp2hgRy9mVx5,,"17.040804, 102.916552",7/30/2024 21:13:09
OR-01036,ร้านจิมยงค์,60 ม.4 บ.ดินแดน ต.ค้อใหญ่ อ.กู่เเก้ว จ.อุดรธานี 41130,985082542,,,https://goo.gl/maps/cS45BRaPBgp1byNt7,,"17.210381, 103.141372",7/30/2024 21:13:09
OR-01037,ร้าน ยุทธนาพานิชย์,40 ม.3 บ.ค้อคำ ต.ค้อใหญ่ อ.กู่แก้ว จ.อุดรธานี 41130,630825976,,,https://goo.gl/maps/U6A9f5jB5H6YzMXXA,,"17.209345, 103.145277",7/30/2024 21:13:09
OR-01038,หจก.พรมเจริญทรัพย์2556,232 ม.16 บ.น้ำฆ้อง ต.พันดอน อ.กุมภวาปี จ.อุดรธานี 41370,088-0539624,,,,,,7/30/2024 21:13:09
OR-01039,ร้านปิยวัฒน์ วัฒธน,16 ม.3 ต.หนองช้าง อ.สามชัย จ.กาฬสินธุ์,846305337,,,,,,7/30/2024 21:13:09
OR-01040,นางผกามาศ จันทร์ดี,227 หมู่ 7 บ้านนาเหล่า ต.หนองกุงศรี อ.โนนสะอาด จ.อุดรธานี 41240,955867035,,,https://goo.gl/maps/9esiPcSnvF1hbVqw8,,"17.058719, 102.786587",7/30/2024 21:13:09
OR-01041,ร้าน สุขประกอบ,58 ม.6 ต.หนองกุงศรี อ.โนนสะอาด จ.อุดรธานี,093-4346534,,,,,,7/30/2024 21:13:09
OR-01042,กองทุนหมู่บ้านคำหว้าทองน้อย ม.9,4 หมู่ 9 ต.ทับกุง อ.หนองแสง จ.อุดรธานี 41340,960039200,,,https://goo.gl/maps/SxhMuesoEK4E7eYu6,,"17.155810, 102.787367",7/30/2024 21:13:09
OR-01043,แม่น้อย บ้านเหล่าหมากบ้า,5 ม.7 บ้านเหล่าหมากบ้า ต.แชแล อ.กุมภวาปี จ.อุดรธานี 41110,896772509,,,https://goo.gl/maps/RZW9mrJZvHNGfcTQ6,,"17.159874, 103.057689",7/30/2024 21:13:09
OR-01044,น้องปันปัน,149 ม.2 บ้านห้วยบง ต.หนองหว้า อ.กุมภวาปี จ.อุดรธานี,883028327,,,,,,7/30/2024 21:13:09
OR-01045,ร้านรัดดาฟิล์ม,150 หมู่ 1 บ้านหนองแสง ต.หนองแสง อ.หนองแสง จ.อุดรธานี,981820366,,,https://goo.gl/maps/LgAhXLU336fhUTCj9,,"17.142191, 102.849306",7/30/2024 21:13:09
OR-01046,ร้านของแม่,94 ม.3 ต.ห้วยพิชัย อ.ปากชม จ.เลย 42150,646246695,,,https://goo.gl/maps/Z4CDrWGCPPE9ECYx6,,"17.128864, 102.964721",7/30/2024 21:13:09
OR-01047,แม่วิไล บ้านหนองเหี้ย,64 ม.10 บ้านหนองเหี้ย ต.หนองหว้า อ.กุมภวาปี จ.อุดรธานี,621576621,,,,,,7/30/2024 21:13:09
OR-01048,แม่มะลิวรรณ บ้านนาแบก,132 ม.17 บ้านนาแบก ต.เวียงคำ อ.กุมภวาปี จ.อุดรธานี,934206887,,,,,,7/30/2024 21:13:09
OR-01049,ลุงฟ้า,57 ม.9 ต.โคกกลาง อ.โนนสะอาด จ.อุดรธานี,810529862,,,,,,7/30/2024 21:13:09
OR-01050,ร้าน ปลื้มใจ,210 ม.9 ต.อุ่มจาน อ.ประจักษ์ศิลปาคม จ.อุดรธานี 41110,0954281088,,,https://maps.app.goo.gl/cdvk9bqkvrczKXKD8,,"17.260391, 103.035514",7/30/2024 21:13:09
OR-01051,ร้าน ลิลลี่ 20 บาท,5758 หมู่ 4 บ้านวาปี ต.พันดอน อ.กุมภวาปี จ.อุดรธานี,961744829,เปิด 10โมง ถึง 1 ทุ่ม,,https://goo.gl/maps/d2dVThMqbotUMSxp8,,"17.128927, 102.944280",7/30/2024 21:13:09
OR-01052,ร้านน้ำต้นคูน ตรงข้ามอินชอนเนื้อย่าง,213 ม.2 ต.โนนสะอาด อ.โนนสะอาด จ.อุดรธานี,627756349,,,https://goo.gl/maps/xvyCxzFdhVBuVpyh9,,"16.972794, 102.896641",7/30/2024 21:13:09
OR-01053,ร้านพงษ์พรรณ์,215หมู่10 บ้านห้วยผึ้ง ต.บ้านโปร่ง อ.ศรีธาตุ จ.อุดรธานี,0957027463,,,https://maps.app.goo.gl/ptL9efwntcwHCU6JA,,"16.967756, 103.096667",7/30/2024 21:13:09
OR-01054,พอใจการเกษตร,151 ม.5 บ้านโคกสว่าง ต.หนองแสง อ.หนองแสง จ.อุดรธานี 41430,963171079,,,,,,7/30/2024 21:13:09
OR-01055,ร้านหมู่บ้าน หนองอึ่ง,94 หมู่ 6 บ หนองอึ่ง ต นายูง อ ศรีธาตุ จ อุดรธานี,651030041,,,https://goo.gl/maps/5vpQG5G2E4H8vdg49,,"16.981705, 103.270312",7/30/2024 21:13:09
OR-01056,แม่ออง บ้านเสาเล้า,194 ม.10 บ้านเสาเล้า ต.โพธิ์ศรีสำราญ อ.โนนสะอาด จ.อุดรธานี,963184224,,,,,,7/30/2024 21:13:09
OR-01057,ร้านสุขทวีมินิมาร์ท,53 หมู่ 6 บ้านดงมะไฟ ต.หนองหว้า อ.กุมภวาปี อุดรธานี,0942754488/0990194888,,,https://goo.gl/maps/bBeJeTyRi6spWaps7,,"17.033534, 102.998767",7/30/2024 21:13:09
OR-01058,ร้านธนะชัยการค้า,304 ม.3 ต.บะยาว อ.วังสามหมอ บ้านนานกชุม จ.อุดรทานี 41280,652905817,,,,,,7/30/2024 21:13:09
OR-01059,ร้านค้า ประชารัฐบ้านนาแก,ม.2 ซ.บ้านนาแก ต.บะยาว อ.วังสามหมอ จ.อุดรธานี 41280,835101939,,,,,,7/30/2024 21:13:09
OR-01060,ร้านบ้านเพื่อน ณ หนองแสง,256 หมู่ 11 บ้านทับกุง ต.ทับกุง อ.หนองแสง จ.อุดรธานี 41340,089-8635368,ปิดร้านทุกวันอาทิตย์,,https://goo.gl/maps/KAhyP4jPWZS4j14Q9,,,7/30/2024 21:13:09
OR-01061,วิลัยวรรณ คำเบ้าเมือง,196 ม.2 บ.นาฝาย ต.นาดี อ.หนองแสง จ.อุดรธานี 41340,084-4756790,,,,,,7/30/2024 21:13:09
OR-01062,แม่บัว พ่อประสพ สุระเสน,7 หมู่ 2 บ้าน ดอนดง ต.อุ่มจาน อ.ประจักษ์ จ.อุดรธานี,853259680,,,https://goo.gl/maps/w6aFyLGeDCLzk2DF6,,,7/30/2024 21:13:09
OR-01063,ร้าน นายคมเขต,3 หมู่ 10 บ้านคำเจริญ ต.พันดอน อ.กุมภวาปี,956829925,,,,,,7/30/2024 21:13:09
OR-01064,โนบิชา สาขาพันดอน,44 ม.16 ต.พันดอน อ.กุมภวาปี จ.อุดรธานี,638319070,,,https://goo.gl/maps/93k7XrQFtkuMapxb6,,,7/30/2024 21:13:09
OR-01065,น.ส.ธันยธรณ์ ยางธิสาร,80 ม.3 ต.ปะโค อ.กุมภวาปี จ.อุดรธานี,,,,,,,7/30/2024 21:13:09
OR-01066,นางพิชญากร สีหาโคตร,142 ม.14 บ้านท่าลี่ ต.ท่าลี่ อ.กุมภวาปี จ.อุดรธานี,0929059166/ไลน์,,,https://goo.gl/maps/BGQxg8k4QiX7dTVv5,,"16.963685, 103.077323",7/30/2024 21:13:09
OR-01067,หจก.แสงรวินท์,72 ม.12 ต.พันดอน อ.กุมภวาปี จ.อุดรธานี 41370,,,,,,,7/30/2024 21:13:09
OR-01068,นางสาวพนิดา สอนสกุล,เลขที่ 56 ม.3 บ้านนาฮี ต.นายูง อ.ศรีธาตุ จ.อุดรธานี 41230,801645341,,,https://goo.gl/maps/2bSmcjkBNemWbwXJ9,,"16.985700, 103.262085",7/30/2024 21:13:09
OR-01069,ร้าน ปิยวัฒน์,16 ม.3 ต.หนองช้าง อ.สามชัย จ.กาฬสินธุ์ 46180,846305337,,,https://goo.gl/maps/Gf1ZVScejjEx6zVW8,,"16.861783, 103.576868",7/30/2024 21:13:09
OR-01070,ร้านกาแฟเสือป่าคอฟฟี่,324 ม.7 บ้านเหล่าหมากบ้า ต.แชแล อ.กุมภวาปี จ.อุดรธานี 41110,983391724,,,https://goo.gl/maps/TZN2vg5rSoHr9ZVNA,,"17.156056, 103.071498",7/30/2024 21:13:09
OR-01071,แม่หงส์ ห้วยกองสี,211 ม.6 บ.ห้วยกองสี อ.กุมภวาปี จ.อุดรธานี,080-7616212,,,https://maps.app.goo.gl/pT8E3umi8jYSjL886,,"17.084151, 102.932300",7/30/2024 21:13:09
OR-01072,ร้านคำพอง บ้านท่าหนองเทา,128  ม.2 บ้านท่าหนองเทา ต.เวียงคำ อ.กุมภวาปี จ.อุดรธานี,0808140486,,,https://maps.app.goo.gl/pHnbdzAp9TMjQEus6,,"17.095304, 103.034473",7/30/2024 21:13:09
OR-01073,พยอม,271 ม.6 บ้านยางหล่อ ต.แชแล อ.กุมภวาปี จ.อุดรธานี 41110,927716993,,,"https://www.google.com/maps/search/?api=1&query=17.14637071797214,103.04339616372333",,"17.146411, 103.043384",7/30/2024 21:13:09
OR-01074,วัดสว่างโยมาลัย บ้านท่าเปลือย,เลขที่ 172 ม.11 บ้านท่าเปลือย ถ.ริมปาว ต.ตูมใต้ อ.กุมภวาปี จ.อุดรธานี,652727805,,,https://goo.gl/maps/AS2Q7vMwWHzhiN687,,"17.135573, 103.025052",7/30/2024 21:13:09
OR-01075,นายสิทธิรัตน์ พิพิธหิรัญการ,158/6 ถ.อุดร-สกล ต.หนองบัว อ.เมืองจ.อุดรธานี 41000,625748953,,,https://goo.gl/maps/FxfTPFtuVgdzzFYh8,,"17.368376, 102.860713",7/30/2024 21:13:09
OR-01076,ร้าน อีซี่ มาร์ท,12/2 บ้านนาฝาย ต.นาดี อ.หนองแสง จ.อุดรธานี,624011997,,,https://maps.app.goo.gl/pB8Xz9cGJnBiJZc17,,"17.083910, 102.857940",7/30/2024 21:13:09
OR-01077,บริษัท หยกกิ่งเพชรการค้า จำกัด,202 ม.3 ต.ปะโค อ.กุมภวาปี จ.อุดรธานี 41370,805729441,,,,,,7/30/2024 21:13:09
OR-01078,แม่พิศมัย บ้านนาหนองทม,245 ม.9 บ้านนาหนองทม ต.พันดอน อ.กุมภวาปี,810479861,,,,,,7/30/2024 21:13:09
OR-01079,ร้าน แบมแบม,202 ม.8 ต.บุ่งแก้ว อ.โนนสะอาด จ. อุดรธานี 41240,0935474166/แอพ+ไลน์,,,https://goo.gl/maps/1XB1d8kP9kfcREMm9,,"16.951940, 103.026662",7/30/2024 21:13:09
OR-01080,เจ้แดง ติดร้านตุ๊กตาตลาดสด กว.,,850116478,,,https://maps.app.goo.gl/LemUfEZAs2Fe6RKA6,,"17.110873, 103.014948",7/30/2024 21:13:09
OR-01081,แม่แก้ว บ้านโนนสวรรค์,61 ม.7 บ้านโนนสวรรค์ ต.เสอเพอ อ.กุมภวาปี จ.อุดรธานี,801939402,,,,,,7/30/2024 21:13:09
OR-01082,แม่ทองหนุน บ้านเซียบ,156 ม.9 บ้านเซียบ ต.เชียงแหว อ.กุมภวาปี จ.อุดรธานี,929502471,,,,,,7/30/2024 21:13:09
OR-01083,นางบัวรอน รินทะรักษ์,166 ม.8 บ้านนาดี ต.นาดี อ.หนองแสง จ.อุดรธานี,632675829,,,,,,7/30/2024 21:13:09
OR-01084,อาจุมม่า คาเฟ่,18 หมู่ 4 ต.ปะโค อ.กุมภวาปี จ.อุดรธานี 41370,839801315,,,https://maps.app.goo.gl/erS5dZ3V7eai1yq2A,,"17.067284, 102.887559",7/30/2024 21:13:09
OR-01085,แม่เพชรรัตน์ บ้านโนนสำราญ,96 ม.6 บ้านโนนสำราญ ต.ท่าคันโท อ.ท่าคันโท จ.กาฬสินธุ์,868583096,,,,,,7/30/2024 21:13:09
OR-01086,พ่อกว้าง บ้านตูมกลาง,189 ม.2 บ้านตูมกลาง ต.ตูมใต้ อ.กุมภวาปี จ.อุดรธานี,983585536,,,,,,7/30/2024 21:13:09
OR-01087,แม่ทอง บ้านห้วยกองสี,41 ม.6 ต.ตูมใต้ อ.กุมภวาปี จ.อุดรธานี,902737276,,,https://goo.gl/maps/sZrnL6KtCJpwgDtb7,,"17.077453, 102.936996",7/30/2024 21:13:09
OR-01088,เจ๊หมิงพาณิชย์,เลขที่ 187 ม.12 บ้านดอนเงิน ต.แชแล อ.กุมภวาปี จ.อุดรธานี,0816010149/0876443318,,,,,,7/30/2024 21:13:09
OR-01089,บ้านตู้เซ่เว่นหน้าบ้าน,,922456246,,,https://goo.gl/maps/dBAKftHc66DEQWnw5,,,7/30/2024 21:13:09
OR-01090,ร้านทีแอล,หลังโรงพักกุมภวาปี,610391782,,,https://goo.gl/maps/RnykJn5mqAmugsYg7,,,7/30/2024 21:13:09
OR-01091,ร้าน 407,ร้าน 407 บ้านวาปี ม.4 ต.พันดอน อ.กุมภวาปี จ.อุดรธานี,972138197,,,,,,7/30/2024 21:13:09
OR-01092,ร้านฤทัย พาณิชย์,117 หมู่1 บ้านค้อใหญ่ ต.ค้อใหญ่ อ.กู่แก้ว,992311447,,,https://goo.gl/maps/XDcNPmtj9cAsuGMU7,,"17.211050, 103.147190",7/30/2024 21:13:09
OR-01093,ศรีบุญรอง,,828364780,,,https://goo.gl/maps/WGvyBzKh8GzBCKNq6,,,7/30/2024 21:13:09
OR-01094,ร้านมาดี,238 หมู่ 11 บ.ทางพาด ต.คำม่วง อ.เขาสวนกวาง จ.ขอนแก่น 40280,813919549,,,,,,7/30/2024 21:13:09
OR-01095,วัดป่าสุขใจ(กุมภวาปี),บ้านสงเปลือย ต.เสอเพลอ อ.กุมภวาปี,959201164,,,https://goo.gl/maps/ge9SzDCFmLTNzcMM8,,"17.189240, 102.896505",7/30/2024 21:13:09
OR-01096,แม่สมพร บ้านดงแคน,เลขที่ 19 ม.11 บ้านดงแคน ต.พันดอน อ.กุมภวาปี,,,,,,,7/30/2024 21:13:09
OR-01097,บริษัท นวโลหะไทย จำกัด สำนักงานใหญ่,1 หมู่ 9 ต.บ้านครัว อ.บ้านหมอ จ.สระบุรี 18270,36288300,,,,,,7/30/2024 21:13:09
OR-01098,จารุณี,63 ม.8 บ.กงพาน ต.พันดอน อ.กุมภวาปี จ.อุดรธานี,081-0610584,,,,,,7/30/2024 21:13:09
OR-01099,ร้านขายของเฮือนน้อย,14 ม 8 บ้านกงพาน ต.พันดอน อ.กุมภวาปี จ.อุดรธานี 41370,840020102,,,"https://www.google.com/maps/search/?api=1&query=17.118671,102.968457",,"17.118902, 102.968414",7/30/2024 21:13:09
OR-01100,ร้าน เอื้อการค้า,203 หมู่ 11 ตำบล ตาดทอง อำเภอ ศรีธาตุ จังหวัด อุดรธานี,952818815,,,https://goo.gl/maps/Mgzw7EvxyFWVdkVh6,,,7/30/2024 21:13:09
OR-01101,ร้าน สวัสดี,305 ม.4 บ.บุ่งหมากลาน ต.ปะโค อ.กุมภวาปี จ.อุดรธานี,063-6327157,,,,,,7/30/2024 21:13:09
OR-01102,นาง ดวงใจ เพ็งคำ,26 ม.3 บ.นานกชุม ต.บะยาว อ.วังสามหมอ จ.อุดรธานี,092-6530205,,,,,,7/30/2024 21:13:09
OR-01103,ร้าน ก๋วยเตี๋ยวพิราบรัตน์,1 หมู่ 6 บ.สวนมอญ ต.เชียงเเหว,649407443,,,,,,7/30/2024 21:13:09
OR-01104,สหกรณ์หมู่บ้านเหล่าใหญ่,ม.4 บ้านเหล่าใหญ่ ต.แชแล อ.กุมภวาปี จ.อุดรธานี 41110,090-4884518,,,,,,7/30/2024 21:13:09
OR-01105,ร้าน ใบบุญสังฆภัณฑ์,271 ม.1 บ.นาม่วง ต.นาม่วง อ.ประจัก จ.อุดรธานี,093-5044235,,,,,,7/30/2024 21:13:09
OR-01106,ร้าน แม่ยา บ.เชียงแหว,162 ม.11 บ.เชียงแหว ต.เชียงแหว อ.กุมภวาปี จ.อุดรธานี,065-5873997,,,,,,7/30/2024 21:13:09
OR-01107,ร้านแชมป์ & แอมป์ มินิมาร์ท,316 หมู่ 2 บ้านกุดยาง ต.ท่าลี่ อ.กุมภวาปี จ.อุดรธานี,0615896435/แอพ,,,https://goo.gl/maps/mveKmFehzU6X5HFv5,,"16.953372, 103.042674",7/30/2024 21:13:09
OR-01108,ณัฐฐิญา คำม่วง,,,,,,,,7/30/2024 21:13:09
OR-01109,ร้าน เบียโบ,188/2 บ.ดงเรือง ต.ผาสุก อ.กุมภวาปี จ.อุดรธานี 41370,832731517,,,,,,7/30/2024 21:13:09
OR-01111,ร้านเฮียฟลุ๊ค,56/1 ม.3 บ้านสี่แจ ต.ผาสุข อ.กุมภวาปี จ.อุดรธานี,956708884,,,https://goo.gl/maps/2tFpnmVQDNPMC9q19,,,7/30/2024 21:13:09
OR-01112,ร้านมีพันธ์,เลขที่ 23 ม.9 บ.เทพอำนวย ต.โนนสมบูรณ์ อ.เขาสวนกวาง จ.ขอนแก่น,083-2899998,,,,,,7/30/2024 21:13:09
OR-01113,ภาโนมัยการค้า,205 หมู่ 10 ต.หนองหว้า อ.กุมภวาปี จ.อุดรธานี,951852498,,,https://goo.gl/maps/K5UWgbBym8nJ3MLk7,,,7/30/2024 21:13:09
OR-01114,ร้าน ตามสั่งยายพรรณี,21 ม.9 บ.โนนผาสุข ต.ผาสุข อ.กุมภวาปี จ.อุดรธานี,0935573934 หลังเมษาจะสั่งสินค้า,,,https://goo.gl/maps/guEMqRTuGA5NJwhq6,,"17.176978, 102.943643",7/30/2024 21:13:09
OR-01115,ห้างหุ้นส่วนจำกัด ยอดยิ่ง โฮลเซล (ไทยแลนด์),"409/4,409/5 หมู่ที่7 ซอยศรีอผดุง2 ถนนสิทธิประศาสตร์ ตำบลศรีสุทโธ อำเภอบ้านดุง จังหวัดอุดรธานี 41190",,,,,,,7/30/2024 21:13:09
OR-01116,ร้าน แม่นงค์การค้า,146 ม.1 บ.นาฝาย ต.นาดี อ.หนองแสง จ.อุดรธานี 41340,063-5824047,,,,,,7/30/2024 21:13:09
OR-01117,บ้านฝน ยายเบียบ,691 หมู่ 15 ต.พันดอน อ.กุมภวาปี ต.พันดอน อ.กุมภวาปี จ.อุดรธานี,817338820,,,,,,7/30/2024 21:13:09
OR-01118,ร้านมุทิตา บ้านเลา,21 ม.8 บ้านเลา ต.เชียงแหว อ.กุมภวาปี จ.อุดรธานี,872389633,,,,,,7/30/2024 21:13:09
OR-01119,เจ้กาน โรงงานน้ำตาลเกษตรผล,ในโรงงานน้ำตาลเกษตรผล ต.ปะโค,862300910,,,,,,7/30/2024 21:13:09
OR-01120,หนองหานซุปเปอร์,,,,,,,,7/30/2024 21:13:09
OR-01121,ฐิติกาญจน์ โพธิ์ศรีทา,96 ม.15 ต.พันดอน กุมภวาปี ต.พันดอน อ.กุมภวาปี จ.อุดรธานี,889416162,,,,,,7/30/2024 21:13:09
OR-01122,น้องเอ๋ย ชานมไข่มุก,15 หมู่ 11 บ.โพธิ์งาม ต.บ้านโปร่ง อ.ศรีธาตุ จ.อุดรธานี,624485916,,,https://goo.gl/maps/o1evzJDFMaG7PAiK7,,,7/30/2024 21:13:09
OR-01123,บริษัท สยามนิสสันเมืองหนองบัวลำภู จำกัด,339-340 หมู่ 10 ถ.อุดร-เลย ต.ลำภู อ.เมือง จ.หนองบัวลำภู 39000,042-36101689,,,,,,7/30/2024 21:13:09
OR-01124,นางธมลวรรณ พุทธอินทรา,336 หมู่ 8 ต.พันดอน อ.กุมภวาปี จ.อุดรธานี,,,,,,,7/30/2024 21:13:09
OR-01126,แม่ปรารถนา บ้านโพนทอง,56 ม.6 บ้านโพนทอง ต.อุ่มจาน อ.ประจักษ์ศิลปาคม,800055683,,,https://goo.gl/maps/8TxjdR875VmNoKKaA,,"17.238181, 103.066639",7/30/2024 21:13:09
OR-01127,ร้าน แม่แดง บ.คำแคน,104 ม.10 บ.คำแคน ต.คอนสาย อ.กู่แก้ว จ.อุดรธานี,064-1324153,,,https://maps.app.goo.gl/dnuW7qXDgn5mjvhNA,,"17.122885, 103.133379",7/30/2024 21:13:09
OR-01128,ร้าน แม่อ้อย บ.เหล่าใหญ่,92 ม.4 บ.เหล่าใหญ่ ต.แชแล อ.กุมภวาปี จ.อุดรธานี,851487388,,,https://goo.gl/maps/rsj5mHePRJXs1D8v5,,"17.175997, 103.080344",7/30/2024 21:13:09
OR-01129,คุณ​วรรณ​ภา​ บ.นาฝาย,8/11​ บ้านนา​ฝาย​ ต.​นาดี อ.​หนอง​แสง​ จ.​อุดรธานี,986604833,,,https://goo.gl/maps/GebrhY5aKxTRzC7e8,,"17.088524, 102.854711",7/30/2024 21:13:09
OR-01130,หนึ่งฤทัย ฤทธิมนตรี,212 ม.5 บ.หนองแวงใหญ่ ต.แชแล อ.กุมภวาปี จ.อุดรธานี,064-1571814,,,,,,7/30/2024 21:13:09
OR-01131,โรงเรียนบ้านห้วยกองสี,บ้านห้วยกองสี,931019908,,,,,,7/30/2024 21:13:09
OR-01132,บริษัท บุญรอคบริวเวอรี่ จำกัด,999 ถนนสามเสน แขวงถนนนครไชยศรี เขตดุสิต กรุงเทพมหานคร 10300,084-7899105,,,,,,7/30/2024 21:13:09
OR-01133,พี่อ๋อม บ้านโคกหนองแวง,145 ม.9 บ้านโคกหนองแวง ต.นายูง อ.ศรีธาตุ จ.อุดรธานี,918692296,,,,,,7/30/2024 21:13:09
OR-01134,456 หมูกระทะ,ต.บ้านจีด อ.กู่แก้ว จ.อุดรธานี 41130,933392756,,,https://goo.gl/maps/YVnuhuJT7aBdfxGb7,,,7/30/2024 21:13:09
OR-01135,ประชารัฐโนนสวรรค์ ม.10,หมู่ 10 ต.หนองกุงศรี อ.โนนสะอาด จ.อุดรธานี,934148738,,,,,,7/30/2024 21:13:09
OR-01136,พี่นิดหน่อย บ้านนาฮี,174 ม.8 บ้านนาฮี ต.นายูง อ.ศรีธาตุ,973096644,,,,,,7/30/2024 21:13:09
OR-01137,พีแอนด์เอ็น บ้านนาแบกน้อย,204 ม.17 ต.เวียงคำ อ.กุมภวาปี จ.อุดรธานี,810538706,,,,,,7/30/2024 21:13:09
OR-01138,ร้าน ธนกร ศรีธาตุ,124 ม.2 บ.ป่าเลา ต.ศรีธาตุ อ.ศรีธาตุ จ.อุดรธานี,099-0212990,,,,,,7/30/2024 21:13:09
OR-01139,แม่เข็ม บ้านทับไฮ,224 ต.แสงสว่าง อ.หนองแสง จ.อุดรธานี,984350759,,,,,,7/30/2024 21:13:09
OR-01140,บริษัท ไจแอนท์ วิลโลว์ จำกัด (สำนักงานใหญ่),222 ม.15 ถ.พิศาลสารกิจ ต.พันดอน อ.กุมภวาปี จ.อุดรธานี 41370,086-4651011,,,https://goo.gl/maps/FzABuhGr2L9CgCaq7,,"17.130245, 102.960236",7/30/2024 21:13:09
OR-01141,สุวรรณี เกิดเคน,บ้านแสงสว่าง จ.อุดรธานี,856833209,,,,,,7/30/2024 21:13:09
OR-01142,เฮียกู้,,815929755,,,,,,7/30/2024 21:13:09
OR-01143,ครัวสามพี่น้อง ทางพาด,222 ม.4 ต.พันดอน อ.กุมภวาปี จ.อุดรธานี,630699208,,,,,,7/30/2024 21:13:09
OR-01144,จิราภรณ์,336 ม.12 อ.ศรีธาตุ,982770446,,,,,,7/30/2024 21:13:09
OR-01145,น้องแก้ม บ้านโคกใหญ่,163 ม.16 บ.โคกใหญ่ ต.จำปี อ.ศรีธาตุ จ.อุดธานี,0973212499 / 0825942586,,,,,,7/30/2024 21:13:09
OR-01146,เทศบาลกงพาน พันดอน,,817546316,,,,,,7/30/2024 21:13:09
OR-01147,สหกรบ้านหนองกุง ม.1,ต.หนองกุงศรี อ.โนนสะอาด,,,,,,,7/30/2024 21:13:09
OR-01148,ร้านกัปตัน กะตังค์ พาณิชย์,91 ม.5 ต.กุดโดน อ.ห้วยเม็ก จ.กาฬสินธุ์ 46170,,,,,,,7/30/2024 21:13:09
OR-01149,บูม สุพพัตรา บ.แสงสว่าง,129 ม.1 บ้านแสงสว่าง,952905106,,,"https://www.google.com/maps/search/?api=1&query=17.12145,102.825266",,"17.121691, 102.825255",7/30/2024 21:13:09
OR-01150,บิ๊กบอยเรสเตอรองท์,162 หมู่3 ต.กุมภวาปี อ.กุมภวาปี จ.อุดรธาณี 41110,0614576894/0856445366,,,https://goo.gl/maps/16HALe81TMYHJpSr9,,,7/30/2024 21:13:09
OR-01151,ร้านท็อป,385ม.2ต.ยางอู้มอ.ท่าคันโทจ.กาฬสินธุ์,643150652,,,,,,7/30/2024 21:13:09
OR-01152,มิตรภาพพาณิช,180 หมู่ 2 บ้านทมป่าข่า ตำบลทมนางาม อำเภอโนนสะอาด จังหวัดอุดรธานี,0622366917/แอพ+ไลน์,,,https://goo.gl/maps/qArQ1Dwp9oNrTpbLA,,"16.909079, 103.004214",7/30/2024 21:13:09
OR-01153,ร้านยายผักกาด,"40 หมู่ 5 บ้านไร่ ต.โคกกลาง อ.โนนสะอาด จ,อุดรธานี 41240",868438257,,,,,,7/30/2024 21:13:09
OR-01154,ขายออนไลน์ติ๊กต๊อก,,,,,,,,7/30/2024 21:13:09
OR-01155,นิลสดี ศรีอุปลัด,82 ม.8 ต.นาดี จ.อุดรธานี,621592676,,,,,,7/30/2024 21:13:09
OR-01156,ร้าน อ.เจริญพานิชย์,28 ม.2 บ้านแสงสว่าง ต.แสงสว่าง อ.หนองแสง จ.อุดรธานี 41340,627787447,,,https://maps.app.goo.gl/mL49rmWznsAxhGJFA,,"17.119059, 102.820003",7/30/2024 21:13:09
OR-01157,หจก.สยามซูแปอร์สโตร์ (2018) สำนักงานใหญ่,80 ม.2 ต.หนองแวง อ.บ้านผือ จ.อุดรธานี 41160,,,,,,,7/30/2024 21:13:09
OR-01158,ร้านแม่แต๋ว,137/10 บ.วังแสน ต.นาม่วง อ.ประจัก จ.อุดรธานี 41110,800705631,,,,,,7/30/2024 21:13:09
OR-01159,ห้างหุ้นส่วนจำกัด มุลาอิ (สำนักงานใหญ่),418 ม.12 ต.แม่กาษา อ.แม่สอด จ.ตาก 63100,,,,,,,7/30/2024 21:13:09
OR-01160,ร้าน ขวัญ 20 บาท,284 หมู่ 1 บ้านนาม่วง ต.นาม่วง อ.ประจักษ์ จ.อุดรธานี 41110,095-8715847,,,,,,7/30/2024 21:13:09
OR-01161,เมตตา พาณิชย์,141 หมู่ 5 ต.อุ้มจาน อ.ประจักษ์ศิลปาคม จ.อุดรธานี  41110,638782459,,,https://goo.gl/maps/jRsYHCutoSh8ym7QA,,"17.237732, 103.068788",7/30/2024 21:13:09
OR-01162,เจ้อ๋อย,103 หมู่ 1 ต.กุมภวาปี อ.กุมภวาปี จ.อุดรธานี 41110,895423115,,,"https://www.google.com/maps/search/?api=1&query=17.111002,103.014315",,"17.111222, 103.014358",7/30/2024 21:13:09
OR-01163,ยายบัน โรงเรียนอุ่มจาน,,862303632,,,,,,7/30/2024 21:13:09
OR-01164,แสงอุทัย การเกษตร,249 หมู่. ต.โพธิ์ศรีสำราญ อ.โนนสะอาด จ.อุดรธานี 41240,843927275,,,https://maps.app.goo.gl/Ko9ta9qHM1xLSa3i8,,"16.982125, 102.826515",7/30/2024 21:13:09
OR-01165,เตี๋ยว เตี๋ยว ตำ ตำ,38 หมู่2 บ.เหล่าเชียงสม ต.แชแล อ.กุมภวาปี จ.อุดรธานี 41110,916867463,,,https://goo.gl/maps/NPAVtYQuFtCkRECY9,,,7/30/2024 21:13:09
OR-01166,พ่อสิน บ้านหนองหญ้ารังกา,197 ม.7 ต.ปะโค อ.กุมภวาปี จ.อุดรธานี,0935387975,,,https://maps.app.goo.gl/HTKZ7atuy51ur6tc7,,"17.033174, 102.877689",7/30/2024 21:13:09
OR-01167,สุมาลี ข้าวมันไก่,199/2 หมู่1 ต.กุมภวาปี อ.กุมภวาปี จ.อุดรธานี 41110,838723193,,,,,,7/30/2024 21:13:09
OR-01168,บิ๊กบอส,251 หมู่1 บ.นาแบก ต.เวียงคำ อ.กุมภวา จ.อุดรธานี 41110,899962926,,,,,,7/30/2024 21:13:09
OR-01169,ติงลี่,115 หมู่ที่ 5 ต.หนองหว้า อ.กุมภวาปี จ.อุดรธานี 41110,092-2548961,,,https://goo.gl/maps/uCmqhUBaHSByZT6v6,,,7/30/2024 21:13:09
OR-01170,ผึ้งแซ่บ,46 หมู่ 6 ต.ห้วยเกิ้ง อ.กุมภวาปี จ.อุดรธานี,834184983,,,,,,7/30/2024 21:13:09
OR-01171,พี่เก่ง ปตท.,,627080535,,,,,,7/30/2024 21:13:09
OR-01172,อมร ธงฟ้า,27 ม.6 ต.โพธิ์ศรีสำราญ อ.โนนสะอาด จ.อุดรธานี,955490952,,,https://goo.gl/maps/EiEkA1xRjWSqYqoy5,,"17.013726, 102.838146",7/30/2024 21:13:09
OR-01173,ฟูฟอง บ.โนนมะข่า,142 ม.3 ต.หนองหว้า อ.กุมภวาปี จ.อุดรธานี,958846895,,,,,,7/30/2024 21:13:09
OR-01174,นาง ประไพร เพียชิน,41 ม.11 ต.นาม่วง อ.ประจักษ์ศิลปาคม จ.อุดรธานี,065-3754808,,,,,,7/30/2024 21:13:09
OR-01175,โรงพยาบาลส่งเสริมสุขภาพตำบลสงเปลือย,153 ม.9 ต.เสอเพลอ อ.กุมภวาปี จ.อุดรธานี,,,,,,,7/30/2024 21:13:09
OR-01176,สมจิตต์ กลมเกลียว,162 ม.5 ต.ห้วยสามพาด อ.ประจักษ์ศิลปาคม จ.อุดรธานี,093-0793487,,,,,,7/30/2024 21:13:09
OR-01177,ร้านแม่บังอร บ้านโคกสว่าง,221 หมู่ 5 บ้านโคกสว่าง ต.หนองแสง อ.หนองแสง จ.อุดรธานี 41340,954632111,,,https://maps.app.goo.gl/dy2t1VdTBbWgdVen6,,"17.190076, 102.843968",7/30/2024 21:13:09
OR-01178,สหการบ้านโคกสะอาด,ต.หนองหญ้าไซ อ.วังสามหมอ จ.อุดรธานี,985321502,,,,,,7/30/2024 21:13:09
OR-01179,เทศบาลตำบลพันดอน,789 ม.15 ต.พันดอน อ.กุมภวาปี จ.อุดรธานี,,,,,,,7/30/2024 21:13:09
OR-01180,บุญเฮง บ.ดอนสวรรค์,134 ม.7 ต.ตูมใต้ อ.กุมภวาปี จ.อุดรธานี,957178036,,,,,,7/30/2024 21:13:09
OR-01181,นภาพร พาณิชย์,38 หมู่ 14 บ.ท่าลี่ ต.ท่าลี่ อ.กุมภวาปี จ.อุดรธานี,0933972759,,,https://maps.app.goo.gl/c756hXXgriqoDSxS9,,"16.964086, 103.075949",7/30/2024 21:13:09
OR-01182,ห้างหุ้นส่วนจำกัด วรรณประสาทพาณิชย์ [ สำนักงานใหญ่ ],233 ม.9 ต.น้ำพอง อ.น้ำพอง จ.ขอนแก่น 40140,062-6356919,,,,,,7/30/2024 21:13:09
OR-01183,ร้านแม่น้อย,29 หมู่7 บ้านคำไผ่ ตำบลเวียงคำ อำเภอกุมภวาปี จ.อุดรธานี 41110,967699578,,,,,,7/30/2024 21:13:09
OR-01184,นาง มณีจันทร์ พีระวัธน์กุล,117 ม.12 ต.ห้วยสามพาด อ.ประจักษ์ศิลปาคม จ.อุดรธานี,082-1258038,,,,,,7/30/2024 21:13:09
OR-01185,ร้านนิด(ข้างLกฮ.),,933359213,,,,,,7/30/2024 21:13:09
OR-01186,ร้านแม่คา,30/3 บ.หนองบัวเงิน ต.หนองไผ่ อ.เมือง จ.อุดรธานี 41330,621295319,,,,,,7/30/2024 21:13:09
OR-01187,ร้านกองทุนหมู่บ้านหนองเม็ก,บ้านหนองเม็ก ตำบลอุ่มจาน อำเภอประจักษ์ศิลปาคม จังหวัดอุดรธานี 41110,659602280,,,https://goo.gl/maps/Y19n1JEgGn4fNxsZ7,,,7/30/2024 21:13:09
OR-01188,โชคดีมินิมาร์ท บ้านภูฮัง หมู่ 8,117 บ้านภูฮัง หมู่ 8 ต.ดงมูล อ.หนองกุงศรี จ.กาฬสินธุ์ 46220,942718959,,,https://goo.gl/maps/6WPXUVkaHWRCibFk9,,"16.811247, 103.285768",7/30/2024 21:13:09
OR-01189,บริษัท ศรีสวัสดิ์ พาวเวอร์ 2014 จำกัด [ สำนักงานใหญ่ ],"99/392 อาคารศรีสวัสดิ์ ชั้น3,4,6 ถนนแจ้งวัฒนะ แขวงทุ่งสองห้อง เขตหลักสี่ กรุงเทพฯ 10210",657162547,,,,,,7/30/2024 21:13:09
OR-01190,ร้าน มัฆนา เทพสกุล,219 หมู่ที่ 5 บ้านโนนจำปา ต.ตูมใต้ อ.กุมภวาปี จ.อุดรธานี 41100,089-9094077,,,,,,7/30/2024 21:13:09
OR-01191,น้องฟลุ๊ค,บ้านหนองโก เลขที่ 10 หมู่7 ต.บุ่งแก้ว อ.โนนสะอาด จ.อุดรธานี,612960363,,,,,,7/30/2024 21:13:09
OR-01193,ห้างหุ้นส่วนจำกัดเป้งพานิชย์,608 หมู่ 2 ต.เจริญศิลป์ อ.เจริญศิลป์ จ.สกลนคร,982298411,,,,,,7/30/2024 21:13:09
OR-01194,ร้านตั้งขายดี [นางรัตนา บุญบุตตะ],59 ม.16 บ.ปะโค ต.ปะโค อ.กุมภวาปี จ.อุดรธานี,081-1764678,,,https://maps.app.goo.gl/FGUnLfLSb2jvgfSq7,,"17.101662, 102.939305",7/30/2024 21:13:09
OR-01195,บริษัท เอก-ชัย ดีสทริบิวชั่น ชิสเทม จำกัด,เลขที่ 239 ม.15 ต.พันดอน อ.กุมภวาปี จ.อุดรธานี 41370,626057925,,,,,,7/30/2024 21:13:09
OR-01196,ลอง มา แวร์,703 ม.2 ต.วังสามหมอ อ.วังสามหมอ จ.อุดรธานี,952294365,,,,,,7/30/2024 21:13:09
OR-01197,นาง แพงพันธ์,เลขที่ 121 บ้าน ดอนเงิน ม.10 ต.แชแล อ.กุมภวาปี จ.อุดรธานี,849072522,,,,,,7/30/2024 21:13:09
OR-01198,นาย ปัทวุฒิ สุระเสนา,บ้าน พันดอน เลขที่ 11 ต.พันดอน อ.ศรีธาตุ จ.อุดรธานี,957167990,,,,,,7/30/2024 21:13:09
OR-01199,สหกรณ์โรงเรียนมัธยมน้ำตาลอนุสรณ์,,942857222,,,,,,7/30/2024 21:13:09
OR-01200,สหกรณ์โรงเรียนห้วยแสงอรุณวิทยา,หมู่ที่ 7 ต.โพธิ์ศรีสำราญ อ.โนนสะอาด จ.อุดรธานี 41240,,,,https://goo.gl/maps/PyMBZrhSHy7KBS9w6,,"17.011464, 102.834305",7/30/2024 21:13:09
OR-01201,เกรียงไกรพาณิชย์ วังสามหมอ,โรงเรียนอนุบาลวังสามหมอ ต.วังสามหมอ อ.วังสามหมอ จ.อุดรธานี,942930181,,,,,,7/30/2024 21:13:09
OR-01202,ร้านยุพิน,52/1 หมู่ 3 บ้านโนนทองคำเจริญ ต.หนองกุงศรี อ.โนนสะอาด จ.อุดรธานี 41240,857512164,,,,,,7/30/2024 21:13:09
OR-01203,ร้านยายสาว,257 ม.6 ต.ตูมใต้ อ.กุมภวาปี จ.อุดรธานี 41370,621501794,,,,,,7/30/2024 21:13:09
OR-01204,ร้านพี่โจ้,28 ม.8 บ.ท่ายม ต.แสงสว่าง อ.หนองแสง จ.อุดรธานี 41340,823970470,,,https://goo.gl/maps/pyaEG7SMS3eHxejr6,,"17.141864, 102.786895",7/30/2024 21:13:09
OR-01205,ร้านเกริกพลพาณิชย์ [นายเกริกพล ไชยดี ],189 หมู่ 6 บ.โนนม่วงโคกใหญ่ ต.จำปี อ.ศรีธาตุ จ.อุดรธานี 41230,903317746,,,,,,7/30/2024 21:13:09
OR-01206,เปากับปาย,136 บ้านป่าปอแดง ต.จำปี อ.ศรีธาตุ จ.อุดรธานี,872373679,,,,,,7/30/2024 21:13:09
OR-01207,คลังสมบัติ,158 หมู่8 บ้านศรีสวัส ต.โพธิ์ศรีสำราญ อ.โนนสะอาด จ.อุดรธานี,878595643,,,,,,7/30/2024 21:13:09
OR-01208,ร้านนัดพบ,429 บ้านวาปี หมู่4 ต.พันดอน อ.กุมภวาปี จ.อุดรธานี,610499858,,,,,,7/30/2024 21:13:09
OR-01209,สุดยอดลาบเป็ด,91 หมู่.9 ต.บ้านโปร่ง อ.ศรีธาตุ จ.อุดรธานี 41230,882353399,,,https://goo.gl/maps/ATHqE2Jvb2cQs9im7,,"17.026434, 103.122930",7/30/2024 21:13:09
OR-01210,พี่อุ้ม บ.ปะโค,44 ม.15 ต.ปะโค อ.กุมภวาปี จ.อุดรธานี,945042978,,,,,,7/30/2024 21:13:09
OR-01211,แม่ใจ ประเสร็ฐสังข์,76 ม.9 บ.เซียบ ต.เชียงแหว อ.กุมภวาปี จ.อุดรธานี 41110,084-3300904,,,,,,7/30/2024 21:13:09
OR-01212,บริษัท ปิโตรเลียมไทย คอร์ปอเรชั่น จำกัด,90 อาคาร ซี ดับเบิ้ล ยู ทาวเวอร์ เอ ชั้นที่ 33 ถ.รัชดาภิเษก แขวงห้วยขวาง เขตห้วยขวาง กรุงเทพมหานคร 10310,21683377,,,,,,7/30/2024 21:13:09
OR-01213,แพทตี้แพน การค้า,82 ม.1 ต.ห้วยสามพาด อ.ประจักษ์ จ.อุดรธานี,656342500,,,,,,7/30/2024 21:13:09
OR-01214,ห้างหุ้นส่วนจำกัด ชัยกิจเจริญ อิมพอร์ท เอ็กพอร์ท สำนักงานใหญ่,เลขที่ 684 ม.2 ต.แม่ตาว อ.แม่สอด จ.ตาก 63110,954533989,,,,,,7/30/2024 21:13:09
OR-01215,เทพนิมิตร,75 หมู่ 8 ต.หนองหวา อ.กุมภวาปี จ.อุดรธานี [ใกล้โรงงานไก่ วัดป่าบ้านโนยอ],939784989,,,,,,7/30/2024 21:13:09
OR-01216,ร้านเพ็ญนภา,216 หมู่10 ต.พังโง อ.หนองหาน จ.อุดรธานี 41130,0821251530,,,https://maps.app.goo.gl/3nhRYesJznAH8pEM8,,"17.287683, 103.118508",7/30/2024 21:13:09
OR-01217,สามแสง,,,,,,,,7/30/2024 21:13:09
OR-01218,น้องฟ้า ชาลี,292 บ้านเพียปู่ ต.ไชยวาน อ.ไชยวาน จ.อุดรธานี,845195942,,,,,,7/30/2024 21:13:09
OR-01219,โรงเรียนหนองแดงวิทโยดม,119 ม.7 ต.สีออ อ.กุมภวาปี จ.อุดรธานี 41110,632561533,,,https://maps.app.goo.gl/XUD1uR6e9UXwKkgi8,,,7/30/2024 21:13:09
OR-01220,ร้านธีระวัฒน์,181 ม.4 บ้านหนองแซง ต.นาตาล อ.ท่าคันโท จ.กาฬสินธุ์ 46190,831457731,,,,,,7/30/2024 21:13:09
OR-01221,เนย นริน,หนองวัวซอ 8 ม.11 ต.กุดหมากไฟ อ.หนองวัวซอ จ.อุดรธานี,980382807,,,,,,7/30/2024 21:13:09
OR-01222,นาย สาภิรมย์ สกุลวา,195 หมู่ 1 ต.โนนสมบูรณ์ อ.เขาสวนกวาง จ.ขอนแก่น 40280,,,,,,,7/30/2024 21:13:09
OR-01223,ร้าน พีรวัส หมูสด,181 ม.4 บ้านหนองแซง ต.นาตาล อ.ท่าคันโท จ.กาฬสินธุ์ 46190,809200682,,,https://maps.app.goo.gl/wx1gbtP6WB6H7iTR9,,"16.863135, 103.267396",7/30/2024 21:13:09
OR-01224,นาย ลือชัย สันประเภท [ ครัวคุณชุ ],117 ม.2 ต.อุ่นจาน อ.ประจักษ์ศิลปาคม จ.อุดรธานี,943345524,,,,,,7/30/2024 21:13:09
OR-01225,พี่อาย โกดัง,บ้านคำเจริญ ต.พันดอน อ.กุมภวปี จ.อุดรธานี,981638183,,,,,,7/30/2024 21:13:09
OR-01226,บริษัท มุกดาเอ็กซ์เพรส จำกัด,"2/30,2/33 ถนนบัวคูณ ต.แม่สอด อ.แม่สอด จ.ตาก 63110",,,,,,,7/30/2024 21:13:09
OR-01227,แม่ออ บ้านดอนแก้ว,90 ม.5 บ้านดอนแก้ว อ.กุมภวาปี จ.อุดรธานี,813699373,,,,,,7/30/2024 21:13:09
OR-01228,นาย ภิญโญ บัวเผื่อน,145 หมู่ 10 ต.อุ่มจาน อ.ประจักษ์ศิลปาคม จ.อุดรธานี,817088491,,,,,,7/30/2024 21:13:09
OR-01229,น.ส.กชพร ศรีวิเศษ,130 หมู่ที่ 10 ต.นาม่วง อ.ประจักษ์ศิลปาคม จ.อุดรธานี 41110,962266642,,,,,,7/30/2024 21:13:09
OR-01230,พีพี บ้านผือ,บ้านผืออุดร,619274443,,,,,,7/30/2024 21:13:09
OR-01231,วุดดี้ มินิมาร์ท,276 หมู่ที่ 9 ต.เชียงแหว อ.กุมภวาปี จ.อุดรธานี,934787928,,,,,,7/30/2024 21:13:09
OR-01232,มาดามหมูสด,บ้านเลขที่ 14 หมู่ 12 บ้านโนนสา ต.นาม่วง อ.ประจักษ์ศิลปาคม จ.อุดรธานี 41110,619297887,,,https://maps.app.goo.gl/FuDxDYVdRp7MsApY7,,"17.210685, 102.996009",7/30/2024 21:13:09
OR-01233,ร้านแสงประทีป,12 ม.15 บ.หัวขัว ต.เมืองเพีย อ.กุดจับ จ.อุดรธานี 41250,829798586,,,,,,7/30/2024 21:13:09
OR-01234,พนักงานอาทป่วง,,098-6642482,,,,,,7/30/2024 21:13:09
OR-01236,บมจ ธนาคารกรุงไทย สำนักงาน เขตอุดรธานี,เลขที่ 199/12 ถ.อุดรดุษฎี ต.หมากแข้ง อ.เมือง จ.อุดรธานี 41000,042211622-3,,,,,,7/30/2024 21:13:09
OR-01237,ร้านลัดดา,32 หมู่ 1 บ.กุดจิก ต.หนองหว้า อ.กุมภวาปี จ.อุดรธานี 41110,0801815283/ไลน์,,,https://maps.app.goo.gl/egBppxdQjXPuMgWS8,,"17.039454, 102.964840",7/30/2024 21:13:09
OR-01238,ร้านประดิษฐ์ บ.หนองหว้า(บ้านกุดจิก),51 หมู่1 บ้านกุดจิก ต.หนองหว้า อ.กุมภวาปี จ.อุดรธานี 41110,613348988,,,https://maps.app.goo.gl/Tv5F6aQUQE8yu1DD9,,"17.039313, 102.964676",7/30/2024 21:13:09
OR-01239,ร้านพอใจ,58 หมู่ 2 ต.หนองหว้า อ.กุมภวาปี จ.อุดรธานี,833450515,,,https://maps.app.goo.gl/2iU1zvFHHFxNyDgc9,,"17.020880, 102.999535",7/30/2024 21:13:09
OR-01240,ร้านศรีอักษรการค้า,426 ม.1 ต.คำครั่ง อ.เดชอุดม จ.อุบลราชธานี 34160,825511604,,,,,,7/30/2024 21:13:09
OR-01241,ร้านพงษ์พันธ์พาณิชย์ [นายพงษ์พันธ์  แก้วศิลา],31 หมู่ที่ 9 ต.ท่าคันโท อ.ท่าคันโท จ.กาฬสินธ์ 46190,630373186,,,https://maps.app.goo.gl/2Nm7TpTN6k84gsts9,,"16.937554, 103.243240",7/30/2024 21:13:09
OR-01242,บริษัท น้ำตาลเกษตรผล จำกัด สาขาที่ 1,เลขที่ 9 ม.9 ต.ปะโค อ.กุมภวาปี จ.อุดรธานี 41370 41370,42398053,,,https://maps.app.goo.gl/LkACfNPGsiFRr4kTA,,"17.073353, 102.926641",7/30/2024 21:13:09
OR-01243,ราชาข้าว ท่าคันโท,375 ม.1 ต.นาตาล อ.ท่าคันโท จ.กาฬสินธุ์,990246583,,,https://maps.app.goo.gl/wcsnZnHVNUh8DBuLA,,,7/30/2024 21:13:09
OR-01244,มากินนี่ (อภิสิทธิ์ สรวงศิริ),59 หมู่ที่ 15 ต.กุมภวาปี อ.กุมภวาปี จ.อุดรธานี 41110,972570537,,,https://maps.app.goo.gl/WSj4RB3i6acDcckk7,,"17.109461, 103.015327",7/30/2024 21:13:09
OR-01245,ช.พาณิชย์,465/467 ม.15 บ้านพันดอน,,,,,,,7/30/2024 21:13:09
OR-01246,เฮียจิ๊บ,บ้านเลขที่ 95 หมู่ที่ 5 ต.พันดอน อ.กุมภวาปี จ.อุดรธานี 41370,824968845,,,,,,7/30/2024 21:13:09
OR-01247,ดากอน,23 หมู่ที่ 2 ต.โนนสมบูรณ์ อ.เขาสวนกวาง จ.ขอนแก่น,833354569,,,,,,7/30/2024 21:13:09
OR-01248,ฮอดเฮียนค้าส่งทั่วไทย โดย น.ส. จุฑามาศ ชารี,409/5 หมู่ 7 ต.ศรีสุทโธ อ.บ้านดุง อุดรธานี 41190,,,,,,,7/30/2024 21:13:09
OR-01249,กาแฟน้องซัมซุง,บ.ห้วยกองสี ต.ตูมใต้ อ.กุมภวาปี จ.อุดรธานี,854549260,,,,,,7/30/2024 21:13:09
OR-01250,นาง สุธาวัลย์ อุตโรกุล,213 หมู่ที่ 5 ต.ตูมใต้ อ.กุมภวาปี จ.อุดรธานี 41110,862330583,,OR-01250@wawa.com,,,,7/30/2024 21:13:09
OR-01251,บริษัท ที เอ็น วาล์ว แอนด์ เซอร์วิส จำกัด,64/9 ถ.เทอดไทยมุสลิม ต.มาบตาพุด อ.เมือง จ.ระยอง 21150,038-692326,,,,,,7/30/2024 21:13:09
OR-01252,นางสาว ยุวธิดา ศรีหร่าย,บ้านเลขที่ 47 หมู่ที่ 19 ตำบล พันดอน อำเภอ กุมภวาปี จังหวัด อุดรธานี 41370,984588787,,,,,"17.130502, 102.924014",7/30/2024 21:13:09
OR-01253,แม่สมจิต บ้านนาดี,194 ม.10 ต.นาดี อ. หนองแสง จ.อุดรธานี 41370,0981898545,,,,,"17.071098, 102.853248",7/30/2024 21:13:09
OR-01254,ร้านแม่ อุไรวรรณ หัตถปราณีต,702 ม15 ต.พันดอน อ.กุมภวาปี จ.อุดรธานี,098-2356199,,,,,,7/30/2024 21:13:09
OR-01255,หจก. จิรพร 2023,เลขที่ 95 หมู่ที่ 7 ต.แม่ใส อ.เมืองพะเยา จ.พะเยา 56000,,,,,,,7/30/2024 21:13:09
OR-01257,เนรมิต ดีสิน,84 หมู่ 6 ต.ปะโค อ.กุมภวาปี จ.อุดรธานี 41370,890620779,,,,,,7/30/2024 21:13:09
OR-01258,กองทุนหมู่บ้านโนนทอง หมู่ 3,บ้านโนนทอง ต.หนองกรุงศรี อ.โนนสะอาด จ.อุดรธานี 41240,933231716,,,https://maps.app.goo.gl/ssvXwjKm7gz4Ujd59,,"17.038922, 102.771458",7/30/2024 21:13:09
OR-01259,บริษัท พาราเมาท์ อินเตอร์เทรด จำกัด (สำนักงานใหญ่),175/1 ซ.ศูนย์การค้าแฮปปี้แลนด์ 1 ถ.แฮปปี้แลนด์สาย 1 แขวงคลองจั่น เขตบางกะปิ กรุงเทพฯ 10240,,,,,,,7/30/2024 21:13:09
OR-01260,ร้านเจริญภักดี,196 ม.9 ต.สีวิเชียร อ.น้ำยืน จ.อุบลราชธานี 34260 34260,,,,,,,7/30/2024 21:13:09
OR-01261,คุณ ชิดชะไม คำอินทร์,115/51 หมู่บ้านเพ็ชรมณี ซอย 3 หมู่4 ต.ป่าแดด อ.เมือง จ.เชียงใหม่ 50100,091-0788010,,Arisrumpung@gmail.com,,,,7/30/2024 21:13:09
OR-01262,ร้านลัคกี้การเกษตร,287ม.12บ.หนองม่วงต.โคกกลางอ.โนนสะอาดจ.อุดรธานี,660656996,,,,,,7/30/2024 21:13:09
OR-01263,ศรีสุขสโตร์,114 ม.9 บ้านศรีสุข ซ.เทศบาล 3 ต.ศรีธาตุ อ.ศรีธาตุ จ.อุดรธานี 41230,0851082888/0836388288,,,,,,7/30/2024 21:13:09
OR-01264,ร้าน กัปตัน ช้อป,185 ม.1 บ.โพธิ์ศรีสำราญ ต.โพธิ์ศรีสำราญ อ.โนนสะอาด จ.อุดรธานี,082-8877481,,,,,,7/30/2024 21:13:09
OR-01265,เมียนมา,198 หมู่ 5 ต.แสงสว่าง อ.หนองแสง จ.อุดรธานี,634534042,,,,,,7/30/2024 21:13:09
OR-01266,ร้าน สุภาพร นามบุตร,166 ม.3 ต.แสงสว่าง อ.หนองแสง.จ.อุดรธานี 41340,926616827,,,,,,7/30/2024 21:13:09
OR-01267,บริษัท เค.ซี.เมททอลชีท จำกัด(มหาชน) สาขาอุดรธานี สาขาที่ 00004,55 หมู่ 11 ต.หนองไผ่ อ.เมือง จ.อุดรธานี 41330,085-6814068,,,,,,7/30/2024 21:13:09
OR-01268,ร้านส้มตำอาหารตามสั่ง,248 หมู่ที่ 17 ต.ปะโค อ.กุมภวาปี จ.อุดรธานี 41370,916884487,,,,,,7/30/2024 21:13:09
OR-01269,หจก.เอื้อปัญญา,179ม.4 ถ.มิตรภาพ ต.พันดอน อ.กุมภวาปี จ. อุดรธานี,864589078,,,"https://www.google.com/maps/search/?api=1&query=17.131185,102.944405",,"17.131467, 102.944384",7/30/2024 21:13:09
OR-01270,อภิวัตน์ กาลวิบูลย์,88 หมู่ที่ 7 ต. หนองแสง อ.หนองแสง จ.อุดรธานี 41340,652697148,,,,,,7/30/2024 21:13:09
OR-01271,สยามเบ็ดเตล็ด,45 หมู่ที่ 9 บ้านสงเปลือย ต.เสอเพลอ อ.กุมภวาปี จ.อุดรธานี 41370,899409418,,,"https://www.google.com/maps/search/?api=1&query=17.180618,102.900624",,,7/30/2024 21:13:09
OR-01272,ร้าน แม่อ่อนจันทร์,55 ม.9 บ.เหล่าสีเสียด ต.ตูมใต้ อ.กุมภวาปี จ.อุดรธานี,923196470,,,"17.068266, 102.960386",,"17.068266, 102.960386",7/30/2024 21:13:09
OR-01273,ร้านเจ้านาย,190/12บ้านดงสามสิบ ต.เสอเพลอ อ.กุมภวาปี จ.อุดรธานี,936294399,,,,,,7/30/2024 21:13:09
OR-01274,นาย ภูวดล นามมา,74 หมู่ที่ 2 ต.นาคำ อ.บ้านดุง จ.อุดรธานี 41190,062-4427191,,,,,,7/30/2024 21:13:09
OR-01275,น.ส. กรรณิกา โทพา,59 ม.1 ต.โนนสะอาด อ.โนนสะอาด จ.อุดร,930949488,,,,,,7/30/2024 21:13:09
OR-01276,แม่อี๊ด ข้าวแต๋นบ้านดอนแคน,245 หมู่ 12 บ้านดอนแคน ต.พันดอน อ.กุมภวาปี จ.อุดรธานี 41370,933215710,,,,,,7/30/2024 21:13:09
OR-01277,พิศมัย นารี,183 หมู่2 บ.กระเบื้อง ต.บุ้งแก้ว อ.โนนสะอาด จ. อุดรธานี จ.อุดรธานี,985057717,,,https://maps.app.goo.gl/rhMTQ8yBaigNtHyq7,,"16.994521, 103.013032",7/30/2024 21:13:09
OR-01278,95 เฮือนเชียงแหว,1207 ซ.เพชรเกษม 63 แขวงหลักสอง เขตบางแค จ.กรุงเทพมหานคร,818340364,,,,,,7/30/2024 21:13:09
OR-01279,บริษัท เดมาร์ เคมีคอล เวิร์ค จำกัด,94-95 ซอยบรมราชชนนี 39 ถนนบรมราชชนนี แขวงตลิ่งชัน เขตตลิ่งชัน กรุงเทพ 10170,951931259,,,,,,7/30/2024 21:13:09
OR-01280,นางสาว รวงทอง พรหมสิทธิ์,1 หมู่ 1 ต.เสอเพลอ อ.กุมภวาปี จ.อุดรธานี 41370,956703181,,,,,,7/30/2024 21:13:09
OR-01281,ร้านแม่แอ๋ว,53 ม.17 บ.บุงหมากลาน ต.ประโค อ.กุมภวาปี จ.อุดรธานี 41370,935968201,,,,,,7/30/2024 21:13:09
OR-01282,สุภาวดี เกียรติ์พงษ์ลาภ,187/7ม.2 ต.นาดี อำเภอเมือง จ. อุดร 41000,910605235,,,,,,7/30/2024 21:13:09
OR-01283,ป.เจริญพาณิชย์,306 หมู่ที่ 2 ต.ทุ่งใหญ่ อ.ทุ่งฝน จ.อุดรธานี,854566428,,,,,,7/30/2024 21:13:09
OR-01284,โรงพยาบาลกุมภวาปี [พี่อ้อม],,894191402,,,,,,7/30/2024 21:13:09
OR-01285,แม่วาสนา เหล่าเชียงสม,บ้านเหล่าเชียงสม ต.แชแล อ.กุมภวาปี จ.อุดรธานี 41110,647081812,,,,,,7/30/2024 21:13:09
OR-01286,น้องโฟกัส,127 หมู่ 10 บ้านเสาเล้า ต.โพธิ์ศรีสำราญ อ.โนนสะอาด จ.อุดรธานี 41240,981103639,,,,,,7/30/2024 21:13:09
OR-01287,นายณัฎฐพัชร์ ปกป้อง,80 หมู่ 4 ต.โคกพุทรา อ.โพธิ์ทอง จ.อ่างทอง 14120,815163939,,,,,,7/30/2024 21:13:09
OR-01288,บริษัท ไทยวัธนาเมทัลชีท จำกัด,48/6 ม.3 ต.กลางแดด อ.เมือง จ.นครสวรรค์,081-8885567,,0818885567ok@gmail.com,,,,7/30/2024 21:13:09
OR-01289,บริษัท เซ้าท์อีสต์เอเชี่ยนแพคเกจจิ่งแอนด์แคนนิ่ง จำกัด [สาขา00001],เลขที่ 233 หมู่4 นิคมอุตสาหกรรมบางปู ถนนสุขุมวิท ต.แพรกษา อ.เมือง จ.สมุทรปราการ 10280,02-3240617-22,02-3240626,,,,,7/30/2024 21:13:09
OR-01290,วราวุฒิ จิณะไชย,212 หมู่ 7 ถนน พลดำริษ์ ต.ไผ่หูช้าง อ.บางเลน จ. นครปฐม 73130 โทร. 086-9522151,,,b_bomlover@hotmail.com,,,,7/30/2024 21:13:09
OR-01291,บริษัท โรงพยาบาลสัตว์พาราไดซ์ จำกัด,189 ซอยหมู่บ้านเสรีวิลล่า แยก2 แขวงหนองบอน เขตประเวศ กรุงเทพมหานคร 10250 โทร 0803966396,,,,,,,7/30/2024 21:13:09
OR-01292,ร้านค้าน้องแจมมี่,เลขที่ 65 หมู่ 7 หมู่บ้านโนนสวรรค์ ซอย 4 ตำบลเสอเพลอ อำเภอกุมภวาปี จังหวัดอุดรธานี 41370,983329804,,,https://maps.app.goo.gl/NDM6fuxh4W6Bvtyf7,,,7/30/2024 21:13:09
OR-01293,โรงเรียนบ้านพันดอน,บ้านพันดอน ม.1 ต.พันดอน อ.กุมภวาปี จ.อุดรธานี 41370,994515987,,,,,,7/30/2024 21:13:09
OR-01295,ร้าน ณ ภัทรวัสดุภัณฑ์,352 ม.3 บ.บ้านหน่องไผ่พรเจริญ ต.หน่องหญ่าไช อ.วังสามหมอ จ.อุดรธานี 41280 41280,614988393,,,https://maps.app.goo.gl/y2m66QTVuk9SXsWEA,,,7/30/2024 21:13:09
OR-01296,ร้านยายกรานต์,130 หมู่ที่13 ต.ปะโค อ.กุมภวาปี จ.อุดรธานี 41370,971360665,,,,,,7/30/2024 21:13:09
OR-01297,ห้างหุ้นส่วนจำกัด เฮง ดี ชัวร์ [สำนักงานใหญ่],39 ม.10 ต.ดอนดู่ อ.หนองสองห้อง จ.ขอนแก่น 40190,989956589,,,,,,7/30/2024 21:13:09
OR-01298,บุญสิริ,เลขที่ 139 หมู่ 7 บ้านแสงสว่าง ต.แสงสว่าง อ.หนองแสง จ.อุดรธานี,956544485,,,,,,7/30/2024 21:13:09
OR-01299,ชนากานต์ บุตรฉิม,274 หมู่ที่ 1 ต.โคกกลาง อ.โนนสะอาด จ.อุดรธานี 41370,994655462,,,,,,7/30/2024 21:13:09
OR-01300,จริงใจ,232 หมู่15 ต.พันดอน อ.กุมภวาปี จ.อุดรธานี 41370,966644695,,,,,,7/30/2024 21:13:09
OR-01301,โชคฟาร์มการเกษตร,96 หมู่ที่6 ต.จำปี อ.ศรีธาตุ จ.อุดรธานี 41230,910618619,,,https://maps.app.goo.gl/wniK2tLJBsLes3oPA,,"17.071132, 103.185708",7/30/2024 21:13:09
OR-01302,โรงเรียนแชแลพิทยานุสรณ์,ต.แชแล อ.กุมภวาปี จ.อุดรธานี 41110,986141694,,,"https://www.google.com/maps/search/?api=1&query=17.155783,103.071625",,,7/30/2024 21:13:09
OR-01303,ร้านจิดาภา,250 หมู่15 ต.พันดอน อ.กุมภวาปี จ.อุดรธานี 41370,890066562,,,,,,7/30/2024 21:13:09
OR-01304,ศิริพัฒน์พานิชย์,90 หมู่ 6 ต.จำปี อ.ศรีธาตุ จ.อุดรธานี 41230,929462389,,,,,,7/30/2024 21:13:09
OR-01305,มุก มุก,177 หมู่8 บ้านนาฮี ต.นายูง อ.ศรีธาตุ จ.อุดรธานี 41230,929131340,,,,,,7/30/2024 21:13:09
OR-01306,ร้าน นิตยา,18 หมู่ที่ 11 ต.พันดอน อ.กุมภวาปี จ.อุดรธานี 41370,633675801,,,,,,7/30/2024 21:13:09
OR-01307,ร้านคุณแม่,439 หมู่ที่1 ต.โนนสะอาด อ.โนนสะอาด จ.อุดรธารี 41240,846709030,,,,,,7/30/2024 21:13:09
OR-01308,เอสพี มาร์ท,591 หมู่ 1 ต.โนนสะอาด อ.โนนสะอาด จ.อุดรธานี 41240,091-8659854,,,"https://www.google.com/maps/search/?api=1&query=16.968780990385962,102.88459315896034",,,7/30/2024 21:13:09
OR-01309,ร้าน ซุปเปอร์ดี,54 หมู่ 2 บ้านดอนค้อ ต.นาม่วง อ.ประจักษ์ศิลปาคม จ.อุดรธานี 41110,933867382,,,,,,7/30/2024 21:13:09
OR-01310,อินทร์อุดม,67 หมู่ที่ 6 บ้านนางาม ต.นาดี อ.หนองแสง จ.อุดรธานี 41340,988941894,,,https://maps.app.goo.gl/gA7hHs4T1eeWiCGY7,,"17.087339, 102.857925",7/30/2024 21:13:09
OR-01311,แม่อ้อย ริมหนอง,51/1 หมู่ที่ 12 บ้านดอนแคน ต.พันดอน อ.กุมภวาปี จ.อุดรธานี 41370,829657485,,,,,,7/30/2024 21:13:09
OR-01312,ร้านจันทร์เพ็ญ รูปสม (รุ่งเจริญหนองเม็ก),20 หมู่13 ต.หนองเม็ก อ.หนองหาน จ.อุดรธานี 41130,42356325,,,https://maps.app.goo.gl/evphZNof52XnJLrB9,,,7/30/2024 21:13:09
OR-01313,นิตยา ถามีมาก,224 ม.5 บ.ท่ายม ต.แสงสว่าง อ.หนองแสง จ.อุดรธานี 41340,807276676,,,https://maps.app.goo.gl/jypgtpGj1XYyEckh8,,"17.138831, 102.786287",7/30/2024 21:13:09
OR-01314,รดารัตน์พาณิชย์,125 หมู่ที่ 1 ต.นาม่วง อ.ประจักษ์ศิลปาคม จ.อุดรธานี 41110,929710195,,,,,,7/30/2024 21:13:09
OR-01315,โรงเรียนเขื่อนเจ้าพระยา,ม.4 ต.บางหลวง อ.สรรพยา จ.ชัยนาท 17150,,,,,,,7/30/2024 21:13:09
OR-01316,ร้านใบหยกซาว์ด,11 หมู่ 8 ต.ศรีธาตุ อ.ศรีธาต จ.อุดรธานี 41230,914181831,,,,,,7/30/2024 21:13:09
OR-01317,โรงเรียนบ้านโนนเห็นวังชัย,ม.8 ต.เวียงคำ อ.กุมภวาปี จ.อุดรธานี,813690148,,,,,,7/30/2024 21:13:09
OR-01318,บริษัท กรกต จำกัด,31 หมู่ที่1 ตำบลหนองบัวศาลา อำเภอเมืองนครราชสีมา จังหวัดนครราชสีมา 30000,09-2909-5559,,,,,,7/30/2024 21:13:09
OR-01319,สมพานการค้า,22 หมู่ 10 บ้านวังแสง ต.นาม่วง อ.ประจักษ์ศิลปาคม จ.อุดรธานี,817792712,,,,,,7/30/2024 21:13:09
OR-01320,ร้านไอเดียบ่อโอ,271 ถ.เกษตรสมบรูณ์ ต.เมืองกาฬสินธุ์ อ.เมือง จ.กาฬสินธุ์ 46000,650955492,,,,,,7/30/2024 21:13:09
OR-01321,ร้านไอเอ็น [ น.ส กชกร ชูติธร ],219 ม.5 ต.พันดอน อ.กุมภวาปี จ.อุดรธานี,883441969,,,,,,7/30/2024 21:13:09
OR-01322,ร้าน กันเอง,ทางรถไฟ,649267978,,,,,,7/30/2024 21:13:09
OR-01323,ยุภาการค้า,272 หมุ่ 9 ต.นาตาล อ.ท่าคันโท จ.กาฬสินธุ์ 46190,0845904710(ย้ายร้านใหม่),,,https://maps.app.goo.gl/nwatEph17xubV9Gr5?g_st=ic,,"16.823252, 103.278840",7/30/2024 21:13:09
OR-01324,ร้าน ธนทรัพย์ ซาลาเปาเจ้แพรว,,,,,https://maps.app.goo.gl/emMc7VBSyXzaqgoM9,,"17.130239, 102.965005",7/30/2024 21:13:09
OR-01325,ร้าน แม่น้อยน้ำหวาน,247 ม.13 ต.ปะโค อ.กุมภวาปี จ.อุดรธานี,836650163,,,,,,7/30/2024 21:13:09
OR-01326,อาฉีของชำ,32 หมู่ 5 ต.กุมภวาปี อ.กุมภวาปี จ.อุดรธานี 41110,807502900,,,,,,7/30/2024 21:13:09
OR-01327,นาดีพิซซ่าเดลิเวอร์รี่,28 หมู่ 1 บ้านนาดี ต.ผาสุก อ.กุมภวาปี จ.อุดรธานี 0812649516,812649516,,,"https://www.google.com/maps/search/?api=1&query=17.200871,102.934168",,,7/30/2024 21:13:09
OR-01328,บริษัท สากลโทรทัศน์แอนด์เซอร์วิส จำกัด (สำนักงานใหญ่),1/78 ถนนศรีมาลา ตำบลในเมือง อำเภอเมืองพิจิตร จังหวัดพิจิตร,,,,,,,7/30/2024 21:13:09
OR-01329,บริษัทตรังภูทอง คอนกรีต จำกัด สาขา 00001,59/5 หมู่ 2 ตำบล นาเมืองเพชร อำเภอ สิเกา จังหวัด ตรัง 92000,090-444-6887,,,,,,7/30/2024 21:13:09
OR-01330,นางสาว ชนัญญา หาญณรงค์,55/515 ม.15 ต.บึงบอน อ.หนองเสือ จ.ปทุมธานี 12170,982530270,,,,,,7/30/2024 21:13:09
OR-01331,โรงเรียนบ้านกุดจิก,หมู่ 1 ต.หนองหว้า อ.กุมภวาปี จ.อุดรธานี 41110,645266325,,,,,,7/30/2024 21:13:09
OR-01332,ร้านลุงหนุ่ม,484/1 ต.กุมภวาปี อ.กุมภวาปี จ.อุดรธานี่ 41370,637290033,,,,,,7/30/2024 21:13:09
OR-01333,สหกรณ์โรงเรียนบ้านบุ่งหมากลาน,106 หมู่ 4 ต.ปะโค อ.กมภวาปี จ.อุดรธานี 41370,989053340,,,,,,7/30/2024 21:13:09
OR-01334,ร้านน้ำมนต์ มินิมาร์ท,272 หมู่6 ต.เวียงคำ อ.กุมภวาปี จ.อุดรธานี 41110,0633051236,,,https://maps.app.goo.gl/yydMMFGTuaeLreqK9?g_st=ic,,"17.103325, 103.079288",7/30/2024 21:13:09
OR-01335,ยายปุ้ย,100/4 ต.นาดี อ.หนองแสง จ.อุดรธานี,822576023,,,,,,7/30/2024 21:13:09
OR-01336,ยายนวลอาหารตามสั่ง,109 หมู่ 14 บ้านหนองศรีเจริญ ต.พันดอน อ.กุมภวาปี จ.อุดรธานี 41370,939389887,,,,,,7/30/2024 21:13:09
OR-01337,บริษัท ไทยอกริฟุ๊ด,155/1 ม.1 ถ.เทพารักษ์ ต.บางเสาธง อ.บางเสาธง จ.สมุทรปราการ 10540,620905740,,,,,,7/30/2024 21:13:09
OR-01338,โชคสวัสดิ์,64 หมู่ 3 ต.ศรีธาตุ อ.ศรีธาตุ จ.อุดรธานี 41230,847954328,,,,,,7/30/2024 21:13:09
OR-01339,รัตนา,340 หมู่12 บ.โพสง่า ต.กุมภวาปี อ.กุมภวาปี 41110,991479549,,,,,,7/30/2024 21:13:09
OR-01340,ร้านแม่น้อย,125 หมู่2 ต.หัวนาคำ อ.ศรีธาตุ จ.อุดรธานี 41230,954541259,,,,,,7/30/2024 21:13:09
OR-01341,นายทิวากร จันทะบุตร,86/6 หมู่ 11 ร้าน นิวบิว ทุกอย่าง 20 บาท ถนนเทศบาลลำลูกกา 3 ตำบล ลำลูกกา อำเภอลำลูกกา จังหวัดปทุมธานี 12150,087-7436960,,,,,,7/30/2024 21:13:09
OR-01342,กัณตะวันสโตร์,6 หมู่ 13 บ้านโคกกลาง ต.โคกกลาง อ.โนนสะอาด อุดรธานี 41240,973127154,,,,,,7/30/2024 21:13:09
OR-01343,นาย ศุกฤษ เมฆสุวรรณ,223/91 ม.7 ต.คลองสวนพลู อ.พระนครศรีอยุธยา จ.พระนครศรีอยุธยา,,,,,,,7/30/2024 21:13:09
OR-01344,พี่เหน่ง,บ้านกุดยาง,871613082,,,,,,7/30/2024 21:13:09
OR-01345,แพรวาคาเฟ่,29 หมู่8 ต.หนองกุงศรี อ.โนนสะอาด จ.อุดรธานี 41240,842291486,,,,,,7/30/2024 21:13:09
OR-01346,นางสาวศิริรัตน์ มาศสุข,528 ม.2 ต.บางปูใหม่ อ.เมือง จังหวัดสมุทรปราการ 10280,,,,,,,7/30/2024 21:13:09
OR-01347,หจก.ชิภัทรชาญา,167/1หมู่2 ต.ดงสุวรรณ อ.ดอกคำใต้ จ.พะเยา 56120,943494111,,,,,,7/30/2024 21:13:09
OR-01348,น.ส.พาณี อนันตริยเวช,430 หมู่ที่ 7 ต.กุมภวาปี อ.กุมภวาปี จ.อุดรธานี 41110,,,,,,,7/30/2024 21:13:09
OR-01349,ท่าม่วงเวียงคำ,16 หมู่ 7 ต.แชแล อ.กุมภวาปี,895749880,,,,,,7/30/2024 21:13:09
OR-01350,แม่หนึ่ง หัวขัว,,656872779,,,,,,7/30/2024 21:13:09
OR-01351,แม่เหลียน,39/9 ต.เชียงแหว อ.กุมภวาปี จ.อุดรธานี,862234060,,,,,,7/30/2024 21:13:09
OR-01352,สุธรรมา สายจำปา,90/154 หมู่ 4 ต.ศาลากลาง อ.บางกรวย จ.นนทบุรี 11130,840569655,,,,,,7/30/2024 21:13:09
OR-01353,น้ำพั้นช์ เจริญรุ่งเรืองทรัพย์,258 หมู่ 9 ต.โนนสะอาด อ.โนนสะอาด จ.อุดรธานี 41240,637517437,,,"https://www.google.com/maps/search/?api=1&query=16.967697,102.918952",,"16.967948, 102.918941",7/30/2024 21:13:09
OR-01354,นางสาว จิราวรรณ อนุสิทธิ์,10/2 หมู่ 10 ต.โพรงอากาศ อ.บางน้ำเปรี้ยว จ.ฉะเชิงเทรา 24000,,,,,,,7/30/2024 21:13:09
OR-01355,นางสาว สายพิน มิลภา,127 หมู่ 2 บ้านโนนค้อ ต.หนองแก้ว อ.หัวตะพาน จ.อำนาจเจริญ 37240,,,,,,,7/30/2024 21:13:09
OR-01356,มณทิชา พรรณอรรถ,39 หมู่ 5 ต.เกาะเกิด อ.บางปะอิน จ.อยุธยา 13160,,,,,,,7/30/2024 21:13:09
OR-01357,นางสาว อัญชนีย์ วงศ์วาน,26 หมู่ที่3 ตำบลหนองโก อำเภอบรบือ จังหวัดมหาสารคาม 44130,879506307,,,,,,7/30/2024 21:13:09
OR-01358,โรงเรียนบ้านหัวขัวเหมือดแอ่,154 หมู่5 บ้านหัวขัว ตำบลปะโค อำเภอกุมภวาปี จังหวัดอุดรธานี 41370,952817391,,,,,,7/30/2024 21:13:09
OR-01359,บริษัท ไทยชิคก์เค่นท์มีทโพรเซสซิ่ง จำกัด,74 ม.8 ต.หนองหว้า อ.กุมภวาปี จ.อุดรธานี,982499899,,,,,,7/30/2024 21:13:09
OR-01360,อาทิตย์การค้า,79 หมู่10 ตำบลอุ่มจาน อ.ประจัก จ.อุดรธานี 41110,826860780,,,"https://www.google.com/maps/search/?api=1&query=17.231868,103.045146",,"17.232068, 103.045114",7/30/2024 21:13:09
OR-01361,บริษัท เอส เอส วาไรตี้ออฟกู้ดส์ จำกัด,96 ม.7 ต.บ่อรัง อ. วิเชียรบุรี จ.เพชรบูรณ์ 67130,,,,,,,7/30/2024 21:13:09
OR-01362,น.ส. สุภาพร นามรักษา,40 หมู่14 ต.หนองโก อ.กระนวน จ.ขอนแก่น 40170,,,,,,,7/30/2024 21:13:09
OR-01363,อภิศักดิ์ บัณฑิต (หนึ่งคาราบาว),126 หมู่13 ต.โคกกลาง อ.โนนสะอาด จ.อุดรธานี 41240,883101388,,,,,,7/30/2024 21:13:09
OR-01364,ร้านแม่แต๋ว,12 หมู่ที่ 17 ต.พันดอน อ.กุมภวาปี จ.อุดรธานี 41370,934830825,,,,,,7/30/2024 21:13:09
OR-01365,น.ส. พลูศรี เหง้าพรหมมินทร์,72 ม.19 ต.เสอเพลอ อ.กุมภวาปี จ.อุดรธานี,895708429,,,,,,7/30/2024 21:13:09
OR-01366,คิม คิม หมูกระทะ,234/6 หมู่15 ต.พันดอน อ.กุมภวาปี จ.อุดรธานี 41370,812809875,,,,,,7/30/2024 21:13:09
OR-01367,โชดประสิท,125/1 ต.ทมนางาม อ.โนนสะอาด จ.อุดรธานี,643155783,,,,,,7/30/2024 21:13:09
OR-01368,ตาเหว่,234/4 ต.กุมภวาปี อ.กุมภวาปี จ.อุดรธานี 41110,862208658,,,,,,7/30/2024 21:13:09
OR-01369,การ์เด้นเฮ้ารีสอร์ต,149 หมู่14 ต.กุมภวาปี อ.กุมภวาปี จ.อุดรธานี 41110,801905409,,,"https://www.google.com/maps/@17.0975233,103.0098312,3a,75y,44.29h,76.45t/data=!3m6!1e1!3m4!1sz1mXp94Ukw1LW9C2zXWhhA!2e0!7i16384!8i8192?entry=ttu",,,7/30/2024 21:13:09
OR-01370,ร้านนงเยาว์พานิช,292 หมู่9 บ้านปะโค ต.ปะโค อ.กุมภวาปี จ.อุดรธานี 41370,857448198,,,,,,7/30/2024 21:13:09
OR-01371,น.ส.อริญรดา แคว้นครฉิม,51 ม.6 บ้านหนองไผ่ล้อม ต.นาหนองทุ่ม อ.แก้งคร้อม จ.ชัยภูมิ 36150,,,,,,,7/30/2024 21:13:09
OR-01372,พี่นะ สินไทย,,,,,,,,7/30/2024 21:13:09
OR-01373,ร้านแม่ออง(นางนวลออง),116 หมู่ที่ 8 ต.พันดอน อ.กุมภวาปี จ.อุดรธานี 41370,860040381,,,"https://www.google.com/maps/search/?api=1&query=17.12172,102.966292",,,7/30/2024 21:13:09
OR-01374,13 เมษา แจ่วฮ้อน,216 หมู่3 ต.กุมภวา อ.กุมภวา จ.อุดรธานี 41110,981197533,,,,,,7/30/2024 21:13:09
OR-01375,นส ภัควลัญชญ์ ติมุลา,55 ม.3 ต.ดินดำ อ.จังหาร จ.ร้อยเอ็ด 45000,,,,,,,7/30/2024 21:13:09
OR-01376,นายประสงค์ วิภาทิน,ที่อยู่ 46หมู่9 ตำบลคอกชช้าง อำเภอสระใคร จังหวัดหนองคาย 43100,,,,,,,7/30/2024 21:13:09
OR-01377,นายธาวิน ทุ่งเกรียงไกร,999/34 หมู่บ้านเดอะทาวน์ ซอยเพิ่มสิน 20 แยก 6 แขวงคลองถนน เขตสายไหม กรุงเทพ 10220,,,,,,,7/30/2024 21:13:09
OR-01378,ป.รุ่งเรืองพาณิชย์,376 หมู่ที่ 8 หมู่บ้าน คำค้อ ตำบล หัวนาคำ อำเภอ ศรีธาตุ จังหวัดอุดรธานี 41230,619303389,,,,,,7/30/2024 21:13:09
OR-01379,แม่บัวคำ,17 หมู่ที่ 11 ต.นาม่วง อ.ประจักษ์ศิลปาคม จ.อุดรธานี,,,,,,,7/30/2024 21:13:09
OR-01380,นางสาว กมลวิภา ใบบัว,68/692 หมู่.1 ตำบลหันตรา อำเภอพระนครศรีอยุธยา จังหวัด พระนครศรีอยุธยา,,,,,,,7/30/2024 21:13:09
OR-01381,ร้าน999 เกษตรภัณฑ์,3 หมู่ 12 ต.ปะโค อ.กุมภวาปี จ.อุดรธานี 41370,615939300,,,"https://www.google.com/maps/search/?api=1&query=17.06876,102.888595",,,7/30/2024 21:13:09
OR-01382,น.ส.ปุณรดา คำแสงดี,166 ม.8 ต.ห้วยขะยุง อ.วารินชำราบ จ.อุบลราชธานี,945653369,,,,,,7/30/2024 21:13:09
OR-01383,นางจันที ดีสะเกษ,32 หมู่ที่ 1 ต.ผาสุก อ.วังสามหมอ จ.อุดรธานี 41280,931137947,,,,,,7/30/2024 21:13:09
OR-01384,ร้าน อ้อแอ้,59 ม.4 ต.โนนทองอินทร์ อ.กู่แก้ว จ.อุดรธานี,892913225,,,,,,7/30/2024 21:13:09
OR-01385,นาง นิศรา จำแนกนิตย์,99/93 หมู่ที่ 4 ตำบลอุทัย อำเภออุทัย จังหวัดพระนครศรีอยุธยา,,,,,,,7/30/2024 21:13:09
OR-01386,ลองชง(น.ส.ธนัชชา วงศ์สาสนธิ์),280 หมู่ที่ 1 ต.ปะโค อ.กุมภวาปี จ.อุดรธานี 41370,981436838,,,,,,7/30/2024 21:13:09
OR-01387,น.ส.วนิดา พงษ์พัว,24ม.11 ต.บ้านกลาง อ.สอง จ.แพร่ 54120 โทร0647955142,,,,,,,7/30/2024 21:13:09
OR-01388,น.ส.ชนัญญา หาญณรงค์,55/515 ม.5 ต.บึงบอน อ.หนองเสือ จ.ปทุมธานี 12170,,,,,,,7/30/2024 21:13:09
OR-01389,บัวสวัสดิ์การค้า,42 หมู่ 3 บ้านซ่ำป่าหัน ต.บ้านจีด อ.กู่แก้ว จ.อุดรธานี 41130,083-3573026,,,https://maps.app.goo.gl/JrnsaCPx9Vx25XAM9,,"17.157564, 103.159376",7/30/2024 21:13:09
OR-01390,สุรางค์ ประจงกิจ,501ถนนพระดวงหทัยนิรมล ตำบลตลาด อำเภอพระประแดง จังหวัดสมุทรปราการ 10130,:0890769741,,,,,,7/30/2024 21:13:09
OR-01391,วิภาวีร์ ป้อมทอง,99/264 หมู่ 1 ตำบลคลองสี่ อำเภอคลองหลวง จังหวัดปทุมธานี 12120,632616992,,wiphawee1017@gmail.com,,,,7/30/2024 21:13:09
OR-01392,มาโนช จักสาน,183/1733 ถ.สรงประภา แขวงสีกัน เขตดอนเมือง 10210,898245511,,,,,,7/30/2024 21:13:09
OR-01393,นายทรรศ. จั่นประดิษฐ์,216 ซ.เชิดวุฒากาศ19 ถ.เชิดวุฒากาศ แขวงสีกัน. เขตดอนเมือง กรุงเทพฯ 10210.,0.0622921045,,,,,,7/30/2024 21:13:09
OR-01394,. ชื่อ: นางเจริญพร ศรีศุภร,557 หมู่3 ต.แชะ อ.ครบุรี จ.นครราชสีมา 30250,,,. E-mail: littlefernana@gmail.com,,,,7/30/2024 21:13:09
OR-01395,ห้างหุ้นส่วนจำกัด วันเดอร์ครีเอชั่น,64/8 ถ.แจ่มนุสรณ์ ต.หมากแข้ง อ.เมือง จ.อุดรธานี 41000,894990140,,,,,,7/30/2024 21:13:09
OR-01396,เจ้ปู กาฬสินธิ์,,,,,,,,7/30/2024 21:13:09
OR-01397,นางสาว ญมาพรรณ วันไว,ที่อยุ่ 61 ม.7 ต.บ้านขอ อ.เมืองปาน จ.ลำปาง,,,,,,,7/30/2024 21:13:09
OR-01398,วาสนา จุลเจิมศักดิ์,36 หมู่ 4 ต. แควอ้อม อ.อัมพวา จ.สมุทรสงคราม 75110,861746365,,,,,,7/30/2024 21:13:09
OR-01399,นาย คำใบ ลูกแก้ว,นาคนิวาส 48 แยก 11 แขวงเขตลาดพร้าวกรุงเทพฯ 10230,,,khabilukkaew5@gmail.com,,,,7/30/2024 21:13:09
OR-01400,กนกพร การค้า,15/2 ต.โพธิ์ศรีสำราญ อ.โนนสะอาด จ.อุดรธานี 41240,0621290544(ไม่ต้องโทรไปส่งไม่ถึง),,,"https://www.google.com/maps/search/?api=1&query=16.953390397941977,102.83115208282041",,"16.953611, 102.831098",7/30/2024 21:13:09
OR-01401,นางสาวชญาทิภา นิระภัฎสกุล,ที่อยู่ : 268/1 หมู่1 ตำบลท่าข้าม อำเภออรัญประเทศ จังหวัดสระแก้ว 27120,061-5988978,,,,,,7/30/2024 21:13:09
OR-01402,บริษัท เอก-ชัย ดีสทริบิวชั่น ซิสเทม จำกัด,เลขที่ 188 หมู่ที่1 ต.กุมภวาปี อ.กุมภวาปี จ.อุดรธานี 41110,042-202060,,,,,,7/30/2024 21:13:09
OR-01403,ทองอวน การค้า,28/8 ต.นาม่วง อ.ประจักษ์ศิลปาคม จ.อุดรธานี 41110,611295065,,,,,,7/30/2024 21:13:09
OR-01404,น.ส.เบญจมาศ ชูมา,29 หมู่ที่ 4 ต.พันดอน อ.กุมภวาปี จ.อุดรธานี 41370,905929294,,,,,,7/30/2024 21:13:09
OR-01405,บริษัท มหาชัยก๊อปปี้ จำกัด,927/8 ถนนเอกชัย ตำบลมหาชัย อำเภอเมืองสมุทรสาคร จังหวัดสมุทรคร 74000,,,,,,,7/30/2024 21:13:09
OR-01406,นส. ชวิศา สิงคีพงศ์,14 ซ.โชคชัย4 ซอย56 แยก21 ถ.โชคชัย4 แขวง ลาดพร้าว กทม เขตลาดพร้าว จังหวัดกรุงเทพมหานคร 10230,639245153,,,,,,7/30/2024 21:13:09
OR-01407,แม่สอน บ้านนาดี,119 ม.10ต.นาดี อ.หนองแสงจ.อุดรธานี,983655501,,,,,,7/30/2024 21:13:09
OR-01408,ร้านแม่เตี้ย บ้านผือ,21 หมู่19 ต.พันดอน อ.กุมภวาปี จ.อุดรธานี,853331925,,,,,,7/30/2024 21:13:09
OR-01409,พ่อสัญชาติ มุทธขอนแก่น,3 หมู่ที่ 9 ต.เสอเพลอ อ.กุมภวาปี จ.อุดรธานี 41370,966340793,,,,,,7/30/2024 21:13:09
OR-01410,ชมภูนุช วรรณโนมัย,3 หมู่6 ต หนองอีบุตร อ.ห้วยผึ้ง จ.กาฬสินธุ์ 46240,,,,,,,7/30/2024 21:13:09
OR-01411,เอ็นทีมาร์ท,308 หมู่ 9 ต.ทมนางาม อ.โนนสะอาด จ.อุดรธานี 41240,"6,306,989,360,639,080,000",,,"https://www.google.com/maps/place/16%C2%B053'23.6%22N+102%C2%B056'32.2%22E/@16.8898013,102.9421684,77m/data=!3m1!1e3!4m4!3m3!8m2!3d16.8898799!4d102.9422788?entry=ttu&g_ep=EgoyMDI2MDUwNi4wIKXMDSoASAFQAw%3D%3D",,"16.889935, 102.942262",7/30/2024 21:13:09
OR-01412,บริษัท คอนกรีต พรีซิชั่น ยูนิค จำกัด,22 ม.11 ถ.อุดร-สามพร้าว ต.สามพร้าว อ.เมือง จ.อุดรธานี 41000,042-349171,,,,,,7/30/2024 21:13:09
OR-01413,ฐปนนนท์ สืบมา,46 หมูที่ 1 ต.ปะโค อ.กุมภวาปี จ.อุดรธานี 41370,817495045,,,,,,7/30/2024 21:13:09
OR-01414,บริษัท แพลน ดี มีเดีย จำกัด (สำนักงานใหญ่),1599/254 ซ.เพชรเกษม 63 แขวงหลักสอง เขตบางแค กรุงเทพมหานคร 10160,087-9895984,,,,,,7/30/2024 21:13:09
OR-01415,จูนเจการค้า,189/1 หมู่ที่ 1 ถนนแซแล ต.กุมภวาปี อ.กุมภวาปี จ.อุดรธานี 41110,611072540,,,,,,7/30/2024 21:13:09
OR-01416,เจ๊แดงตลาดสดกุมภวาปี,,850116478,,,,,"17.128330, 102.964942",7/30/2024 21:13:09
OR-01417,คุณอรทัย ทองจุ้ย,20/1 หมู่ 6 ต.ด่านทับตะโก อ.จอมบึง จ.ราชบุรี 70150,925684445,,oratai.tho@mahidol.edu,,,,7/30/2024 21:13:09
OR-01418,นาง ศรีสกุล ศรีนาค,ที่อยู่ 37 ม.8 ต.ตะโก อ.ห้วยแถลง จ.นครราชสีมา 30240,084-8276889,,,,,,7/30/2024 21:13:09
OR-01419,ปาริฉัตร,90 หมู่ 8 บ้านอุ่มจาน ต.อุ่มจาน อ.ประจักษ์ศิลปาคม จ.อุดรธานี 41110,0621691258,,,https://maps.app.goo.gl/zj46WZwuwrByqkHb9,,"17.235653, 103.041385",7/30/2024 21:13:09
OR-01420,สวนอาหารบ้านสวนศรีเมือง,274 หมู่ 8 ถนนอุ่มจาน ต.กุมภวาปี อ.กุมภวาปี จ.อุดรธานี 41110,934744554,,,,,,7/30/2024 21:13:09
OR-01421,แม่กาญจนา บ.ปะโค,61/16 บ.ปะโค ต.ปะโค อ.กุมภวาปี จ.อุดรธานี 41370,610290548,,,,,,7/30/2024 21:13:09
OR-01422,ร้านพันธิตรา,20 หมู่3 ต.โพธิ์ศรีสำราญ อ.โนนสะอาด จ.อุดรธานี 41240,065-6497328,,,https://goo.gl/maps/mc2MhHGgKX9wwj1T6,,,7/30/2024 21:13:09
OR-01423,โรงเรียนบ้านห้วยสามพาดหนองแกสหราษฎร์พัฒนา,หมู่ 1 บ้านห้วยสามพาด ตำบลห้วยสามพาด อำเภอประจักษ์ศิลปาคม จังหวัดอุดรธานี 41110,,,,,,,7/30/2024 21:13:09
OR-01424,บ้านแทนการค้า,27 หมู่ 2 บ้านเสอเพลอ ต.เสอเพลอ อ.กุมภวาปี จ.อุดรธานี 41370,650930108,,,"https://www.google.com/maps/search/?api=1&query=17.202529,102.882549",,"17.202770, 102.882570",7/30/2024 21:13:09
OR-01425,1 บริษัท เอ็ม.ยี.แลนด์ จำกัด,เลขทีื 25 ซ.สุขุมวิท 1 ถ.สุขุมวิท แขวงคลองเตยเหนือ เขตวัฒนา กทม. 10110,,,,,,,7/30/2024 21:13:09
OR-01426,แม่อ้อย หนองแสง,81/3 ต.หนองแสง อ.หนองแสง 41340,927739054,,,"https://www.google.com/maps/search/?api=1&query=17.137915,102.847761",,"17.138156, 102.847729",7/30/2024 21:13:09
OR-01427,ร้านธนพลเภสัช,185/2-3 ม.9 ต.กุมภวาปี อ.กุมภวาปี จ.อุดรธานี 41110,061-4218555,,,,,,7/30/2024 21:13:09
OR-01428,บาร์จ่าเจษ,230/7 ต.พันดอน อ.กุมภวาปี จ.อุดรธานี,994650456,,,"https://www.google.com/maps/search/?api=1&query=17.1496673,102.9741982",,"17.149826, 102.974220",7/30/2024 21:13:09
OR-01429,ไข่มุกการค้า,68 หมู่5 บ้านโคกสง่า ต.ห้วยสามพาด อ.ประจักษ์ศิลปาคม จ.อุดรธานี 41110,807526746,,,,,,7/30/2024 21:13:09
OR-01430,บริษัท ปูนซิเมนต์ไทย (แก่งคอย) จำกัด [สำนักงานใหญ่],31/4 ม.3 ต.บ้านป่า อ.แก่งคอย จ.สระบุรี 18110,972287581,,,,,,7/30/2024 21:13:09
OR-01431,จุฑารัตน์ คำเสมอ,90 หมู่ 12 บ้านบุ่งหมากลาน ต.ปะโค อ.กุมภวาปี จ.อุดรธานี,611631663,,,,,,7/30/2024 21:13:09
OR-01432,ร้านเอ็ม.เอ็ม.,บ้านดอนแคน 238 หมู่ 12 บ้านดอนแคน ต.พันดอน อ.กุมภวาปี จ.อุดรธานี 41370,080-1944526,,,,,,7/30/2024 21:13:09
OR-01433,ดวงใจ บัวระพา,122 หมู่ 1 ต.แสงสว่าง อ.หนองแสง จ.อุดรธานี 41370,808058620,,,,,,7/30/2024 21:13:09
OR-01434,สุทธิดา พันละเกตุ,211 หมูที่ 9 ต. สระใคร อ.สระใคร จ.หนองคาย 43100,614936290,,,,,,7/30/2024 21:13:09
OR-01435,โสเจ๊ง,161 หมู่ที่ 7 ต.นางิ้ว อ.เขาสวนกวาง จ.ขอนแก่น,807515456,,,,,,7/30/2024 21:13:09
OR-01436,น.ส.ภาวนา พรวาปี,219 หมู่ที่ 4 ต.นาม่วง อ.ประจักษ์ศิลปาคม จ.อุดรธานี,0631355831 (ปิดร้านอยู่),,,,,,7/30/2024 21:13:09
OR-01437,ห้างหุ้นส่วนจำกัด อ.เจริญซุปเปอร์สโตร์,เลขที่ 190 หมู่ที่ 12 ต.วังสามหมอ อ.วังสามหมอ จ.อุดรธานี 41280,,,,,,,7/30/2024 21:13:09
OR-01438,พี่เน็ต กุมภวาปี,145/3 ถนน ชวลิต หมู่1 ต.กุมภวาปี อ.กุมภวาปี จ.อุดรธานี 41110,800081664,,,https://maps.app.goo.gl/AmYMqzt3uXuaSs6w6,,"17.111129, 103.013796",7/30/2024 21:13:09
OR-01439,ส้มตำยำลำเพลิน,239 หมู่ที่ 13 ต.โคกกลาง อ.โนนสะอาด จ.อุดรธานี 41240,956625116,,,,,,7/30/2024 21:13:09
OR-01440,สงวนบุญ,ตลาดสดกุมภวาปีเมืองใหม่ (อยู่ในตลาด) ร้านขายของชำ,982731887,,,,,,7/30/2024 21:13:09
OR-01441,ปีใหม่ มินิมาร์ท,17 หมู่8 บ้านโนนยอ ต.หนองหว้า อ.กุมภวาปี จ.อุดรธานี 41110,621275993,,,,,,7/30/2024 21:13:09
OR-01442,บริษัท แพลน ดี มีเดีย จำกัด (สำนักงานใหญ่),1599/254 ซ.เพชรเกษม 63 แขวงหลักสอง เขตบางแค กรุงเทพมหานคร 10160,,,,,,,7/30/2024 21:13:09
OR-01443,บริษัท ปิโตรเลียมไทยคอร์ปอเรชั่น จำกัด [สำนักงานใหญ่],90 อาคารซีดับเบิ้ลยู ทาวเวอร์เอ ชั้น 33 ถนนรัชดาภิเษก แขวงห้วยขวาง เขตห้วยขวาง กรุงเทมหานคร 10310,021-683377,,,,,,7/30/2024 21:13:09
OR-01444,บริษัท เคเอส พิโก จำกัด,150 หมู่ 1 ต.เมืองเพีย อ.กุดจับ จ.อุดรธานี 41250,42111718,,,,,,7/30/2024 21:13:09
OR-01445,บริษัท กาแฟพันธุ์ไทย จำกัด [สำนักงานใหญ่],90 อาคารซีดับเบิ้ลยู ทาวเวอร์ เอ ชั้นที่ 33 ถนนรัชดาภิเษก แขวงห้วยขวาง เขตห้วยขวาง กรุงเทพมหานคร 10310,21683388,,,,,,7/30/2024 21:13:09
OR-01446,มิลค์ คาเฟ่,บ้านนาแบก หมู่1 ตำบล เวียงคำ อำเภอกุมภวาปี จังหวัด อุดรธานี 41110,986159105,,,"https://www.google.com/maps/search/?api=1&query=17.11110098754567,103.03220392214416",,"17.111250, 103.032236",7/30/2024 21:13:09
OR-01447,โชว์ดาว,95-96 หมู่9 ต.กุมภวาปี อ.กุมภวาปี จ.อุดรธานี 41110,084-3922539,,,"https://www.google.com/maps/search/?api=1&query=17.110276409257022,103.0179525911808",,"17.110569, 103.017953",7/30/2024 21:13:09
OR-01448,ร้านกรแก้ว บ้านวาปี,46 ม.4 บ้านวาปี ต.พันดอน อ.กุมภวาปี จ.อุดรธานี 41370,813695939,,,,,,7/30/2024 21:13:09
OR-01449,ร้านมะม่วงน้ำปลาหวาน แยกหลักขาวพันดอน,,610291091,,,,,,7/30/2024 21:13:09
OR-01450,แสงไทย,281ถ.สาลีรัฐวิภาค สามเสนใน พญาไท ก.ท.ม 10400,,,,,,,7/30/2024 21:13:09
OR-01451,ร้านกาแฟ คอฟฟี่เชี่ยล,100/2 บ้าน.แม่นนท์ ต.หนองไผ่ อ.เมืองอุดรธานี 41330,862248692,,,"https://www.google.com/maps/place/17%C2%B014'30.9%22N+102%C2%B053'54.1%22E/@17.24191,102.898364,17z/data=!3m1!4b1!4m4!3m3!8m2!3d17.24191!4d102.898364?",,"17.242076, 102.898329",7/30/2024 21:13:09
OR-01452,ร้อยตำรวจเอกชัยโรจน์ ธีระวรรณวัชร์,สภอ.กุมภวาปี,933641519,,,,,,7/30/2024 21:13:09
OR-01453,มินิ ณินิว,48 หมู่ 8 บ้านปะยาว ต.บุ่งแก้ว อ.โนนสะอาด จ.อุดรธานี 41240,625833541,,,https://maps.app.goo.gl/8QbcZJRrb6zqEt7e6,,"16.949115, 103.023889",7/30/2024 21:13:09
OR-01454,ร้านภาคิน,267 หมู่ 10 บ้านเสาเล้า ต.โพธิ์ศรีสำราญ อ.โนนสะอาด จ.อุดรธานี 41240,910611345,,,,,,7/30/2024 21:13:09
OR-01455,บริษัท เอส.ที.เจ พร็อพเพอร์ตี้ ดีเวลลอปเม้นท์,ที่อยู่ 508/1 ซอยสุขุมวิท55 (ทองหล่อ) คลองตันเหนือ วัฒนา กรุงเทพฯ,"02-059-0519,20",,Pm-jmr@plus.co.th,,,,7/30/2024 21:13:09
OR-01456,ฮ่มแซวค่าเฟ่,,832300333,,,,,,7/30/2024 21:13:09
OR-01457,หจก.รวยทรัพย์ เวิลด์ไวด์,190 ม.2 ต.สร้างแป้น อ.เพ็ญ จ.อุดรธานี 41150,,,,,,,7/30/2024 21:13:09
OR-01458,พี่หมวย,,953282840,,,,,,7/30/2024 21:13:09
OR-01459,พี่ เก๋ ท่าลี่,193/10 ต.ท่าลี่ อ.กุมภวาปี จ.อุดรธานี 41110,648649632,,,https://maps.app.goo.gl/Zdro1XuuH53dSaKr6,,"16.962812, 103.076549",7/30/2024 21:13:09
OR-01460,โรงเรียนคำเมยวิทยาคม,หมู่ 17 บ.ชัยเจริญ ต.หัวนาคำ อ.ศรีธาตุ จ.อุดรธานี 41230,828539975,,,,,,7/30/2024 21:13:09
OR-01461,กรรธิรา การค้า,ที่อยู่ 94 ม.6 ต.แม่ตืน อ.ลี้ จ.ลำพูน 51110,964969006,,,,,,7/30/2024 21:13:09
OR-01462,หจก.ลิตา อาร์ตแฮร์,25/11 หมู่5 ถนนข้าวหลาม ต.บ้านปึก อ.เมืองชล จ.ชลบุรี20130,,,,,,,7/30/2024 21:13:09
OR-01463,นายธีรเดช ฤทธิยุง,24 หมู่ที่ 4 ต.ห้วยเกิ้ง อ.กุมภวาปี จ.อุดรธานี 41110,836799988,,,,,,7/30/2024 21:13:09
OR-01464,สุกัญญา หนองหลักไชยวาน,377 หมู่ 7 ต.หนองหลัก อ.ไชยวาน จ.อุดรธานี,0997879767/0926989447,,,https://maps.app.goo.gl/ww2c1LxGrAV51j3N6,,"17.274351, 103.199812",7/30/2024 21:13:09
OR-01465,ร้านพีเค ปะโค,54 หมู่ที่ 15 ต.ปะโค อ.กุมภวาปี จ.อุดรธานี 41370,989464980,,,,,,7/30/2024 21:13:09
OR-01466,เจ้หมวย ล๊อตเตอรลี่,285 หมู่ 10 ถนนแชแล ต.กุมภวาปี อ.กุมภวาปี จ.อุดรธานี 41110,819540128,,,"https://www.google.com/maps/search/?api=1&query=17.110096,103.017167",,"17.110347, 103.017167",7/30/2024 21:13:09
OR-01467,Kim's cafe (คิม คาเฟ่),37 ถ.จิตประสงค์ อ.กุมภวาปี จ.อุดรธานี 41110,891410303,,,"https://www.google.com/maps/search/?api=1&query=17.105563,103.019128",,,7/30/2024 21:13:09
OR-01468,หมุ่ยปัง,74 หมู่ 1 ต.เชียงแหว อ.กุมภวาปี จ.อุดรธานี 41370,983866581,,,,,,7/30/2024 21:13:09
OR-01469,แม่โสภา บ.ห้วยบง,135 หมู่2 ต.หนองหว้า อ.กุมภวาปี จ.อุดรธานี 41110,898418141,,,https://maps.app.goo.gl/zo1e9DKWXt6yXDxi9,,"17.022554, 102.995573",7/30/2024 21:13:09
OR-01470,ฉัตรชัยการค้า,137 หมูที่ 2 ต.นาม่วง อ.ประจักษ์ศิลปาคม จ.อุดรธานี 41110 (นาย อาคม บำรุงภักดี),658580837,,,7235+9X5 ตำบล นาม่วง อำเภอ ประจักษ์ศิลปาคม อุดรธานี,,,7/30/2024 21:13:09
OR-01471,ชวนชำ การค้า,69/7 ต.หนองหว้า อ.กุมภวาปี จ.อุดรธานี,643087878,,,"https://www.google.com/maps/search/?api=1&query=17.02735806542468,102.97314360737799",,"17.027609, 102.973133",7/30/2024 21:13:09
OR-01472,วีระศักดิ์ การค้า,163 หมู่20 บ.พันดอน ต.พันดอน อ.กุมภวาปี จ.อุดรธานี 41370,880279622,,,,,,7/30/2024 21:13:09
OR-01473,อ.รุ่งเจริญ,119 ม.4 ต.หว้ยสามพาด อ.ประจักษ์ศิลป์ปาคม จ.อุดรธานี 41110,918679991,,,,,,7/30/2024 21:13:09
OR-01474,สำนักงานสาธารณสุขอำเภอกุมภวาปี,"3 หมู่ 3, ถนนตูมใต้, ตำบลกุมภวาปี อำเภอกุมภวาปี จังหวัดอุดรธานี, 41110",973063257,,,https://maps.app.goo.gl/9uE3Mq5Q7rMasUPP6,,"17.100268, 103.011011",7/30/2024 21:13:09
OR-01475,สมปรารถนาคาเฟ่,436/4 บ.วาปี อ.กุมภวาปี จ.อุดรธานี 41370,913674443,,,,,,7/30/2024 21:13:09
OR-01476,ครัวส้มจีน,219 บ้านไผ่ หมู่ 1 ตำบลตูมใต้ อำเภอ กุมภวาปี จังหวัดอุดรธานี,967286294,,,"https://www.google.com/maps/@17.1219104,102.9795291,3a,75y,143.96h,102.25t/data=!3m7!1e1!3m5!1s8iC5Wy4NhPwW5UD9kVQkyQ!2e0!6shttps:%2F%2Fstreetviewpixe",,,7/30/2024 21:13:09
OR-01477,นิพนธ์การค้า,95 หมู่ที่ 3 ต.นาดี อ.หนองแสง จ.อุดรธานี 41340,635741599,,,,,,7/30/2024 21:13:09
OR-01478,บุษยา รีสอร์ท,เลขที่ 211 หมู่ 4 ต.ตาดทอง อ.ศรีธาตุ จ.อุดรธานี 41230,892777252,,,"https://www.google.com/maps/search/?api=1&query=17.033533923925585,103.11972666531803",,"17.033642, 103.119684",7/30/2024 21:13:09
OR-01479,จำเนียร พนานนท์,135 หมู่ 12 ต.เชียงแหว อ.กุมภวาปี จ.อุดรธานี 41370,878578581,,,,,,7/30/2024 21:13:09
OR-01480,นะราจัน,129/3 ต.นาดี อ.หนองแสง จ.อุดรธานี,854245935,,,,,,7/30/2024 21:13:09
OR-01481,นวพล ศรีทอง,127 หมู่ 13 ต.แชแล อ.กุมภวาปี จ.อุดราธานี,878618618,,,,,,7/30/2024 21:13:09
OR-01482,วัดป่าประชานิมิตร,บ้านเชียงกลม อ.กุมภวาปี จ.อุดรธานี,,,,,,,7/30/2024 21:13:09
OR-01483,99 ไก่ทอด,130 หมู่ที่ 12 ต.ปะโค อ.กุมภวาปี 41370,838918058,,,,,,7/30/2024 21:13:09
OR-01484,ร้าน ภูรินทร์วัสดุก่อสร้าง,18 ม.4 บ.โนนขี้เหล็ก ต.เสอเพลอ อ.กุมภวาปี จ.อุดรธานี 41370,653729617,,,,,,7/30/2024 21:13:09
OR-01485,เกรช - มีนา,235/4 นาม่วง ต.นาม่วง อ.ประจักษ์ศิลปาคม จ.อุดรธานี 41110,988417594,,,,,,7/30/2024 21:13:09
OR-01486,ทวีทรัพย์ สังคม,180/11 ต.ห้วยสามพาด อ.ประจักศิลป์คม,828988918,,,,,"17.251413, 102.930814",7/30/2024 21:13:09
OR-01487,สำราญการค้า,150 หมู่ 11 บ้านโพธิ์งาม ต.บ้านโป่ง อ.ศรีธาตุ จ.อุดรธานี,816415182,,,,,,7/30/2024 21:13:09
OR-01488,มงคล อาหารจานเดียว,69/1 หมู่1 ต.กุมภวาปี อ.กุมภวาปี จ.อุดรธานี 41110,610210127,,,,,,7/30/2024 21:13:09
OR-01489,นายสามารถ ชารี (samart99shop),199 หมู่ 9 ตำบลบ้านจันทน์ อำเภอบ้านดุง จังหวัดอุดรธานี 41190 ต.บ้านจันทน์ อ.บ้านดุง จ.อุดรธานี 41190,,,,,,,7/30/2024 21:13:09
OR-01490,ห้างหุ้นส่วนจำกัด ยุทธนา วาย แอนด์ เอ็น,329/13-14 หมู่ 4 ถนนมิตรภาพ ต.พันดอน อ.กุมภวาปี จ.อุดรธานี 41370,936515339,,,,,,7/30/2024 21:13:09
OR-01491,กิ่งแก้ว,20หมู่2 ต.ห้วยเกิ้ง อ.กุมภวาปี จ.อุดรธานี,846836098,,,,,,7/30/2024 21:13:09
OR-01492,กรรธิรา สุภาพิน,94 ม.6 ต.แม่ตืน อ.ลี้ จ.ลำพูน 51110 ต.แม่ตืน อ.ลี้ จ.ลำพูน 51110,964969006,,,,,,7/30/2024 21:13:09
OR-01493,แม่วงเดือน,21 หมู่ 15 บ้านดอนแก้ว ต.กุมภวาปี อ.กุมภวาปี จ.อุดรธานี 41110,872248317,,,,,,7/30/2024 21:13:09
OR-01494,แม่น้อย ท่าลี่,เลขที่ 3 หมู่ 4 ต.ท่าลี่ อ.กุมภวาปี จ.อุดรธานี 41110,623486749,,,,,,7/30/2024 21:13:09
OR-01495,เจ้แดง นาทัน,เลขที่ 33 หมู่ 6 ต.ท่าลี่ อ.กุมภวาปี จ.อุดรธานี 41110,803989447,,,,,"16.926102, 103.044256",7/30/2024 21:13:09
OR-01496,ทวีชัยพาณิชย์,226 หมู่ 5 บ.นาเหล่า ต.หนองกรุงศรี อ.โนนสะอาด จ.อุดรธานี 41240,828023120,,,"https://www.google.com/maps/search/?api=1&query=17.062867507307654,102.78754144906998",,"17.062996, 102.787531",7/30/2024 21:13:09
OR-01497,ร้านหลังวัด (อาหารตามสั่ง),130 หมู่ 12 บ้านบุ่งหมากลาน ต.ปะโค อ.กุมภวาปี จ.อุดรธานี 41370,914551429,,,,,,7/30/2024 21:13:09
OR-01498,เกศรินทร์ แชสัน,112 หมู่ 13 ต.ห้วยสามพาด อ.ประจักษ์ศิลปาคม จ.อุดรธานี 41110,929538337,,,,,,7/30/2024 21:13:09
OR-01499,หจก. ซี.เอส.เกษตรภัณฑ์,544/5 หมู่ 2 ต.โนนสะอาด อ.โนนสะอาด จ.อุดรธานี 41240,933213129,,,"https://www.google.com/maps/search/?api=1&query=16.966331976005804,102.89297409134264",,"16.966429, 102.893006",7/30/2024 21:13:09
OR-01500,ร้าน ครัวแม่ชิต,57 ม.9 บ.นาหนองทุ่ม ต.พันดอน อ.กุมภวาปี จ.อุดรธานี 41370,811875144,,,,,,7/30/2024 21:13:09
OR-01501,ร้านชลธิชา,13/3 หมู่5 ตำบลห้วยน้ำขาว อำเภอคลองท่อม จังหวัดกระบี่ 81120,095-7928668,,,,,,7/30/2024 21:13:09
OR-01502,สำมะปิ,555/1 หมู่ 15 ต.พันดอน อ.กุภวาปี จ.อุดรธานี 41370,098 - 6525478,,,,,,7/30/2024 21:13:09
OR-01503,ตกหลุมรัก,258 ม.3 ต.หนองไผ่ อ.เมือง จ.อุดรธานี,858164505,,,,,,7/30/2024 21:13:09
OR-01504,มะลิจันทร์ แซ่เล็ก,762 หมู่ 15 ต.พันดอน อ.กุมภวาปี จ.อุดรธานี 41370,093-0240348,,,,,,7/30/2024 21:13:09
OR-01505,ประคองรุ่งเรือง,132 หมู่ที่ 2 บ้านโคกสว่าง ต.หนองแสง อ.หนองแสง จ.อุดรธานี 41340,817427690,,,,,,7/30/2024 21:13:09
OR-01506,วัดบูรพา ท่าลี่ ยกเลิก,บ้านท่าลี่ อ.กุมภวาปี จ.อุดรธานี 41110,800355017,,,,,,7/30/2024 21:13:09
OR-01507,พี่โก้ ซุปเปอร์,63/1 ต.คำสร้างเที่ยง อ.สามชัย จ.กาฬสินธ์ 46180,099-4727520,,,,,,7/30/2024 21:13:09
OR-01508,พนักงาน ไผ่,,,,,,,,7/30/2024 21:13:09
OR-01509,หจก.เจ ที บี อีเลคทริค ซัพพลาย,99/294 ม.6 ต.คลองหนึ่ง อ.คลองหลวง จ.ปทุมธานี 12120,,,,,,,7/30/2024 21:13:09
OR-01510,ร้านค้า 5 แยกต้นมะขามใหญ่,15/3 หมู่ที่ 3 ต.บุ่งแก้ว อ.โนนสะอาด จ.อุดรธานี 41240,846757261,,,https://maps.app.goo.gl/SD2US7dvtRC93btj6?g_st=com.google.maps.preview.copy,,"16.984107, 103.006705",7/30/2024 21:13:09
OR-01511,น.ส.สะอาด วรบุตร,โรงพยาบาลกุมภวาปี ตึกฉุกเฉิน,951692468,,,,,,7/30/2024 21:13:09
OR-01512,น้องมัดหมี่,43 หมู่5 บ้านเสาเล้าผักชีศรีสวัสดิ์ ต.โพธิ์ศรีสำราญ อ.โนนสะอาด จ.อุดรธานี 41240,918756792,,,,,,7/30/2024 21:13:09
OR-01513,ร้าน บานานา (Banana),312/5 ม.4 ต.พันดอน อ.กุมภวาปี จ อุดรธานี,862352122,,,"https://www.google.com/maps/search/?api=1&query=17.130943,102.947437",,"17.131235, 102.947373",7/30/2024 21:13:09
OR-01514,พี่อร บ้านท่าลี่ หมู่4,16 หมู่4 ต.ท่าลี่ อ.กุมภวาปี จ.อุดรธานี 41110,0821461610-0934214009,,,,,,7/30/2024 21:13:09
OR-01515,สหกรณ์โรงเรียนอนุบาลหนองแสง,หมู่ 9 ต.ทับกุง อ.หนองแสง จ.อุดรธานี 41340,862378294,,,https://maps.app.goo.gl/P4jpKdUBMYi8U8Z17,,"17.162255, 102.782125",7/30/2024 21:13:09
OR-01517,สุภาพร นามสา,56 หมู่ 11 บ้านเมืองปัง ต.อุ่มจาน อ.ประจักษ์ศิลปาคม จ.อุดรธานี 41110,963534656,,,,,,7/30/2024 21:13:09
OR-01518,บริษัท พี.เค.เอ็ม.ที[2002] จำกัด,108 ม.5 ถ.อุดร-สามพร้าว ต.สามพร้าว อ.เมือง จ.อุดรธานี 41000,835995516,,,,,,7/30/2024 21:13:09
OR-01519,ร้านอารมณ์ดี,บ้านบุ่งหมากลาน ตำบล ปะโค อำเภอกุมภวาปี อุดรธานี,0878584743,,,https://maps.app.goo.gl/2QXYvJ62hS8i7R1q9,,"17.046960, 102.837169",7/30/2024 21:13:09
OR-01520,กันเองสะดวกซัก,25 หมู่ 2 ต.โนนสะอาด อ.โนนสะอาด จ.อุดรธานี 41240,,,,"https://www.google.com/maps/search/?api=1&query=16.973749,102.893056",,"16.973836, 102.893045",7/30/2024 21:13:09
OR-01521,บริษัท บุญจันทร์ ดี เอ็น เอส จำกัด,234 ม.2 ต.วังสามหมอ อ.วังสามหมอ จ.อุดรธานี 41280,989647891,,,,,,7/30/2024 21:13:09
OR-01522,ทองเลื่อน บ.ยางหล่อ,ที่อยู่ 58 หมู่ 6 ต.แชแล อ.กุมภวาปี จ.อุดรธานี 41110,614413802,,,,,,7/30/2024 21:13:09
OR-01523,มินิมาร์ท รร.กุมภวาปี,164 หมู่ 3 ต.กุมภวาปี อ.กุมภวาปี จ.อุดรธานี 41110,625564201,,,"https://www.google.com/maps/search/?api=1&query=17.101464506579784,103.00891354680061",,"17.101613, 103.008935",7/30/2024 21:13:09
OR-01524,ส้ม บ้านกงพาน,,803035672,,,https://maps.app.goo.gl/9P246FTuMUgn963s9?g_st=ic,,"17.126573, 102.965280",7/30/2024 21:13:09
OR-01525,นิภารัตน์,43 หมู่ 6 บ้านแสงสว่าง ต.แสงสว่าง อ.หนองแสง จ.อุดรธานี 41340,954409848,,,,,,7/30/2024 21:13:09
OR-01526,บริษัท บางกอก ไลฟ์ สไตล์ จำกัด,269 หมู่13 ต.ปะโค อ.กุมภวาปี จ.อุดรธานี 41370,817211600,,,,,,7/30/2024 21:13:09
OR-01527,เบญญาภา ขวานอก,223 หมู่ที่ 8 บ้านซำเจริญ ต.บ้านจีต อ.กู่แก้ว จ.อุดรธานี 41130,943646996,,,,,,7/30/2024 21:13:09
OR-01528,หจก.สรรสิริ ค้าส่ง (สำนักงานใหญ่),215 หมู่ 10 ต.พังขว้าง อ.เมือง จ.สกลนคร 47000,042711123/0839646565,,,,,,7/30/2024 21:13:09
OR-01530,อาเฮ็ง,77 หมู่ที่ 2 ต.กุงเก่า อ.ท่าคันโท จ.กาฬสินธุ์,629284519,,,,,,7/30/2024 21:13:09
OR-01531,พรมณี จันทะโคตร,เลขที่ 61 หมู่ 12 ต.ห้วยสามพาด อ.ประจักษ์ศิลปาคม จ.อุดรธานี 41110,806696764,,,,,,7/30/2024 21:13:09
OR-01532,บริษัท แอล พี เอ็ม ดีเวลลอปเม้นท์ จำกัด (สำนักงานใหญ่),556 ม.1 ต.ทรายมูล อ.สว่างแดนดิน จ.สกลนคร 47110,862044680,,,,,,7/30/2024 21:13:09
OR-01533,น้องฟีฟ่า ปลาทะเล,227 หมู่ที่ 2 ต.นาม่วง อ.ประจักษ์ศิลปาคม จ.อุดรธานี 41110,623786773,,,,,,7/30/2024 21:13:09
OR-01534,วิชิตรา,เลขที่ 10 หมู่ 9 ต.ผาสุก อ.กุมภวาปี จ.อุดรธานี 41370,979526325,,,,,,7/30/2024 21:13:09
OR-01535,สกุลชัย,85 หมู่ที่ 1 บ้านป่าเปื่อย ต.โนนสมบูรณ์ อ.เขาสวนกวาง จ.ขอนแก่น 40280,062-3317853,,,,,,7/30/2024 21:13:09
OR-01536,แม่โบว์,68 หมู่ 14 บ.หนองศรีเจริญ ต.พันดอน อ.กุมภวาปี จ.อุดรธานี 41370,917564297,,,,,,7/30/2024 21:13:09
OR-01537,บารมีครู,52 หมู่ที่ 8 ต.หนองหว้า อ.กุมภวาปี จ.อุดรธานี 41110,941802528,,,,,,7/30/2024 21:13:09
OR-01538,ยุทธชัย สินธ์สิริวัตร,150/8 บ้านป่าก้าว ต.โพนสูง อ.ไชยวาน จ.อุดรธานี 41290,654565457,,,"https://www.google.com/maps/search/?api=1&query=17.15981928540953,103.24422374367714",,"17.159978, 103.244181",7/30/2024 21:13:09
OR-01539,บริษัท เทพทิพย์ ซุปเปอร์สโตร์ จำกัด,159 ม.14 ต.ท่าลี่ อ.กุมภวาปี.จ.อุดรธานี 41110,804198248,,,,,,7/30/2024 21:13:09
OR-01540,หจก.เจ ที บี อีเลคทริค ซัพพลาย(สนญ),99/294 ม.6 ต.คลองหนึ่ง อ.คลองหลวง จ.ปทุมธานี 12120,02-9029073//0851227590,,,,,,7/30/2024 21:13:09
OR-01541,ร้านจันทัย ค้าส่ง,78 หมู่ที่ 5 บ้านสีแจ ต.ผาสุก อ.กุมภวาปี จ.อุดรธานี 41370,656266160,,,,,,7/30/2024 21:13:09
OR-01542,ร้านเพื่อนเกษตร (กรุงเก่า),176 บ้านกรุงเก่า หมู่ 8 ต.กรุงเก่า อ.ท่าคันโท จ.กาฬสินธุ 46190,877710789,,,https://maps.app.goo.gl/AiTeHAVoJB3RrKTv6?g_st=il,,"16.911097, 103.173680",7/30/2024 21:13:09
OR-01543,ต้นข้าว มินิมาร์ท,เลขที่ 25 หมู่12บ.บะยาว ต.บะยาว อ.วังสามหมอ จ.อุดรธานี 41280,656887794,,,,,,7/30/2024 21:13:09
OR-01544,ร้านบุญมั่งมี,เลขที่ 247 ม.5 บ้านทองอินทร์ ต.เสอเพลอ อ.กุมภวาปี จ.อุดรธานี 4137,0940743689,,,https://maps.app.goo.gl/ptggnwe5NfxP4JRe7,,"17.241404, 102.844596",7/30/2024 21:13:09
OR-01545,ร้านแม่แว้ เหล่าใหญ่,24 หมู่ 4 บ้านเหล่าใหญ่ ต.แชแล อ.กุมภวาปี จ.อุดรธานี,810619824,,,https://maps.app.goo.gl/PtotbGHe1e3SKH8Y6,,,7/30/2024 21:13:09
OR-01546,กอบัว,155 หมู่ 4 บ้านโนนเจริญ ตำบลโนนสมบรูณ์ อำเภอเขาสวนกวาง จังหวัดขอนแก่น (หมู่บ้านจะออกมาทางบ้านหนองกรุงศรี ระหว่างมาบ้านโนนทองคำเจริญ อำเภอโนนสะอาด),800986836,,,"https://www.google.co.th/maps/@17.0096581,102.7606828,3a,75y,18.86h,89.75t/data=!3m6!1e1!3m4!1s0mJQVJLS3DkqSZ1v6d8pIg!2e0!7i16384!8i8192?coh=205409&en",,,7/30/2024 21:13:09
OR-01547,สหกรณ์โรงเรียนบ้านกุดยาง,บ้านกุดยาง หมู่ 12 ต.ท่าลี่ อ.กุมภวาปี จ.อุดรธานี 41110,8622243056,,,,,,7/30/2024 21:13:09
OR-01548,นาง ทองใบ ศรีพันดอน,,870110771,,,,,,7/30/2024 21:13:09
OR-01549,ลักษมีการค้า,215 หมู่ 8 บ้านดงเรือง ต.ผาสุก อ.กุมภวาปี จ.อุดรธานี 41370,854524251,,,,,,7/30/2024 21:13:09
OR-01550,แม่น้อย กุมภวาปี,142/1 หมู่ 1 บ้านดงเมือง ต.กุมภวาปี อ.กุมภวาปี จ.อุดรธานี 41110,633319980,,,"https://www.google.com/maps/search/?api=1&query=17.110119,103.009202",,"17.110257, 103.009191",7/30/2024 21:13:09
OR-01551,แม่เพียรทอง บ.ดงแคน,82 หมู่ 11 บ้านดงแคน ต.พันดอน อ.กุมภวาปี จ.อุดรธานี 41370,956622164,,,,,,7/30/2024 21:13:09
OR-01552,โรงเรียนบ้านคำเจริญ,ต.พันดอน อ.กุมภวาปี จ.อุดรธานี 41370,810522413,,,,,,7/30/2024 21:13:09
OR-01553,โบว์ การค้า,,,,,,,,7/30/2024 21:13:09
OR-01554,โซยู หมูกะทะ,16 หมู่ 4 บ้านท่าลี่ ต.ท่าลี่ อ.กุมภวาปี จ.อุดรธานี 41110,985748934,,,"https://www.google.com/maps/search/?api=1&query=16.960632354640364,103.07502153517352",,"16.963457, 103.072503",7/30/2024 21:13:09
OR-01555,น้องน้ำมนต์,170 ม.8 บ.นาดี ต.นาดี อ.หนองแสง จ.อุดรธานี 41340,621367259,,,,,,7/30/2024 21:13:09
OR-01556,มินิ อาร์เตอร์,15 หมู่12 ต.พังงู อ.หนองหาน จ.อุดรธานี 41130,927802012,,,,,,7/30/2024 21:13:09
OR-01557,นาง แจ่มจันทร์ พันแสน,222/1 ม.12 บ.โพนทอง ต.อุ่มจาน อ.ประจักษ์ศิลปาคม จ.อุดรธานี,081-0595392,,,,,,7/30/2024 21:13:09
OR-01558,สองวงมาร์เก็ต,251 หมู่ที่ 3 บ้านซ่ำปาหัน ต.บ้านจีต อ.กู่แก้ว จ.อุดรธานี 41130,659205818,,,,,,7/30/2024 21:13:09
OR-01559,ทองสุขพาณิชย์,เลขที่ 161/1 หมู่ที่ 8 ต.โคกเครือ อ.หนองกุงศรี จ.กาฬสินธุ์ 46220,899158922,,,"https://www.google.com/maps/search/?api=1&query=16.737732,103.296481",,"16.737819, 103.296502",7/30/2024 21:13:09
OR-01560,น้องฟองดูว์,75 หมู่ที่ 12 บ้านโนนสำราญ ต.บุ่งแก้ว อ.โนนสะอาด จ.อุดรธานี 41240,832214116,,,,,,7/30/2024 21:13:09
OR-01561,ร้าน สามพี่น้อง,146 หมู่ที่ 9 ต.เสอเพลอ อ.กุมภวาปี จ.อุดรธานี 41370,640086292,,,,,"17.178043, 102.899409",7/30/2024 21:13:09
OR-01562,บิ๊กแบร์,354/1 ต.โนนสะอาด อ.โนนสะอาด จ.อุดรธานี 41240 ร้านบิ๊กแบร์ สีน้ำตาลดำทรงคาเฟ่ค่ะ,889713276,,,"https://www.google.com/maps/search/?api=1&query=16.95100289579836,102.88181645180939",,"16.951162, 102.881870",7/30/2024 21:13:09
OR-01563,ธนภรณ์ ชาจันโท,167/2 บ้านท่าลี่ ตำบลท่าลี่ อำเภอกุมภวาปี จังหวัดอุดรธานี 41110,979577764,,,"https://www.google.com/maps/search/?api=1&query=16.956342763250586,103.0771500958276",,"16.956481, 103.077107",7/30/2024 21:13:09
OR-01564,ร้านค้าสหกรณ์ชุมชนบ้านม่วงเฒ่า,225 ม.4 บ้านม่วงเฒ่า ต.โนนสะอาด อ.โนนสะอาด จ.อุดรธานี 41240,863262303,,,,,,7/30/2024 21:13:09
OR-01565,ปูนา ช็อป,12/1 หมู่ 13 ต.กุมภวาปี อ.กุมภาวาปี จ.อุดรธานี 4110,869398255,,,,,,7/30/2024 21:13:09
OR-01566,นาย พินิจ อนันตกำเนิด,31 หมู่ 3 ต.ตูมใต้ อ.กุมภวาปี จ.อุดรธานี 41110,870471140,,,,,"17.096639, 102.985773",7/30/2024 21:13:09
OR-01567,ร้านแสงเดือน,160 หมู่ที่ 10 บ้านเดี่ยม ต.เชียงแหว อ.กุมภวาปี จ.อุดรธานี 41370,625411429,,,,,"17.216238, 103.033272",7/30/2024 21:13:09
OR-01568,บัญชิตา กองกรม,186 บ้านห้วยแสง หมู่ที่6 ต.โพธิ์ศรีสำราญ อ.โนนสะอาด จ.อุดรธานี,981489824,,,,,,7/30/2024 21:13:09
OR-01570,โรงเรียนคำเมยวิทยาคม(1),บ้านชัยเจริญ หมู่ 17 ต.หัวนาคำ อ.ศรีธาตุ จ.อุดรธานี 41230,982950292,,,https://maps.app.goo.gl/Z3UTxXhXRGg1rx228,,"17.080504, 103.282438",7/30/2024 21:13:09
OR-01571,แมว มั่งมี,169หมู่ที่14 ต.ท่าลี่ อ.กุมภวาปี จ.อุดรธานี 41110,099-351-7117,,,,,,7/30/2024 21:13:09
OR-01572,มยุรา ภูหัดสวน,13 หมู่ที่3 ต.โนนสะอาด อ.โนนสะอาด จ.อุดรธานี 41240,630298269,,,,,,7/30/2024 21:13:09
OR-01573,มยุรา ภูหัดสวน,13 หมู่ที่3 ต.โนนสะอาด อ.โนนสะอาด จ.อุดรธานี 41240,630298269,,,,,,7/30/2024 21:13:09
OR-01590,นลินการค้า,198 หมุ่3 ต.โพธิ์ศรีสำราญ อ.โนนสะอาด จ. อุดรธานี  41240,0653392939,,,,17:00:00,"16.984620, 102.825206",8/20/2024 8:38:12
09A54CA7-32F6-45C6-8D16-F7B3EB2497AB,ครูวันชัยรวยทรัพย์,78 หมู่ที่ 6 บ้านนาทัน ต.ท่าลี่ อ.กุมภวาปี จ.อุดรธานี 41370,0959384526,,,,10:28:30,"16.930960, 103.088975",8/22/2024 10:28:30
OR-01617,พี่อภิญญา,154 ม.1 ต.จำปี อ.ศรีธาตุ จ.อุดรธานี 41230,0836653766,,,,14:22:52,"16.955672, 103.169248",9/12/2024 14:22:52
AR 9900060,นาย อนุสรณ์ บุตรอินทร์ (บ้านไทพี่น้อง),130 หมู่6 ตำบลนายูง อำเภอศรีธาตุ จังหวัดอุดรธานี 41230,0850765147,,,,12:10:17,"16.981786, 103.269836",9/26/2024 12:10:17
OR-01604,กอก สโลว์บาร์,222 หมู่ 6 บ.กอก ต.ศรีธาตุ อ.ศรีธาตุ จ.อุดรธานี 41230,0858530696,,,,15:37:42,"16.986199, 103.228259",9/26/2024 15:37:42
OR-01630,บริษัท เฟิสท์มาร์ท กรุ๊ป จำกัด,ที่อยู่: 182 ม.3 บ้านดอนม่วง ตำบลนาม่วง อำเภอประจักษ์ศิลปาคม จังหวัดอุดรธานี 41110,087-2203412,,,,14:20:35,"17.267531, 103.000979",9/27/2024 14:20:35
OR-01610,ร้านดอนเสือเหลือง,363 หมู่7 ต.พันดอน อ.กุมภวาปี จ.อุดรธานี 41370,0862254535,,,,15:57:31,"17.157670, 102.977439",9/28/2024 15:57:31
ABB133FC-91BD-4F57-95BA-786277A27621,ส.ศักดิ์ดา,234 หมู่ 7 บ้านนาเหล่า ต.หนองกุงศรี อ.โนนสะอาด  จ.อุดรธานี 41240,0916917244,,,,15:23:18,"17.059688, 102.787237",10/11/2024 15:23:18
9F247CD4-B258-4EA2-A531-64D84467D869,เอ็นทีมาร์ท,308 หมู่ 9 ต.ทมนางาม อ.โนนสะอาด จ.อุดรธานี 41240,"0630698936,0639081746",,,,8:49:03,"16.915176, 102.943957",10/16/2024 8:49:03
1FFEA0DE-BAF3-4714-A4F8-F5F0851D6A93,วรรณภรครัวฝรั่ง,326/2 หมูที่ 1 บ้านโคกผักหวาน ต.ห้วยเกิ้ง อ.กุมภวาปี จ.อุดรธานี 41370,0627235894,,,,14:54:42,"17.060368, 102.922104",10/19/2024 14:54:42
OR-01597,มารวยซุปเปอร์,103 หมู่ 1 บ้านโนนสะอาด ต.โนนสะอาด อ.โนนสะอาด จ.อุดรธานี 41240,0832325535,,,,10:25:17,"16.968886, 102.892174",10/29/2024 10:25:17
OR-01660,ร้าน เจริญรุ่งเรืองทรัพย์,126 ม.2 บ้านเชียงแหว ตำบลเชียงแหว อำเภอกุมภวาปี จังหวัดอุดรธานี 41110,0855108697,,,,17:16:40,"17.181128, 103.000822",11/1/2024 17:16:40
OR-01623,สหกรณ์บ้านสี่แจ,โรงเรียนบ้านสี่แจ,0951805410,,,,17:04:45,"17.164405, 102.933308",11/9/2024 17:04:45
OR-01577,บริษัท เอ็น ที โฮม มาร์ท จำกัด,618 ม.1 ต.โนนสะอาด อ.โนนสะอาด จ.อุดรธานี 41240,0932690209,,,,15:05:49,"16.993594, 102.892831",11/19/2024 15:05:49
OR-01680,พาขวัญพาณิชย์,241 ม.6  ต.แสงสว่าง อ.หนองแสง  จ.อุดรธานี 41340,0871779065,,,,13:03:15,"17.121804, 102.819173",11/28/2024 13:03:15
OR-01697,นาย อ๊อด เพ็งพิศ,70 หมู่ 6 บ้าน กุงเก่า ต.กุงเก่า อ.ท่าคันโท จ.กาฬสินธุ์,0801902314,,,,15:49:40,"16.913602, 103.174679",12/12/2024 15:49:40
OR-01701,แพรวนภา สายสิงห์,166 หมู่ 11 ต.จำปี อ.ศรีธาตุ,0801472930,,,https://maps.app.goo.gl/ddQ6i3ZkWCtj1tUr5,15:37:58,"16.973978, 103.220206",12/14/2024 15:37:58
OR-01703,ร้าน สาม ป.พาณิชย์ (ปามเก่า),46 ม.11 ต.บ้านโปร่ง อ.ศรีธาตุ จ.อุดรธานี,0655836201ช/0616155601ญ,,,https://maps.app.goo.gl/cXjvbakZ8r4diCkg9,17:27:48,"17.012699, 103.117701",12/19/2024 17:27:48
OR-01692,เธียรรุ่งภาณิชย์,103 หมู่ที่ 4 ต.ศรีธาตุ อ.ศรีธาตุ จ.อุดรธานี,0804219421,,,https://maps.app.goo.gl/gRSDCdNcxBY7uLTo8,16:35:42,"16.975909, 103.198974",12/21/2024 16:35:42
OR-01710,อรพรรณ,21 หมู่ 1 บ้าน นาฝาย ต.นาดี อ.หนองแสง จ.อุดรธานี,0847935193,,,https://maps.app.goo.gl/LqVnvJem72YLJYbGA,8:22:37,"17.088021, 102.853693",12/29/2024 8:22:37
OR-01711,ร้านวิเศษพูลทรัพย์,32 หมู่ 9 บ้านหนองบัวทอง ต.นาดี อ.หนองแสง จ.อุดรธานี 41340,0997060709,,,,15:10:07,"17.105085, 102.882737",12/30/2024 15:10:07
OR-01716,ร้านคุณยายช้อป,509/2 หมู่ 15 ต.พันดอน อ.กุมภวาปี จ.อุดรธานี 41370,0847563299,,,https://maps.app.goo.gl/L4akaqRuF6jkdLzt6,15:03:58,"17.127127, 102.965412",1/6/2025 15:03:58
OR-01722,น้อง ลดา,108 บ้านดงเมือง ต.กุมภวาปี อ.กุมภวาปี จ.อุดรธานี,0812810912,,,https://maps.app.goo.gl/5uiVV63CRBMEA7ww6,8:08:03,"17.102495, 103.019102",1/15/2025 8:08:03
OR-01730,ฟู้ฟู้ ช้อป,515 หมู่ 9 บ้านโคกหนองแวง ต.นายูง อ.ศรีธาตุ จ.อุดรธานี 41230,0895729182,,,https://maps.app.goo.gl/3nyHcCF5KXG4JtEK9,15:26:33,"16.967444, 103.265979",1/30/2025 15:26:33
OR-01742,ร้านน้องไอด้า(น.ส.อ้อยทิพย์ อินทร์อุดม),142หมู่4 บ้านตูมเหนือ ต.ตูมใต้ อ.กุมภวาปี จ อุดรธานี 41110,0908107468,,,https://maps.app.goo.gl/dPPtph4h2kXXi1B6A,11:10:00,"17.094487, 102.976150",2/5/2025 11:10:00
OR-01746,ศูนย์สาธิต พังงู,บ้านพังงู ต.พังงู อ.หนองหาร จ.อุดรธานี,0945760646,,,https://maps.app.goo.gl/dRknvjwpCWbeUqft7,19:36:19,"17.238281, 103.119130",2/5/2025 19:36:19
OR-01747,ร้าน พ่อไหม,บ้านดอนแคน ต.ค้อใหญ่ อ.กู่แก้ว จ.อุดรธานี,0856438192,,,https://maps.app.goo.gl/Wf9HCvtujThgZa9QA,19:39:05,"17.211133, 103.139563",2/5/2025 19:39:05
OR-01748,ร้านธงฟ้าชุมชนบ้านดอนแคน,บ้านดอนแคน ต.ค้อใหญ่ อ.กู่แก้ว จ.อุดรธานี,0801795259,,,https://maps.app.goo.gl/p6cuj7PyWnXfYUc37,19:41:46,"17.211094, 103.139666",2/5/2025 19:41:46
OR-01749,ส.ห.ก.บ้านค้อคำ,บ้านค้อคำ ต.ค้อใหญ่ อ.กู่แก้ว จ.อุดรธานี,0988526419,,,https://maps.app.goo.gl/MXrNBSyeU6RZU79c8,19:44:54,"17.209569, 103.145353",2/5/2025 19:44:54
OR-01745,ชุมชนบ้านทุ่งสว่าง,ต.พังงู อ.หนองหาน จ.อุดรธานี,0979806482,,,https://maps.app.goo.gl/64JAxsU1jbJL8iT67,19:46:45,"17.252499, 103.091275",2/5/2025 19:46:45
OR-01752,KUMYAI BURGER,292 หมู่ที่8  ต.กุมภวาปี อ.กุมภวาปี จ.อุดรธานี 41110  (ฐิติรัตน์ เพลส(หลังสีส้ม),0929698199,,,https://maps.app.goo.gl/fymA98dh69BQHd7Z8,14:33:39,"17.113833, 103.011445",2/8/2025 14:33:39
OR-01753,เฮียเต่า เต็มธนะ (ส่งคูสวัสดิ์),หมู่ที่ 15 บ้านน้ำฆ้อง ต.พันดอน อ.กุมภวาปี จ.อุดรธานี 41370,0956615544,,,,10:40:22,"17.130521, 102.961932",2/10/2025 10:40:22
OR-01729,ร้าน ตะวัน,47 หมู่ 5 บ้านโคกข่า 5 ต.บ้านโปร่ง อ.ศรีธาตุ จ.อุดรธานี 41230,0926836076,,,https://maps.app.goo.gl/EojLoVefdMNRfmty5,9:08:46,"16.997491, 103.117690",2/12/2025 9:08:46
OR-01755,ศรีปัญญา ประสงค์สุข (คันธมาทน์ เก่า),248 หมู่ 5 บ้านหนองแวงใหญ่ ตำบล แชแล อ.กุมภวาปี จ.อุดรธานี 41110,0613823896,,,https://maps.app.goo.gl/kJAL8yhJvgV8FgJp9,14:23:14,"17.174210, 103.072027",2/15/2025 14:23:14
OR-01756,ร้าน น้องนาย,9 หมู่5 บ้านโคกข่า ต.บ้านโปร่ง อ.ศรีธาตุ จ.อุดรธานี 41230,083-2252356,,,https://maps.app.goo.gl/EojLoVefdMNRfmty5,14:29:13,"16.997491, 103.117690",2/15/2025 14:29:13
OR-01739,ร้านไม้หอม,48 หมู่ที่ 6 บ้านห้วยกองสี  ต.ตูมใต้  อ.กุมภวาปี จ.อุดรธานี 41110,0926673881,,,https://maps.app.goo.gl/QToAHaAkoA4HeMsg8,17:11:29,"17.078423, 102.933241",2/17/2025 17:11:29
OR-01712,ก๋วยเตี๋ยวตอแหล,7 หมู่ 15 บ้านปะโค ต.ปะโค อ.กุมภวาปี จ.อุดรธานี 41370,0981043061/0630182814,,,https://maps.app.goo.gl/C4hU6Q3PZHWK6itA8,13:30:43,"17.105595, 102.941173",2/19/2025 13:30:43
OR-01766,ร้าน อิงฟ้า มินิมาร์ท,108 หมู่ 5 บ้านโคกข่า 5 ต.บ้านโปร่ง อ.ศรีธาตุ จ.อุดรธานี 41230,0935427708,,,https://maps.app.goo.gl/DmmxCvzTZDEkJr5r7,14:41:19,"16.998485, 103.116697",2/25/2025 14:41:19
OR-01771,นริศรา,11 หมู่ที่ 5 บ้านโคกข่า ตำบลบ้านโปร่ง อำเภอศรีธาตุ จังหวัดอุดรธานี,0958163634,,,"https://www.google.com/maps/search/?api=1&query=16.99774093515788,103.11717667218275",13:41:43,"16.997869, 103.117209",3/3/2025 13:41:43
OR-01773,วัด ห้วยกองสี,222 หมู่6 ต.ตูมใต้ อ.กุมภวาปี จ.อุดรธานี 41110,0902869962,,,https://maps.app.goo.gl/LRJSnYt3CvAfEiqd8,15:53:53,"17.075726, 102.935027",3/7/2025 15:53:53
OR-01774,ออร์แกน มินิมาร์ท,67 หมู่ 4 บ้าน กุดดอกคำ ต.โพติ์ศรีสำราญ อ.โนนสะอาด จ.อุดรธานี 41240,0957582992,,,https://maps.app.goo.gl/W9mGQuyDDF21Rhis7,16:03:57,"16.979110, 102.838739",3/7/2025 16:03:57
2F3C2D8D-E39A-4844-AD0C-032255ADD1F3,เกศกนก,95 หมู่ 6 ต.สีออ อ.กุมภวาปี จ.อุดรธานี 41110,0927097109,,,https://maps.app.goo.gl/FXZ4SHLup7xSSWVp9,16:28:03,"17.029153, 103.029720",3/7/2025 16:28:03
32E0B32B-0D79-4F74-A189-3295C7D6718D,ร้าน ฉลามวาฬมินิมาท,บ้านเลขที่ 224 หมู่8 ตำบลดงมูล อ.หนองกุงศรี จ.ท่าคันโท,0880350678 / 0989537723,,,https://maps.app.goo.gl/STFSMrin3tSY97p46,15:34:52,"16.810791, 103.285744",3/9/2025 15:34:52
OR-01784,ร้านพ่อบุญสา,323 ม.7 ต.แชแล อ.กุมภวาปี จ.อุดรธานี,083-523-0686,,,https://maps.app.goo.gl/mM6PFM6tVX3SE5Ei7,10:11:17,"17.160148, 103.061795",3/10/2025 10:11:17
20AA6966-9DCD-4DBE-A273-F4AF6CB388A4,ร้าน ซันโย,222 หมู่ 11 ต.คอนสาย อ.กู่แก้ว จ.อุดรธานี,064-552-0465,,,https://maps.app.goo.gl/gbGBbEL88kbcLsZ49,15:48:44,"17.205378, 103.101568",3/10/2025 15:48:44
AC465317-35B9-4F4B-973B-B82AF39A5856,ร้านพี่ไทด์,94 หมู่ 13 บ.หนองลุมพุก ต.นาม่วง อ.ประจักษ์ จ.อุดร,091-0618613,,,https://maps.app.goo.gl/e6DdJ7FTTHz8QGVm6,16:12:52,"17.278859, 102.979016",3/10/2025 16:12:52
990B63CB-A2BA-4760-BBC8-F288252FDF78,ร้าน ก. เรือนไทย,67 หมู่ 6 ตำบลผาสุข อำเภอกุมภวาปี จ.อุดร,0913348109,,,https://maps.app.goo.gl/Q7ZQbzsHrt376GQR7,16:15:37,"17.190849, 102.935746",3/10/2025 16:15:37
OR-01797,ร้าน มาราธอนมินิมาร์ท,บ้านเลขที่138 หมู่4 ต.ค่อใหญ่ อ.กู่แก้ว บ้านดอนแคน,0810555663,,,https://maps.app.goo.gl/8iS2Kn9r26YyXqnC6,14:59:46,"17.210602, 103.138073",3/12/2025 14:59:46
OR-01798,ร้าน ยุทธนาพาณิชย์,47ม.3บ้านค่อคำ ต.ค้อใหญ่ อ.กู่แก้ว,0647533897,,,https://maps.app.goo.gl/nX8gSpsQt8zSD2ZP7,15:14:51,"17.209488, 103.145295",3/12/2025 15:14:51
OR-01800,ร้านศุภชัยการค้า,เลขที่134 บ้านเหล่าสวนกล้วย ต.โนนทองอิน อ.กู่แก้ว จ.อุดรธานี,0833498959,,,https://maps.app.goo.gl/jK1YaMQzxS242QKPA,15:29:31,"17.204931, 103.182457",3/12/2025 15:29:31
OR-01799,ร้าน คุณออย,21 ม.5 บ.โคกกลาง ต.หัวนาคำ อ.ศรีธาตุ จ.อุดรธานี,0802709171,,,https://maps.app.goo.gl/PXQ6cYMFk2AKMaSt9,17:33:41,"17.088981, 103.318906",3/12/2025 17:33:41
OR-01803,ปนัดดา,บ้านพักโรงงานน้ำตาลเกษตรผล ห้อง193/290[ซอยสุดท้ายฝั่งขวามือ] ม.9ต.ปะโค อ.กุมภวาปี,0654732453,,,https://maps.app.goo.gl/XTSGZwiLEw7RAJ1QA,16:41:36,"17.079265, 102.919532",3/12/2025 16:41:36
OR-01804,ร้าน พรีมพั้นช์,129หมู่3 บ้านคำเมย ต.หัวนาคำ อ.ศรีธาตุ จ.อุดรธานี 41230,0937413658,,,https://maps.app.goo.gl/jV6rEuw44pBYBcce6,17:36:44,"17.082487, 103.283757",3/12/2025 17:36:44
OR-01805,ร้านเจ้ไล,120 ม6 ต.หนองหิน อ.หนองกุงศรี จ.กาฬสิน 46220,0894527190,,,https://maps.app.goo.gl/KrJSndxsAS3owiDe7,17:02:42,"16.816237, 103.370407",3/13/2025 17:02:42
OR-01776,ร้ายก๋วยเตี๋ยวแม่ยัง,บ้านเลขที่13 หมู่1 ตำบลสีออ อำเภอกุมภวาปี จ.อุดรธานี,0639706808,,,https://maps.app.goo.gl/EtXBUBYz6Ridomu5A,12:53:01,"17.004188, 103.050870",3/14/2025 12:53:01
OR-01777,ร้านอุดมศรี,บ้านเลขที่ 46 หมู่ 13 ตำบลท่าลี่ อำเภอกุมภวาปี จ.อุดรธานี,0971804960,,,https://maps.app.goo.gl/9PZWwMpWMogPR3HG7,12:55:47,"16.970436, 103.065725",3/14/2025 12:55:47
OR-01778,ร้าน พ่อทวี,บ้านเลขที่ 49 หมู่ 13 ตำบลท่าลี่ อำเภอกุมภวาปี จ.อุดรธานี,0930720350,,,https://maps.app.goo.gl/W7RPFPjkAQMMawMcA,12:57:37,"16.970554, 103.067019",3/14/2025 12:57:37
OR-01779,ร้าน แม่ละไม,บ้านเลขที่ 83 หมู่ 13 บ้านนาเพ็ญ ตำบลท่าลี่ อำเภอกุมภวาปี จ.อุดรธานี,0856883733,,,https://maps.app.goo.gl/MkpHMamcbgJCawpQ9,12:59:54,"16.970534, 103.067726",3/14/2025 12:59:54
OR-01807,ร้าน ว.เจริญ,154 หมู่3 ต.หนองหลัก อ.ไชยวาน,0927752621,,,https://maps.app.goo.gl/LtPNcqw8MHvFHCLL6,14:04:34,"17.262516, 103.197511",3/14/2025 14:04:34
OR-01809,ร้านต้นหลัก,191 ม.6 ต.บ้านจีต อ.กู่แก้ว จ.อุดรธานี,0832423412,,,https://maps.app.goo.gl/UQEytRUEFDLXzzcNA,15:12:34,"17.188569, 103.161253",3/14/2025 15:12:34
OR-01775,ร้านไทยกิจยางการยาง,ที่อยู่ 14/9 บ้านตะเคียนทอง ตำบล บ้านโปร่ง อ.ศรีธาตุ,0806811192,,,https://maps.app.goo.gl/W9QNTuZePYdHSNwB6,15:47:06,"17.020465, 103.127959",3/14/2025 15:47:06
OR-01780,ร้าน แก่นนคร,111 ม10 ต.ศรีธาตุ อ.ศรีธาตุ จ.อุดรธานี,0946324579,,,https://maps.app.goo.gl/MzbobXKNqxeZLVe39,15:48:37,"16.974788, 103.212368",3/14/2025 15:48:37
OR-01781,ร้านทรัพย์ศิริการค้า,19 ม.11 ต.จำปี อ.ศรีธาตุ จ.อุดรธานี,0828503930,,,https://maps.app.goo.gl/Gea9XdiasMHpgWYU6,15:53:05,"16.957172, 103.174628",3/14/2025 15:53:05
OR-01785,ร้าน พรยุภาพานิชย์,29 หมู่​3 บ้านม่วง ​ต.คอนสาย ​อ.กู่แก้ว จ.อุดรธานี,0934438245,,,https://maps.app.goo.gl/1Fn41dAqxU9LrEdo8,15:55:22,"17.198008, 103.113656",3/14/2025 15:55:22
OR-01786,ร้าน เฟิร์ส มาร์ท,89 หมู่ 14 ต.คอนสาย อ.กู่แก้ว จ.อุดรธานี,061-2428293,,,https://maps.app.goo.gl/y48FiwWySCCmsMc9A,15:58:16,"17.202414, 103.113672",3/14/2025 15:58:16
OR-01787,นรินทร์ การค้า,123 หมู่ 14 บ้านม่วง ต.คอนสาย อ.กู่แก้ว จังหวัดอุดรธานี,062-996-0025,,,https://maps.app.goo.gl/93A3QWiXdUD1aheU7,16:00:03,"17.204734, 103.106522",3/14/2025 16:00:03
OR-01788,จรัส การช่าง,253 หมู่ 15 บ้านคอนสาย ต.คอนสาย อ.กู่แก้ว จ.อุดรธานี,0614012868,,,https://maps.app.goo.gl/cTtJE4cGCVwrK15h6,16:03:58,"17.205005, 103.102537",3/14/2025 16:03:58
OR-01789,ร้านแม่เดือนเพ็ญ,116 หมู่ 4 บ้านคอนสาย ต.คอนสาย อ.กู่แก้ว จ.อุดรธานี,081-873-2251,,,https://maps.app.goo.gl/QPKYFkp2zSS8NQH37,16:05:45,"17.206349, 103.098636",3/14/2025 16:05:45
OR-01791,สหการ บ้านม่วงสวรรค์,ม.15 ต.พังงู อ.หนองหาน จ.อุดรธานี,080-824-4857,,,https://maps.app.goo.gl/msEoHRtkndmfUxRD8,16:07:26,"17.253549, 103.091860",3/14/2025 16:07:26
OR-01810,ร้าน เพชรการค้า,เลขที่33 หมู่3 ต.เสอเพลอ อ. กุมภวาปี จ.อุดรธานี,0935454063,,,https://maps.app.goo.gl/JP8nEqGPvtUnyiJx7,16:53:27,"17.222607, 102.860861",3/14/2025 16:53:27
OR-01811,ร้านแก้มหอมมินิมาร์ท,เลขที่69 หมู่6 ต.เสอเพลอ อ.กุมภวาปี จ.อุดรธานี,0902959997,,,https://maps.app.goo.gl/ZCAQ3nY5JKrPnapYA,17:24:42,"17.233464, 102.850129",3/14/2025 17:24:42
OR-01795,หนองแดงพาณิชย์,126 หมู่ที่ 6 บ้านหนองแดง ต.สีออ  อ.กุมภวาปี จ.อุดรธานี 41110,0885269218,,,https://maps.app.goo.gl/STB2h1BXWNovMc8C6,10:25:29,"17.027636, 103.029602",3/15/2025 10:25:29
OR-01813,ร้านตาน้อย,59 ม.12 บ.โนนสวรรค ต.จำปี อ.ศรีธาตุ จ.อุดรธานี 41230,0990306030,,,https://maps.app.goo.gl/N4kCWoW55AAxwc4A7,12:11:28,"16.987422, 103.155537",3/15/2025 12:11:28
OR-01812,ร้าน ส.รุ่งเรือง,45หมู่6 บ้านห้วยแสง ต.โพธิ์ศรีสำราญ อ.โนนสะอาดจ.อุดรธานี 41240,0828997270,,,https://maps.app.goo.gl/4de6MTwvdCRsB8A36,14:47:02,"17.012447, 102.839273",3/15/2025 14:47:02
OR-01814,ครัวเอมอร,116 ม.7 บ้านกุดน้ำใส ต.ศรีธาตุ อ.ศรีธาตุ จ.อุดรธานี 41230,0902692423 / 0854430572,,,https://maps.app.goo.gl/6DdkZ7RQCP4gpQCh8,14:55:59,"16.971878, 103.232647",3/15/2025 14:55:59
OR-01815,ร้านถูกใจใกล้บ้าน,16/6 บ้านกรอก ต.ศรีธาตุ อ.ศรีธาตุ จ.อุดรธานี 41230,09697888661,,,https://maps.app.goo.gl/Mc3PEKxMam2AYHN57,15:00:40,"16.989871, 103.229984",3/15/2025 15:00:40
DF81E1FF-B746-4CA9-AF61-D3750911D98A,ป๋าสมนึก,244/15 ม.15 ต.พันดอน,0123456798,,,,17:54:31,"17.128530, 102.964766",3/15/2025 17:54:31
9CCFACC3-0085-4EED-AA71-16C606A078EF,สำนักงานสาธารณะสุขอำเภอกุมภวาปี,กุมภวาปี,03258523445554,,,https://maps.app.goo.gl/JB3CiVgPEry3z5Rk8,18:38:54,"17.113729, 103.018349",3/15/2025 18:38:54
OR-15436,ทดสอบ,36 18,0949282179,-,,,10:20:27,"13.724731, 100.769962",3/16/2025 10:20:27
OR-01713,ร้าน ถูกดี คุณรุษณี (รุ่งเรืองการค้า เก่า),64 หมู่ 7 ต.หนองกุงศรี อ.โนนสะอาด จ.อุดรธานี,081-3209406,,,https://goo.gl/maps/bCnSabRRnSZbPw8v6,20:35:20,"17.058424, 102.786729",3/16/2025 20:35:20
OR-01816,ร้านกิวนิวมินิมาร์ท,184 ม.4 ต.โพนสูง อ.ไชยวาน จ.อุดรธานี 41290,0660761058,,,https://maps.app.goo.gl/eEZ7LceHwncX5243A,12:25:13,"17.160752, 103.245408",3/17/2025 12:25:13
OR-01817,ร้าน เจริญวัฒนา,เลขที่181 หมู่1 ต.ศรีธาตุ อ.ศรีธาตุ จ.อุดรธานี 41230,0868582818,,,https://maps.app.goo.gl/rob6NnBkzhzowamw9,15:50:17,"16.973792, 103.215981",3/17/2025 15:50:17
OR-01818,ร้านอ่อนจันทร์ ศรีธาตุ,เลขที่246 หมู่1 ต.ศรีธาตุ อ.ศรีธาตุ จ.อุดรธานี 41230,0898623902,,,https://maps.app.goo.gl/Abbqy9FBUnWzzotY9,15:54:45,"16.973616, 103.215996",3/17/2025 15:54:45
OR-01819,ร้านประถมพานิช,เลขที่104 หมู่1 ต.ศรีธาตุ อ.ศรีธาตุ จ.อุดรธานี 41230,0850071096,,,https://maps.app.goo.gl/6gDoeMbf9e38mpjF6,15:59:25,"16.972721, 103.216073",3/17/2025 15:59:25
OR-01820,คุณลูกหยี,34 หมู่ที่15 บ้านโป่งคอม ตำบลเวียงคำ อำเภอกุมภาปี จังหวัด อุดรธานี 41110,0624589894/0851198999,,,https://maps.app.goo.gl/J17hcJZKYC4ryxNPA,18:17:14,"17.081824, 103.149646",3/17/2025 18:17:14
OR00810,B&D,,,,,,9:56:53,"17.128252, 102.965106",3/22/2025 9:56:53
AR-00387,โคกข่า ม.8 รับเอง,,,,,,11:26:41,"17.128252, 102.965106",3/22/2025 11:26:41
OR-01633,แม่รัตน์ สงเปลือย,311 หมู่ 1 บ้านสงเปลือย ต.เสอเพลอ อ.กุมภวาปี จ.อุดรธานี 41370,0889312976,,,https://maps.app.goo.gl/ENQo6zFDNiZLCh1z7,16:11:04,"17.181403, 102.900272",3/22/2025 16:11:04
4C5936B1-27D8-43EA-8A52-1EBB8ACF437C,ร้านแม่คำแปลง รับเอง,,,,,,12:18:51,"17.128303, 102.965114",3/23/2025 12:18:51
6DD95F99-4075-4A50-84A2-19943A33A50D,พงษ์พรรณ์ รับเอง,,,,,,14:14:27,"17.128313, 102.965133",3/23/2025 14:14:27
OR-01823,นาย พิพัฒน์พงษ์ ศรีปัญญา,114 ม.3 ต.อุ่มจาน อ.ประจักษ์ศิลปาคม จ.อุดรธานี 41110,0972378075,,,https://maps.app.goo.gl/La4X9PZ3nA6fhT5j9,15:23:50,"17.219874, 103.075569",3/23/2025 15:23:50
E3514383-9C82-4AFE-8CE8-4F2A05D523C9,วิเศษพูลทรัพย์ รับเอง,,,,,,16:35:16,"17.128302, 102.965136",3/23/2025 16:35:16
OR-01768,ใบหม่อน อาหารสด,78 หมู่ที่2 ต.หนองกุงศรี อ.โนนสะอาด จ.อุดรธานี 41240,0841794272,,,https://maps.app.goo.gl/av6LLmA3JySnjQ9v9,17:14:00,"17.035312, 102.808885",3/23/2025 17:14:00
B07F1685-5C6E-4BAE-B9F4-D28F678E8674,รร.ห้วยเกิ้ง รับเอง,,,,,,9:55:58,"17.128303, 102.965125",3/24/2025 9:55:58
3B456468-C32A-4DA7-A035-796AF937FB85,โปร รร.ห้วยเกิ้ง รับเอง,,,,,,9:57:08,"17.128303, 102.965125",3/24/2025 9:57:08
6EF4152A-4245-447E-9007-58B5CD63E290,เด่น การค้า รับเองหน้าร้าน,244 ม.15 ต.พันดอน,,,,,14:09:17,"17.128333, 102.964954",3/24/2025 14:09:17
A0272D1C-51EE-4EFD-B438-A1812EF0E649,คุณ วรินทร์ลตา,244 ม.15 ต.พันดอน,,,,,14:34:22,"17.128359, 102.964965",3/24/2025 14:34:22
501FC9F9-8629-4CBF-B904-2C05D1A282A5,หน้าร้าน รับเอง ราคาโปร,244,,,,,14:56:14,"17.128330, 102.964979",3/24/2025 14:56:14
42DFDC8E-EA99-424D-A68A-EC1B9AEE4326,ทวีสิน รับเอง,,,,,,18:52:33,"17.128301, 102.965138",3/24/2025 18:52:33
9AD5C6B8-0BFB-4661-9C22-F46CDBBF2099,น้องสามโนนสะอาด,244 ม.15 ต.พันดอน อ.กุมภวาปี,,,,,10:22:27,"17.128340, 102.964985",3/25/2025 10:22:27
D6B18AC2-8DE2-4FF2-8F4E-56DD3C18C80C,คุณวรรณภา บ.นาฝาย,,,,,,16:37:58,"17.080703, 102.859576",3/26/2025 16:37:58
1EB1CB29-D5F3-40C0-96CD-3453820F92EF,หน้าร้านรับเอง จันทร์เพ็ญ,,,,,,9:56:27,"17.128307, 102.965125",3/27/2025 9:56:27
8FEB2FBB-7BCC-4D0B-91B9-8AA7C0D01328,หน้าร้าน รับเองโปร,,,,,,11:31:02,"17.128312, 102.965187",3/28/2025 11:31:02
65B5A97A-B037-40A8-8CFD-2A407E03C2DB,อนงค์ หนองบัว รับเอง,,,,,,11:31:36,"17.128312, 102.965187",3/28/2025 11:31:36
FBF6BAE0-A8F5-45A1-AC7E-5E8996728EDC,ทรัพย์ศิริพานิช รับเอง,,,,,,11:32:01,"17.128312, 102.965187",3/28/2025 11:32:01
F5D40190-0433-413D-A4AD-E7363578B77F,เงินสด รับเอง,,,,,,11:37:29,"17.128312, 102.965187",3/28/2025 11:37:29
448EAD86-EFD8-4860-AC2D-E0AEBCDA887E,ศีวิไล พาณิชย์,244 ม.15 ต.พันดอน,,,,,15:48:19,"17.120231, 102.955798",3/28/2025 15:48:19
3A43D1DA-0659-4511-9298-253497110C69,จิตธรรมมา รับเอง,,,,,,10:44:20,"17.128276, 102.965164",3/29/2025 10:44:20
9CF49B19-480D-4F2C-AE54-07722F970E96,รับเอง วราวุธ,,,,,,12:08:34,"17.128299, 102.965133",3/29/2025 12:08:34
1A572E2F-266F-4D4C-B517-D4D1C0EFB199,รับเอง สหกรณ์บ้านดอนกลาง,,,,,,15:01:16,"17.128280, 102.965219",3/30/2025 15:01:16
OR-01837,ร้านแม่น้อย อุ่มจาน,เลขที่24 หมู่8 ต.อุ่มจาน อประจักศิลปาคม,0934672934,,,https://maps.app.goo.gl/bPiv1LuFr6X8ywtr5,14:36:39,"17.235544, 103.039981",4/4/2025 14:36:39
OR-01838,ร้านดุดดาว,เลขที่182 หมู่8 ต.อุ่มจาน อ.ประจักศิลปาคม,0806142030,,,https://maps.app.goo.gl/yannXw1CTXV1oWNf9,14:39:09,"17.232808, 103.040869",4/4/2025 14:39:09
OR-01839,ร้านค้าหมู่บ้าน บ้านทุ่งสว่าง,เลขที่196 หมู่12 ต.พังงู   อ.หนองหาน  จ.อุดรธานี 41130,0650156942,,,https://maps.app.goo.gl/kFnwmBswybejtyY66,15:20:43,"17.252369, 103.091309",4/4/2025 15:20:43
OR-01840,ร้านบุญดี,เลขที่46 หมู่3 ต.พังงู อ.หนองหาน จ.อุดรธานี 41130,0805257536,,,https://maps.app.goo.gl/a3fCxUXPzpcE4TTB8,15:23:15,"17.245609, 103.132717",4/4/2025 15:23:15
OR-01841,สหการหนองหญ้ารังกา,เลขที่166 หมู่9 ต.พังงู อ.หนองหาน,0949326606,,,https://maps.app.goo.gl/rGsVkhCr45miFbTk8,16:00:53,"17.244132, 103.154645",4/4/2025 16:00:53
OR-01842,ร้านบ้านเฮา,เลขที่219 หมู่9 ต.พังงู อ.หนองหาน  จ.อุดรธานี 41130,0621597947,,,https://maps.app.goo.gl/JGZxnKRyAswAeyTLA,16:04:13,"17.241392, 103.155926",4/4/2025 16:04:13
OR-01843,อยู่นี่เด้อคาเฟ่ ตำเลย ณ โนนสะอาด,บ้านเลขที่ 621 หมู่1 ถนนมิตรภาพ ตำบลโนนสะอาด อำเภอโนนสะอาด จังหวัดอุดรธานี 41240,098-134-5273,,,https://maps.app.goo.gl/nhwaGNiJ8ZhAjv3U8,15:12:01,"16.978759, 102.892585",4/5/2025 15:12:01
OR-01846,พี่ นาง,81/351 หมู่ที่16 แขวงกระทุ่มราย เขตหนองจอก กรุงทพมหานคร,063-3932478,,,https://maps.app.goo.gl/2uKxpbvQ92bQ3yGPA,16:40:24,"17.195082, 102.882629",4/8/2025 16:40:24
OR-01605,ร้านทรัพย์ศิริพาณิชย์,153 หมู่10 ตำบลนาดี อำเภอหนองแสง จังหวัดอุดรธานี 41340,0639687945,,,https://maps.app.goo.gl/C4gKRmPeRWbYiknC9,15:37:45,"17.072051, 102.853915",4/30/2025 15:37:45
OR-01860,น.ส. ชุติกาญจน์ สันโดด [ร้าน ตากับยาย ],8 หมู่ที่ 4    ตำบลเสาเล้า อำเภอหนองกุงศรี จังหวัดกาฬสินธุ์,0934804744,,,https://maps.app.goo.gl/2nGLvbXS1krSridu7,7:59:18,"16.634394, 103.400425",5/2/2025 7:59:18
OR-01864,ร้าน fonfashop,130 หมู่ 1 บ้านแสงสว่าง ต.แสงสว่าง อ.หนองแสง จ.อุดรธานี 41340,0953369285,,,https://maps.app.goo.gl/hWPJPKM66HjC1qnW9,10:28:12,"17.120385, 102.826611",5/5/2025 10:28:12
OR-01706,ร้าน แม่น้อย,60 หมู่2 บ้านเชียงแหว ต.เชียงแหว อ.กุมภวาปี จ.อุดรธานี,0894567325,,,https://maps.app.goo.gl/DmUMnzPxoMzR2bNv6,9:32:11,"17.179249, 103.001939",5/10/2025 9:32:11
OR-01872,นุ่มนิ่ม บ.เหล่ากล้วย,82 ม.3 บ.เหล่ากล้วย ต.เสอเพลอ อ.กุมภวาปี จ.อุดรธานี 41370,0909091699,,,https://maps.app.goo.gl/c94sfxpLq5AZpoAP7,,"17.223557, 102.859860",5/14/2025 12:04:33
OR-01870,ร้านไก่จ๋า ชาพยอม,ใต้สะพานลอยบ้านปะโค หมู่ 1  ตำบลปะโค อำเภอ กุมภวาปี ตังหวัดอุดรธานี,0872194271,,,https://maps.app.goo.gl/Foi8XmVdVa7hnk876,,"17.106406, 102.941722",5/15/2025 9:54:03
OR-01883,ร้านเด่นเจริญ,27หมู่15 ต.เสอเพลอ อ.กุมภวาปี จ.อุดรธานี 41370,0985479997,,,https://maps.app.goo.gl/NTGhAK2nwU53b8V98,12:31:05,"17.252189, 102.821117",5/23/2025 12:31:05
OR-01881,ร้านอรุณทรัพย์,270หมู่11ต.เสอเพลอ อ.กุมภวาปี จ.อุดรธานี 41370,0614181595,,,https://maps.app.goo.gl/tMP8urm6gpPDyey39,17:34:29,"17.255224, 102.815083",5/23/2025 17:34:29
OR-01882,แม่ทำนอง,129 หมู่ 18 บ้าน วังหน้าผา ตำบล เสอเพลอ อ.กุมภวาปี จ.อุดรธานี 41370,0996198957,,,https://maps.app.goo.gl/Sryz9XrCzCtezk3q8,17:38:36,"17.253943, 102.817406",5/23/2025 17:38:36
OR-01885,นาง สุกัญญา กำจัดภัย [ ร้าน มีตังค์ ],81 ม.9 ต.บ้านโปร่ง อ.ศรีธาตุ จ.อุดรธานี,0959036985,,,https://maps.app.goo.gl/pMG1xwbFascjiAJ87,15:55:03,"17.016388, 103.130588",5/24/2025 15:55:03
OR-01891,พี่แม้ว บ.ปะโค,46 หมู่ที่ 16 บ้านปะโค ต.ปะโค อ.กุมภวาปี จ.อุดรธานี 41370,0958431276,,,https://maps.app.goo.gl/3ycDwWSdhBgKB2yNA,9:30:16,"17.105145, 102.945354",6/2/2025 9:30:16
OR-01673,หลงส่าว,หมู่ 1 ต.กุมภวาปี อ.กุมภวาปี จ.อุดรธานี 41110,0872299199,,,https://maps.app.goo.gl/MJRBAeP8AJ96FhAM7,15:01:01,"17.110877, 103.011350",6/2/2025 15:01:01
OR-9995,แม่นุ้ย บ้านหิวฮาว,,0971014601,,,https://maps.app.goo.gl/BEKC3GQzEmtienN46?g_st=icttp,10:58:55,"17.104944, 103.077733",6/5/2025 10:58:55
OR-5308,เกตุชญา บ้านหิวฮาว,,0644793854,,,https://maps.app.goo.gl/asqX9pqYeZcgtB7P7?g_st=ic,12:08:29,"17.103424, 103.079242",6/5/2025 12:08:29
OR-1645,ยายสาย บ้านหิวฮาว,,0927458298,,,https://maps.app.goo.gl/M2zEw44prYCD9DmRA?g_st=ic,12:19:09,"17.102124, 103.080907",6/5/2025 12:19:09
OR-2475,ร้านพิทักษ์ บุญนาค,,0832357198,,,https://maps.app.goo.gl/ZfmDCjZfYStVsUjCA,12:45:31,"17.102212, 103.080899",6/5/2025 12:45:31
OR-1058,ร้านหน่อยพาณิชย์ บ้านคำไผ่,,0822059074,,,https://maps.app.goo.gl/KcfK8wFTWyAWz2EQA?g_st=ic,14:00:49,"17.099185, 103.131597",6/5/2025 14:00:49
OR-6415,ร้านแม่นาง บ้านคำแคน,,0834651865,,,https://maps.app.goo.gl/9EDRp917ME4ZNPmf7,15:16:58,"17.123461, 103.134385",6/5/2025 15:16:58
OR-01585,สมบูรณ์การค้า,99 หมู่ที่ 12 บ้านนาตาล ต.นาตาล อ.ท่าคันโท จ.กาฬสินธุ์  46190,0845107918,,,https://maps.app.goo.gl/iRKT7bfNd9aZvDiQA,17:14:13,"16.939773, 103.250043",6/5/2025 17:14:13
OR-5884,แม่ยู บ้านหนองผึ้ง,,0906130987,,,https://maps.app.goo.gl/bUSfohH3RvQDEieA6,9:52:46,"17.151651, 102.942209",6/6/2025 9:52:46
OR-3508,บีพี ไทยนิยม บ้านพังงู,107หมู่11 ต.พังงู อ.หนองหาน,0823930421,,,https://maps.app.goo.gl/jegrBMioTWibhnd79,11:11:29,"17.238323, 103.121116",6/6/2025 11:11:29
OR-5073,แม่อังคณา ตะวันบ้านสี่แจ,,0986185415,,,https://maps.app.goo.gl/LyVuAKRNwjLmvWYZ6,11:00:49,"17.164659, 102.934522",6/6/2025 11:00:49
OR-4294,ดาราพาณิชย์ บ้านพังงู,126หมู่ ต.พังงู อ.หนอง,0943071313,,,https://maps.app.goo.gl/jhKbnY9qFEweskAFA,12:07:57,"17.238165, 103.116874",6/6/2025 12:07:57
OR-6464,มากินคาเฟ่ บ้านสี่แจ,,0611633894,,,https://maps.app.goo.gl/rUAvYHjJbuvwbaJq8?g_st=ic,12:23:13,"17.166384, 102.930460",6/6/2025 12:23:13
OR-3956,สหการไพจาน,,-,,,https://maps.app.goo.gl/mMLo8Cw65TbMuGJG9,13:19:01,"17.211451, 103.116223",6/6/2025 13:19:01
OR-3163,ร้านคอฟฟี่เบิร์ด บ.โนนผาสุก,,0968257659,,,https://maps.app.goo.gl/vWtN8zQnr2D7M35M6?g_st=ic,13:42:53,"17.175753, 102.941370",6/6/2025 13:42:53
OR-9570,อาภาพร บ้านคอนสาย,,0932951488,,,https://maps.app.goo.gl/g9iffVyPA89TsWMNA,14:21:03,"17.206079, 103.098789",6/6/2025 14:21:03
OR-1437,ร้านแม่พิมพา บ.โนนผาสุก,,0986932155,,,https://maps.app.goo.gl/dsNY7BKNtGRBBdbN7,14:17:23,"17.176106, 102.942322",6/6/2025 14:17:23
OR-1256,ร้านแม่บานเย็น,บ้านหนองแวงใต้  ต.ผาสุก อ.กุมภวาปี,0621929854,,,https://maps.app.goo.gl/PKSKx8gynsDhS5eA7,16:31:29,"17.192327, 102.942028",6/6/2025 16:31:29
OR-1719,น้องบูม นาแบกม.17,,0893759115,,,https://maps.app.goo.gl/EjtRf278XkUe88vC8,16:50:41,"17.106383, 103.033430",6/6/2025 16:50:41
OR-8777,ร้านพงษ์เจริญ บ้านเรืองชัย,,0986158825,,,https://maps.app.goo.gl/yi8wi9qfvxEkdPWTA,10:57:32,"17.283615, 103.090785",6/7/2025 10:57:32
OR-2528,ร้านจ๋า สะดวกซื้อ บ.ห้วยยาง,,0862402939,,,https://maps.app.goo.gl/N6YqEfVEMswGJhKEA,11:00:21,"17.046160, 102.840020",6/7/2025 11:00:21
OR-8392,ร้านลักขณา บ.โคกสี,,0638549403,,,https://maps.app.goo.gl/Tusw7aGDihvpTh2j6,11:36:49,"17.046983, 102.830398",6/7/2025 11:36:49
OR-5512,อรลดาพาณิชย์ บ้านโคกถาวร(น้าปาน),,0879448499,,,https://maps.app.goo.gl/msLUVJaLrRvkMoka7,11:57:00,"17.288458, 103.124557",6/7/2025 11:57:00
OR-4632,ร้านตั้งขายดี [นางรัตนา บุญบุตตะ],269 ม.5 บ.หนองบัวแดง ต.หนองไผ่ อ.หนองหาน จ.อุดรธานี,0811171983,,,https://maps.app.goo.gl/XmW6Q8Rgy3rKvq5x8,12:55:51,"17.315417, 103.114906",6/7/2025 12:55:51
OR-9077,ร้านแม่นาง บ.โนนสำราญ,,0933390926,,,https://maps.app.goo.gl/vyhfFzetygoZCWBf8,13:43:14,"16.970989, 102.976743",6/7/2025 13:43:14
OR-1786,พ่อจานศรี บ้านหนองบัวแดง,,0849579956,,,https://maps.app.goo.gl/vmpTTzYSHFHGTALd9,14:20:41,"17.314836, 103.118718",6/7/2025 14:20:41
OR-6711,ร้านบุญเกิด บ.โคกล่าม,,0616659361,,,https://maps.app.goo.gl/L5VRD8KcM5taRocL9,14:19:59,"16.990340, 102.977543",6/7/2025 14:19:59
E29D6075-D4AC-45A5-ABDD-AD02E14D4F53,ร้านแม่นางบ.โนนสำราญ,,0933390926,,,https://maps.app.goo.gl/Kdyj2ngFWVmkv3yk6?g_st=ac,14:39:34,"17.124557, 102.960333",6/7/2025 14:39:34
OR-4807,พีแอนพีซุปเปอร์ บ้านหนองตะใกล้,,0990157378,,,https://maps.app.goo.gl/dDVVpMX8MmxmVA1j7,15:06:31,"17.345146, 103.151974",6/7/2025 15:06:31
OR-99986,ร้าน วีระพงษ์พานิช,หมู่ 3 ต.อุ่มจาน อ.ประจักษ์ จ.อุดรธานี 41110,0808360556,,,https://maps.app.goo.gl/TtmB8vQZaGajZphL8,8:16:29,"17.222082, 103.081478",6/8/2025 8:16:29
OR-7446,พูนทรัพย์การค้า(น้องเฟย์),,0623235771,,,https://maps.app.goo.gl/LhVbqv4e3rvRHUb66,9:56:54,"16.956320, 103.171466",6/8/2025 9:56:54
OR-8297,ศิริกัญญา บ้านกุดขอนแก่น,,0986022296,,,https://maps.app.goo.gl/6cVqUsQ46Cg8oUQq7,11:27:11,"16.945396, 103.178294",6/8/2025 11:27:11
OR-7186,แม่ต้อย บ้านกุดขอนแก่น,,0957062029,,,https://maps.app.goo.gl/TUEmFwBHUhevhGGKA,12:19:48,"16.939159, 103.180994",6/8/2025 12:19:48
OR-01853,ร้านมะขามหวาน บ้านเหล่ากกเค็ง,บ้านเหล่ากกเค็ง ต.แชแล อ.กุมภวาปี จ.อุดรธานี,0656428175,,,https://maps.app.goo.gl/5WATXKGxXaeL1ZWG6,12:39:47,"17.162629, 103.086386",6/8/2025 12:39:47
OR-5406,แม่น้อย บ้านโนนมะค่า,,0935487720,,,https://maps.app.goo.gl/PV9uUEznVpyn1H4j8,13:02:09,"16.945652, 103.196756",6/8/2025 13:02:09
OR-01892,สหการชุมชน บ้านเหล่าใหญ่,126 หมู่ที่4 บ้านเหล่าใหญ่ ต.แชแล อ.กุมภวาปี จ.อุดรธานี,0860823167,,,https://maps.app.goo.gl/X1GpUGTqUctncYZQ7,13:19:16,"17.176183, 103.079371",6/8/2025 13:19:16
OR-6823,ร้านอิทธิกรการค้า บ้านกุงเก่า,,0645640349,,,https://maps.app.goo.gl/zNyQ6QnNwnfBdR169,15:07:30,"16.912313, 103.175083",6/8/2025 15:07:30
OR-4329,ร้านแม่ใหม่ เกิ้งท่าคันโท,,0910070557,,,https://maps.app.goo.gl/QcPrqbuhSBuaWahU9,17:04:55,"16.905249, 103.240272",6/8/2025 17:04:55
OR-4919,น้องไอติม เกิ้งท่าคันโท,,0910070557,,,https://maps.app.goo.gl/UBNNiQWodcAAUAza8,17:15:51,"16.905321, 103.240305",6/8/2025 17:15:51
OR-7628,แม่สำ บ้านกุดขอนแก่น,,0982267446,,,https://maps.app.goo.gl/XtCSXYPP9CEgQomJ7,19:15:41,"16.943811, 103.181584",6/8/2025 19:15:41
OR-01895,อัญมณี แถมสมดี,,0642420603,,,https://maps.app.goo.gl/ejPFWzurwFtHMSXj9,20:28:06,"17.165120, 102.955554",6/8/2025 20:28:06
OR-00592,ร้านแม่ตุ่น บ้านสี่แจ,107 ม.5 บ้านสี่แจ ต.ผาสุข อ.กุมภวาปี จ.อุดรธานี,0952790407,,,https://maps.app.goo.gl/Ny8uKVYa5CKAyQ14A,19:40:51,"17.169241, 102.929166",6/9/2025 19:40:51
OR-8818,แม่ลำไพ บ้านคำไผ่,,0857579985,,,https://maps.app.goo.gl/EkLFkkVnP85MXyeu9,12:08:01,"17.101348, 103.131324",6/10/2025 12:08:01
OR-8123,ธนากรพาณิชย์ หนองช้างคาว,,0654153413,,,https://maps.app.goo.gl/fG1kAWFVvMqu1NSPA,14:26:47,"17.170285, 103.122208",6/10/2025 14:26:47
OR-1410,จันทร์เพ็ญ(แม่แฮ่น),,0811293958,,,https://maps.app.goo.gl/kFSpywwPXugoXNoY9,15:20:04,"17.159187, 103.058750",6/10/2025 15:20:04
OR-01592,สุวรรณ์ สมพงษ์,,0857572359,,,https://maps.app.goo.gl/CgyQW4UJ1DULX9fXA,16:24:15,"17.177220, 103.069498",6/10/2025 16:24:15
OR-9691,พ่อเหลา,,0934562620,,,https://maps.app.goo.gl/362bBCZDytU9ySUS9,10:29:13,"17.211982, 103.115079",6/11/2025 10:29:13
OR-3286,สหกรบ้านม่วง,,0807379095,,,https://maps.app.goo.gl/LNjxwkG6FdZM5QEAA,14:21:53,"17.266644, 103.147964",6/11/2025 14:21:53
OR-4410,เป้พาณิชย์ โนนจำปา,,0954527203,,,https://maps.app.goo.gl/JNDRwEq2MMsNsks56,16:22:29,"17.211724, 103.152487",6/11/2025 16:22:29
OR-5573,545เฮงเฮงการค้า โนนจำปา,,0832526246,,,https://maps.app.goo.gl/Y7BVdUrLuSGGQqA38,16:57:37,"17.211302, 103.150735",6/11/2025 16:57:37
OR-9730,สหการโคกถาวร,,0808047273,,,https://maps.app.goo.gl/n5KiqGACbx5siZRP7,13:21:01,"17.288360, 103.124005",6/12/2025 13:21:01
OR-6988,เดือนการเกษตร บ้านพังซ่อน,,0834639578,,,https://maps.app.goo.gl/SoyRRCViJiV7yrYi8,15:39:59,"17.253742, 103.094411",6/12/2025 15:39:59
OR-8025,แม่หนู บ้านท่าไฮ,,0927629177,,,https://maps.app.goo.gl/dVmmCe5ucLC4iCRY9,10:07:52,"16.957369, 103.171787",6/13/2025 10:07:52
OR-1299,แม่โสภา เกิ้งท่าคันโท,,0944988917,,,https://maps.app.goo.gl/Qv9nggVmxJf2ankMA,12:40:08,"16.905827, 103.239174",6/13/2025 12:40:08
OR-5185,แม่ก้าน เกิ้งท่าคันโท,,0927940097,,,https://maps.app.goo.gl/odbuZrYiNzGiJ3C39,12:59:15,"16.908351, 103.233904",6/13/2025 12:59:15
OR-7527,น้องภูมิ บ้านหนองแซง,,0924709598,,,https://maps.app.goo.gl/fUtxtLd5XiPJXeTt7,13:33:45,"16.864968, 103.261181",6/13/2025 13:33:45
OR-4095,พี่น้อย โนนศรีสวัสดิ์,,0887281237,,,https://maps.app.goo.gl/3TgbiWQWoQunaopC7,14:52:18,"16.781330, 103.353833",6/13/2025 14:52:18
183BE268-8851-471D-9C19-6E0F0A75A8E2,ต้อมการค้า,,,,,,11:00:53,"17.127827, 102.965684",6/14/2025 11:00:53
C799A8B5-14BD-48EA-B9A5-31E43B302D37,ร้านแม่จ๋อย/แม่นี   ไปใช้ในงานบวร,,093-3977698,093-4611519,,,12:12:18,"16.969216, 103.102669",6/14/2025 12:12:18
OR-99992,น้อง มะปราง,210 หมู่ที่ 9 บ้านทับไฮ ตำบลแสงสว่าง อำเภอหนองแสง จังหวัดอุดรธานี,0936669684,,,https://maps.app.goo.gl/5se552QVpe6cg66c7,14:56:33,"17.109072, 102.774917",6/14/2025 14:56:33
OR-3234,โอจา ชานมไข่มุก,,0802834442,,,https://maps.app.goo.gl/3gXmNGUx8W551Pju5?g_st=ac,9:02:33,"17.129945, 102.964942",6/15/2025 9:02:33
OR-6891,นีน่าคอฟฟี่ กุมภวาปี,,,,,https://maps.app.goo.gl/EJjQVo9tNWE3n8nA7?g_st=ac,10:39:05,"17.103959, 103.017191",6/15/2025 10:39:05
OR-3260,เอแอนด์โอคอฟฟี่ บ.ห้วยเกิ้ง,,0847699870,,,https://maps.app.goo.gl/wiURW8DaYPdypsCk6?g_st=ac,12:18:01,"17.042489, 102.926607",6/15/2025 12:18:01
OR-4369,ตะวันชานมไข่มุก บ.ปะโค,,0927909261,,,https://maps.app.goo.gl/RB5Tjphv9PEwyvs6A?g_st=ac,12:56:30,"17.057501, 102.920065",6/15/2025 12:56:30
OR-99994,ร้าน แม่หนู,251 หมู่ 10 บ้านนาดี ต.นาดี อ.หนองแสง จ.อุดรธานี,0883750185,,,https://maps.app.goo.gl/TBJ7q3Gvg2JUC78r5,13:08:17,"17.072244, 102.851660",6/15/2025 13:08:17
OR-1793,แม่พร บ้านโคกสว่าง,,0611537471,,,https://maps.app.goo.gl/KuamTtA3poGtW3rq8,13:06:53,"17.073534, 103.355004",6/15/2025 13:06:53
OR-3924,แม่นิภา บ้านพรหมลิขิต,,0847854460,,,https://maps.app.goo.gl/JAzXZ4pGAbwiKQQt9,13:42:04,"17.082075, 103.287449",6/15/2025 13:42:04
OR-3618,บีบีคอฟฟี่ บ.นาฝาย,,0832865146,,,https://maps.app.goo.gl/2A5VatypuAQjSn9k7?g_st=ac,13:58:09,"17.087751, 102.853986",6/15/2025 13:58:09
OR-5474,แบมการค้า บ้านหนองนกเขียน,,0623093263,,,https://maps.app.goo.gl/8Y1NqPGWn1dApU3b6,16:44:50,"17.007553, 103.289373",6/15/2025 16:44:50
OR-4663,ร้านยูโร  บ้านหัวหนองยาง,,0819657967,,,https://maps.app.goo.gl/YbFGGqF4MydYHZXF7,13:23:15,"17.262702, 103.181461",6/16/2025 13:23:15
OR-9235,แม่โฮม บ้านบุ่งแก้ว,,0909115570,,,https://maps.app.goo.gl/y5Zq1gmPzUDeLNC59,13:35:00,"16.970568, 102.950601",6/17/2025 13:35:00
OR-5216,แม่ละมุน บ้านม่วงศรีสมพร,ตำบล โพธิ์ศรีสำราญ อำเภอโนนสะอาด อุดรธานี 41240,0828452884,,, https://maps.app.goo.gl/zLJkHeACdZzPe6xDA,15:51:48,"16.982424, 102.851909",6/17/2025 15:51:48
OR-6684,ร้านค้าชุมชนบ้านดูนเลา,,0645836562,,,https://maps.app.goo.gl/tWfMJfPCpP5wivacA,11:20:54,"17.099580, 103.203500",6/18/2025 11:20:54
OR-6890,แม่นวล บ้านวังแข้,,0981379529,,,https://maps.app.goo.gl/qBpgr1xpYJrArftp7,12:18:31,"17.128517, 103.231370",6/18/2025 12:18:31
OR-7467,ร้านค้าชุมชนบ้านวังแข้,,0958175266,,,https://maps.app.goo.gl/2ePk8DNfpEkTHLqv6,12:32:19,"17.127552, 103.230390",6/18/2025 12:32:19
OR-4245,ยายต่วน โนนสมบูรณ์ไชยวาน,,0649180295,,,https://maps.app.goo.gl/fNq6efNuiJyg7s1L7,13:48:31,"17.159173, 103.267295",6/18/2025 13:48:31
OR-4646,แม่จ้า บ้านป่าก้าว,,0872348251,,,https://maps.app.goo.gl/yERmMWPsWk8aJ7Lo9,15:26:45,"17.161282, 103.242774",6/18/2025 15:26:45
OR-9996,แม่หวาน บ้านปาก้าว,,0924900436,,,"(17.1611878, 103.2395966)",11:06:50,"17.161241, 103.239598",6/19/2025 11:06:50
OR-8745,แม่จ่อย บ้านคำม่วง,,0935657203,,,https://maps.app.goo.gl/pCQwGfBBTTnxKUHJ7,11:38:14,"17.188931, 103.258984",6/19/2025 11:38:14
OR-2141,พูนทรัพย์พานิช,,0923173085,,,https://maps.app.goo.gl/iA7DRGBdsEAJ4tDT7,12:50:16,"17.300490, 103.196701",6/19/2025 12:50:16
OR-8162,ศิระการค้า,,0924368418,,,https://maps.app.goo.gl/EAT4WA7gK4Rh84iG7,13:18:07,"17.301977, 103.195081",6/19/2025 13:18:07
OR-1524,เจริญยนต์พาณิช,,0801858045,,,https://maps.app.goo.gl/hf69H8zBRAQ4TP2f6,15:28:52,"17.181849, 103.177164",6/19/2025 15:28:52
OR-1506,สหการหมู่14บ้านม่วง,,0887476781,,,https://maps.app.goo.gl/P6mhtFaKtmAU1EFu5,16:32:59,"17.205220, 103.109682",6/19/2025 16:32:59
OR-2289,ร้านบิ๊กตาม บ้านม่วง,,0982211342,,,https://maps.app.goo.gl/q744feefGAjEwZV68,16:44:54,"17.204263, 103.107299",6/19/2025 16:44:54
OR-4115,นลินการค้า บ้านม่วง,,0629960025,,,https://maps.app.goo.gl/KpeQNqqm5xRd4LiB8,17:01:54,"17.204453, 103.106574",6/19/2025 17:01:54
OR-5632,แม่สมจิต บ้านม่วง,,0930988387,,,https://maps.app.goo.gl/S53ZvfvSgXdLHXiCA,17:25:36,"17.204564, 103.105438",6/19/2025 17:25:36
OR-2200,แม่นาง บ้านคอนสาย,,0621246517,,,https://maps.app.goo.gl/kii7CcykZpsbBfEJ8,17:42:19,"17.207416, 103.098270",6/19/2025 17:42:19
OR-99997,น.ส. รำไพร ฤทธิมาน [ แม่ไพร ],53 หมู่ที่ 7    ตำบลแชแล อำเภอกุมภวาปี จังหวัดอุดรธานี,0804198535,,,https://maps.app.goo.gl/iko5dSSXXEM4ugzD6,15:42:48,"17.158139, 103.061889",6/20/2025 15:42:48
OR-1820,ลำภูพาณิชย์ บ้านโคกศรีสำราญ,,0924498068,,,https://maps.app.goo.gl/sLrhJMuoS4pDQg1d8,10:21:58,"17.250472, 102.825927",6/21/2025 10:21:58
OR-6643,พ่อกอง บ้านมอดินแดง,,0621482550,,,https://maps.app.goo.gl/82kgyqhznqmsN82p7,11:16:06,"17.221101, 102.778746",6/21/2025 11:16:06
OR-9487,แม่เสาร์ บ้านนาดีหมู่10,,0637180080,,,https://maps.app.goo.gl/ehGLbjWHsZXif9rb9,16:06:59,"17.069843, 102.853616",6/21/2025 16:06:59
OR-99998,ร้าน นพเก้าพาณิชย์ (ตลาดล่าง),127-128 ม.7 ต.กุมภวาปี อ.กุมภวาปี จ.อดรธานี 41110,0901558711,,,https://maps.app.goo.gl/kGsjeFVfW5Gruxji7,17:24:08,"17.110084, 103.019494",6/21/2025 17:24:08
OR-100000,ร้านทรัพย์ทวี,94ม.3ต.ปะโคอ.กุมภวาปี,0833410769,,,https://maps.app.goo.gl/qMfb8URinKjvXBHV8,15:49:21,"17.062861, 102.902801",6/22/2025 15:49:21
JK-00098,ศูนย์ส่งเสริมอุตสาหกรรมอ้อยและน้ำตาลทรายภาคที่ 4,126 ม.3 บ้านเหมือนแอ่ ต.ปะโค อ.กุมภวาปี จ.อุดรธานี  (ก่อนถึงเทศบาล ตำบลปะโค 1 กม.),0854640051,,,https://maps.app.goo.gl/vPBEP3GhzWVfkTpi6,9:31:03,"17.058150, 102.916414",6/23/2025 9:31:03
OR-2217,แม่รฐา หนองบง,,0972348536,,,https://maps.app.goo.gl/sH4jVz1DWrd4XeM67,14:52:52,"17.171460, 103.128451",6/24/2025 14:52:52
OR-4760,ชมพูน้ำดื่ม นาแบกหมู่17,,0818735091,,,https://maps.app.goo.gl/1Y9TgVuKBhEJoaUp9,9:51:22,"17.105225, 103.031916",6/25/2025 9:51:22
OR-3549,สหการชุมชนบ้านขาวัว,,0963756093,,,"(17.2541173, 103.1086421)",12:13:30,"17.254034, 103.108763",6/25/2025 12:13:30
OR-7331,แม่ทองอวน บ้านเชียงกรม,,0611295065,,,https://maps.app.goo.gl/n7EHwbyQ99qD3GaN7,15:39:48,"17.285522, 102.960807",6/25/2025 15:39:48
OR-9196,โซโม่ฮาดแวร์ บ้านหนองลุมพุก,,0623593749,,,https://maps.app.goo.gl/ZWQdbbbDCzh2unwH9,10:57:51,"17.279318, 102.981635",6/26/2025 10:57:51
OR-4823,แม่ระเบียบ บ้านหนองกอบง,,0636233017,,,"(17.3288693, 102.9867166)",12:20:44,"17.328908, 102.986757",6/26/2025 12:20:44
OR-8200,ร้านบุญยัง บ้านลานเต,รับเองเท่านั้น/ห้ามจัดส่ง,0844651909,,,https://maps.app.goo.gl/egu5HL6QZTot3Azb8,16:13:41,"17.255301, 103.043513",6/26/2025 16:13:41
OR-2807,บัวจันทร์ บ้านลานเต,,0990151576,,,"(17.2544513, 103.0441494)",16:36:56,"17.254385, 103.044212",6/26/2025 16:36:56
OR-8804,ธีระพงษ์พาณิชย์ บ.เพ็กคำบากหายโศก,,0935070110,,,https://g.co/kgs/rE1wACS,8:31:50,"17.297851, 103.044191",6/27/2025 8:31:50
OR-5349,น้องออร่า บ้านหนองเม็กน้อย,49หมู่4 บ.หนองเม็กน้อย,0985867560,,,https://maps.app.goo.gl/Gnhh8JaKhGfTZb1NA,8:47:54,"17.264930, 103.047812",6/27/2025 8:47:54
OR-99987,ยายจันทร์ทรี,95 ม.11 บ.ดงแคน ต.พันดอน อ.กุมภวาปี จ.อุดรธานี (เข้าซอย 14 เข้าซอยเล็ก แล้วเลี้ยวซ้าย สุดซอย ประตูเขียว,0805688666,,,https://maps.app.goo.gl/pdk6SVm38djqBLXs5,17:51:34,"17.112400, 102.949991",6/27/2025 17:51:34
OR-01794,ร้านสุภาพร,51 ม.16 บ.สงเปลือย ต.เสอเพลอ อ.กุมภวาปี,0963713557,,,https://maps.app.goo.gl/hRFxyPbXhLjHTENq5,14:47:40,"17.180443, 102.903388",6/28/2025 14:47:40
OR-6199,พรทิพย์ บ้านเรืองชัย,,0934123987,,,https://maps.app.goo.gl/ex249rZ5tmYRnVQH8,13:27:21,"17.283744, 103.088180",6/29/2025 13:27:21
JK-00102,รพ.สต.บ้านโพนทอง,120 หมู่ 6 ต.อุ่มจาน อ.ประจักษ์ศิลปาคม จ.อุดรธานี,,,,https://maps.app.goo.gl/s1naAy1uvaqq4rop6,13:34:44,"17.237387, 103.067787",6/29/2025 13:34:44
OR-1714,เจ้ณี บุ่งหมากลาน,,0611059707,,,https://maps.app.goo.gl/Zry2QvPiUAjP3Ms3A,10:09:54,"17.070077, 102.886013",6/30/2025 10:09:54
4A2FB03F-036D-4CD1-9536-560AC358236A,โดนัท,,0829896874,,,"https://www.google.com/maps/place/17%C2%B006'49.0%22N+103%C2%B000'41.1%22E/@17.1137002,103.0106672,20z/data=!4m4!3m3!8m2!3d17.1136054!4d103.0114177?entry=ttu&g_ep=EgoyMDI1MDYyMy4yIKXMDSoASAFQAw%3D%3D",12:04:55,"17.113604, 103.011412",6/30/2025 12:04:55
OR-6358,ร้านบุญช่วย กุมภวาปี(ข้างร้านอาหารตามสั่ง),,0830202370,,,https://maps.app.goo.gl/C23ZyBZro5tbh5h49,12:45:26,"17.103815, 103.010543",7/1/2025 12:45:26
JK-00104,พรสวรรค์(วิทรูการค้า),ร้านประพันธ์ค้าแก๊ส 245 หมู่ 1 ต.โพธิ์ศรีสำราญ อ.โนนสะอาด จ.อุดรธานี 41240,0610293048,0610293048,,https://maps.app.goo.gl/ofviwrnF6TuLQF5u8,10:22:00,"16.949552, 103.024110",7/2/2025 10:22:00
OR-4128,วันเพ็ญ บ้านสะอดานามูล,,0913676905,,,https://maps.app.goo.gl/J9oGwEczFqpeHQdDA,10:13:50,"17.231377, 102.934486",7/4/2025 10:13:50
OR-8978,น้องแทนคุณ บ้านผักตบ,,0934192636,,,https://maps.app.goo.gl/ofiASbFGh8pbGrds9,14:35:09,"17.316586, 103.024452",7/4/2025 14:35:09
OR-8073,โบว์พาณิชย์ บ้านดงบาก,,0899379246,,,https://maps.app.goo.gl/yhHXbjrbAvHx1C5A6,15:54:08,"17.319388, 103.050241",7/4/2025 15:54:08
OR-7519,ร้านโชคชัย บ้านคอนสาย,,0833618153,,,https://maps.app.goo.gl/yehRqQenZaXfsMX49,11:19:47,"17.203290, 103.098721",7/6/2025 11:19:47
JK-00105,ร้าน เฟื้องฟ้า,,0957045094,,,https://maps.app.goo.gl/kFvaFvavqJay43EG6,14:57:23,"17.011829, 102.839775",7/6/2025 14:57:23
OR-9926,แม่ตุ๋ม บ้านหนองไผ่,,0962247239,,,https://maps.app.goo.gl/N7tHsQcWLEkxRpfe7,15:04:46,"17.319273, 103.084062",7/6/2025 15:04:46
OR-1414,ฐิติรัตน์ บ้านหนองไผ่(ร้านมั่งมี),,0895057278,,,http://www.17.319751,15:29:31,"17.319717, 103.086311",7/6/2025 15:29:31
OR-5155,นอ มินิมาร์ท,,0935179553,,,"(17.2845023, 103.0532518)",13:20:52,"17.284498, 103.053284",7/7/2025 13:20:52
OR-7683,เถ้าแก่เนส บ้านผักตบ,ตำบล ผักตบ อำเภอหนองหาน อุดรธานี 41130,0654572595,,,https://maps.app.goo.gl/TmzXS1fXxDsCRkMo8,14:20:16,"17.317432, 103.024118",7/7/2025 14:20:16
JK-00097,ร้านค้าโรงเรียนบ้านดอนเงิน,หมู่ที่ 10 บ.ดอนเงิน ตำบลพันดอน อำเภอกุมภวาปี จังหวัดอุดรธานี,0957193874,,,https://maps.app.goo.gl/txRwnbYpKg5trfGD9,17:18:38,"17.140118, 103.036250",7/7/2025 17:18:38
OR-01851,ร้าน ธ.เจริญพานิช,81 หมู่ 5 ตำบลจำปี อำเภอศรีธาตุจังหวัดอุดรธานี,0626740498,,,https://maps.app.goo.gl/dNUZYucQD5ixvQvs8,11:18:39,"16.986485, 103.170223",7/8/2025 11:18:39
OR-6651,ทรัพย์อุดม บ้านม่วงหวาน,,0818717683,,,https://maps.app.goo.gl/MZv24TLHThiL9yFfA,11:37:36,"17.021192, 102.930815",7/8/2025 11:37:36
OR-4596,แม่ไหม บ้านโนนทิง,,0992527914,,,https://maps.app.goo.gl/ZwWfZRudjWzuqVrU6,13:07:32,"16.996479, 103.014786",7/8/2025 13:07:32
OR-2672,ประกาศิต บ้านกุดขนวน,,0982273874,,,https://maps.app.goo.gl/VDPKiKpAMAGGmb3J6,13:52:52,"16.985479, 103.006087",7/8/2025 13:52:52
OR-1200,แม่ยศ บ้านทมนางาม,,0987313390,,,https://maps.app.goo.gl/yHitCVFBtn33URuu6,17:23:46,"16.892127, 102.941017",7/8/2025 17:23:46
OR-9760,ทองเจน บ้านตาดทอง,100หมู่2 บ.ตาดทอง อ.ศรีธาตุ,0899424158,,,https://maps.app.goo.gl/mMnYakoKMWWeQprs5,9:49:48,"17.050254, 103.140501",7/9/2025 9:49:48
OR-5444,จิระ มินิมาร์ท บ้านคำเมย,,0812961090,,,https://maps.app.goo.gl/adjdxRBsZBhV3fVA8,12:21:56,"17.082802, 103.288593",7/9/2025 12:21:56
OR-3729,ร้านน้องนิวเยียร์ บ้านราชสมบูรณ์,,0930192184,,,https://maps.app.goo.gl/tLfhumq5LvEzubfF6,14:22:54,"16.922674, 103.063074",7/10/2025 14:22:54
OR-3220,แก้มกัน บ้านพังซ่อน,,0865309417,,,https://maps.app.goo.gl/UHPERHG4seRQU88E8,16:46:52,"17.253747, 103.093803",7/11/2025 16:46:52
OR-3070,ร้านแม่ บ้านผือ,,0626076399,,,https://maps.app.goo.gl/opHdwUneJ5v5dQfS9,9:47:28,"17.131208, 102.915566",7/13/2025 9:47:28
OR-7890,แม่หอม บ้านท่ายม,,0990165515,,,https://maps.app.goo.gl/4zQfMhmWmoWj5N7v6,13:19:10,"17.139434, 102.786282",7/13/2025 13:19:10
JK-00111,ร้าน หญิงการค้า,181 หมู่ 6 บ้านยางหล่อ ต.แชแล อ.กุมภวาปี จ.อุดรธานี,0822413605,,,https://maps.app.goo.gl/zvmf8KYToSuxYYU47,19:03:52,"17.148487, 103.039313",7/14/2025 19:03:52
JK-00110,ร้าน แม่ตุ่ม ห้วยเกิ้ง,,0653570155,,,https://maps.app.goo.gl/dCtY7ck6YkJjgMxP6,17:21:10,"17.044734, 102.929287",7/15/2025 17:21:10
JK-00112,สีบัวไล,เลขที่ 35/7 ต.ผาสุก อ.กุมภวาปี จ.อุดรธานี 41370,0924078694,,,https://maps.app.goo.gl/pDC7DG53X5Y9y41R8,11:52:46,"17.192605, 102.943542",7/19/2025 11:52:46
JK-00113,ร้าน. P.top หินฮาว,240 ม.6. ต.เวียงคำ อ.กุมภวาปี จ.อุดรธานี 41110,,,,https://maps.app.goo.gl/o7vXsR8K8yEwfaxy7,19:38:57,"17.105279, 103.077912",7/19/2025 19:38:57
OR-01589,ร้าน มั่งมีสุขสันต์,78 หมู่ที่ 6 บ้านนาทัน ต.ท่าลี่ อ.กุมภวาปี จ.อุดรธานี 41370,0959384526,,,https://maps.app.goo.gl/KqE9tschzyfmq5hR7,17:57:15,"16.930219, 103.088974",7/22/2025 17:57:15
JK-00115,เจ้เก๋ แสงสว่าง,78 53/7บ้านแสงสว่าง ต.แสงสว่าง อ.หนองแสง จ.อุดรธานี 41340,0828730769,,,https://maps.app.goo.gl/ct4fESyeuMBkmvMU9,14:57:43,"17.121418, 102.819029",7/27/2025 14:57:43
JK-00116,ร้านเจ้าขา,54 ม.5 ต.ปะโค อ.กุมภวาปี จ้า.อุดรธานี,0802184815,,,https://maps.app.goo.gl/3DwCeCupBzW9NcEXA,8:34:35,"17.064841, 102.896597",7/30/2025 8:34:35
JK-00106,วิเวียน,229/6 ต.เวียงคำ อ.กุมภวาปี จ.อุดรธานี,0996594871,,,https://maps.app.goo.gl/9ZLTCb8mrHjrTGAW9,13:11:21,"17.105020, 103.076535",8/4/2025 13:11:21
OR-01831,น.ส. วันเพ็ง แพงวาปี [ ร้านยายเพ็ง ],,,,,https://maps.app.goo.gl/F2RsPZUUga1fbbNc9,20:14:12,"16.975245, 103.197422",8/7/2025 20:14:12
OR-01615,น้องน้ำพั้นซ์ มินิมาร์ท,203 หมู่11 ต.กุมภวาปี อ.กุมภวาปี จ.อุดรธานี 41110,0909691315,,,https://maps.app.goo.gl/jWTsdgr4ZN1xijE38,15:29:58,"17.098170, 103.028665",8/11/2025 15:29:58
JK-00119,โรงเรียนบ้านสามเหลี่ยม,198 ม.4 บ.สามเหลี่ยม ต.ทับกุง อ.หนองแสง จ.อุดรธานี,0649391199,,,https://maps.app.goo.gl/BUt52JFEA1vmg2Dr9,16:27:19,"17.145983, 102.850046",8/13/2025 16:27:19
JK-00130,ผันปังปิ้ง,188/4 ต.ปะโค อ.กุมภวาปี จ.อุดรธานี,0835346826,,,https://maps.app.goo.gl/o5oMhQXqTBqU9eeh9,13:09:10,"17.068994, 102.886304",9/1/2025 13:09:10
JK-00133,พาขวัญพาณิชย์ 3,333 หมู่ 1 ต.ทับกุง อ.หนองแสง จ.อุดรธานี,0871779065,,,https://maps.app.goo.gl/DkuSFfb7nE8pthVr7,16:51:19,"17.176551, 102.771684",9/8/2025 16:51:19
OR-01726,จ.เจริญพาณิชย์,11หมู่5บ้านท่ายม ต.แสงสว่าง อ.หนองแสง จ.อุดรธานี,0903376691,,,https://maps.app.goo.gl/sKsqM8dyfcUdVxaZ8,17:01:34,"17.138021, 102.786708",9/14/2025 17:01:34
JK-00144,หจก.อ.เจริญการไฟฟ้า,190 ม.9 บ้านเลิงถ่อน ต.หนองหญ้าไซ อ.วังสามหมอ จ.อุดรธานี,0951689396,,,https://maps.app.goo.gl/ChuNUjBvXcsTBj8j6,17:17:22,"16.962393, 103.334040",9/20/2025 17:17:22
JK-00148,ยักษ์เขียว,245/3 ตูมใต้,,,,https://maps.app.goo.gl/quKBXQYKaVCxYQgXA,16:04:27,"17.118950, 102.986684",9/25/2025 16:04:27
JK-00149,ร้านซอนไก่สด,ต.พันดอน อ.กุมภวาปี จ.อุดรธานี,0924145887,,,https://maps.app.goo.gl/hPDtsXYqwieUgVci6,8:11:20,"17.130801, 102.948236",9/26/2025 8:11:20
JK-00152,ร้านสมบัติ,40 หมู่ที่ 10    ตำบลเสอเพลอ อำเภอกุมภวาปี จังหวัดอุดรธานี,0880560229,,,https://maps.app.goo.gl/X6YivJtkxpw8m7BeA,15:48:22,"17.215192, 102.865200",9/27/2025 15:48:22
JK-00157,วัดป่าเหวไฮ,หัวนาคำ อำเภอศรีธาตุ อุดรธานี,,,,https://maps.app.goo.gl/U8s8qxNdg4np42t6A,15:26:11,"17.113480, 103.356637",10/2/2025 15:26:11
JK-00158,วัดป่าโนนม่วง-โคกใหญ่,ต.ศรีธาตุ อ.ศรีธาตุ จ.อุดรธานี,,,,https://maps.app.goo.gl/6k8bZo4dWsQdhctg9,15:27:14,"17.061943, 103.198141",10/2/2025 15:27:14
JK-00159,ปิยะรัตน์ ปิระกัง [ บ้านงาน เติ้ล ] (บ้านทนายความ ),หนองแสง อำเภอหนองแสง จังหวัดอุดรธานี,0648921406,,,https://maps.app.goo.gl/F5W8fxyYCpWB2SJL8,10:33:23,"17.142330, 102.849490",10/3/2025 10:33:23
JK-00153,ส.สุราการค้า,,0830807303,0830807303,,"https://www.google.com/maps/place/17%C2%B008'40.9%22N+102%C2%B055'57.6%22E/@17.1447013,102.9326781,65m/data=!3m1!1e3!4m4!3m3!8m2!3d17.1446944!4d102.9326667?entry=ttu&g_ep=EgoyMDI1MTAwMS4wIKXMDSoASAFQAw%3D%3D",19:37:00,"17.144705, 102.932667",10/4/2025 19:37:00
JK-00136,ร้านบอลลูน,,0821368499,0821368499,,"https://www.google.com/maps/place/17%C2%B006'32.7%22N+102%C2%B046'29.2%22E/@17.1091123,102.7746593,1039m/data=!3m1!1e3!4m4!3m3!8m2!3d17.109069!4d102.774775?entry=ttu&g_ep=EgoyMDI1MTAwMS4wIKXMDSoASAFQAw%3D%3D",20:31:24,"17.109199, 102.774670",10/4/2025 20:31:24
JK-00161,ร้านก๋วยเตี๋ยวแม่ติ๋ม,18 หมู่ที่ 8    ตำบลผาสุก อำเภอกุมภวาปี จังหวัดอุดรธานี,0989430481,,,https://maps.app.goo.gl/BB2mb9KQ8GDLnFo4A,14:48:06,"17.165150, 102.961006",10/6/2025 14:48:06
JK-00163,แม่ประนอม,บ้านโปร่ง อำเภอศรีธาตุ จังหวัดอุกรธานี,0902428691,,,https://maps.app.goo.gl/19BNuLoGXQy8QR1w6,17:14:44,"17.016695, 103.130759",10/7/2025 17:14:44
JK-00167,TN ปิโตรเลียม,บ้านเลขที่ 176 หมู่2 บ้านนาฝาย ตำบลนาดี อำเภอหนองแสง จังหวัดอุดรธานี 41340,0935595331,,,https://maps.app.goo.gl/fYdG51cRhpBtKyh39,13:27:15,"17.078039, 102.863809",10/11/2025 13:27:15
OR-01613,นิคมการค้า,230 หมู่ 9 ต.วังสามหมอ อ.วังสามหมอ จ.อุดรธานี 41280,064-0686864,,,https://maps.app.goo.gl/yATn52YcbLxk3tL27,9:18:49,"16.956332, 103.434894",10/14/2025 9:18:49
JK-00169,ร้าน เพชร บ้านบะยาว,300 ม.8 บ.บะยาว ต.บุ่งแก้ว อ.โนนสะอาด จ.อุดรธานี,0843241083,,,https://maps.app.goo.gl/CE1qBWkYq7mxUKzE6,15:11:37,"16.947317, 103.019295",10/16/2025 15:11:37
JK-00170,แม่อุทัย,เวียงคำ อำเภอกุมภวาปี จังหวัดอุดรธานี,0842902592,,,https://maps.app.goo.gl/5xGTGDEmLxFmutiLA,16:21:09,"17.098440, 103.131968",10/16/2025 16:21:09
JK-00172,คุณหนึ่งฤทัย,ต.พันดอน อ.กุมภวาปี จ.อุดรธานี,089-9443676,,,https://maps.app.goo.gl/LMBSZx4Yo7Ujk5f5A,9:48:58,"17.133500, 102.968217",10/18/2025 9:48:58
OR-01637,ยุรี นกเทศน้อย,180หมู่2 บ้านทมป่าข่า ต.ทมนางาม อ.โนนสะอาด จ.อุดรธานี,0636725240,0636725240,,https://goo.gl/maps/qArQ1Dwp9oNrTpbLA,14:31:05,"16.908892, 103.004209",10/20/2025 14:31:05
JK-00174,ไฝวิเศษศิลป์,,0927425931,,,https://maps.app.goo.gl/RC1HUPVcqVZC96pB9,15:28:16,"17.127619, 102.944307",10/20/2025 15:28:16
JK-00175,จิตราอาหารตามสั่ง,สี่แยกบ้านท่ายม,0928353947,,,https://maps.app.goo.gl/Ex46Nsyu4iuL8jf39,16:01:45,"17.139373, 102.787093",10/20/2025 16:01:45
JK-00173,ม.เจริญการค้า,231 หมู่ที่ 3    ตำบลตูมใต้ อำเภอกุมภวาปี จังหวัดอุดรธานี,0898062928,,,https://maps.app.goo.gl/xFBhQtgC9fGJM7Rq6,14:03:23,"17.096948, 102.987880",10/22/2025 14:03:23
JK-00180,ร้าน ธนะเจริญ,245/15 ต.พันดอน อ.กุมภวาปี จ.อุดรธานี,0637343535,,,https://maps.app.goo.gl/ypHoGXeSDCFryMec9,10:35:44,"17.130542, 102.967914",10/27/2025 10:35:44
JK-00185,อ้อยมินิมาร์ท,37 หมู่ที่ 10    ตำบลตาดทอง อำเภอศรีธาตุ จังหวัดอุดรธานี,0843734198,,,https://maps.app.goo.gl/y8KEjA1GxCDqG6Tg9,17:32:23,"17.052345, 103.133157",10/31/2025 17:32:23
JK-00191,ประพันธ์ค้าแก๊ส,245 บ้านโพธิ์ศรีสำราญ ต.โพธิ์ศรีสำราญ อ.โนนสะอาด จ.อุดรธานี 41240,0635895798,,,https://maps.app.goo.gl/TmbDn33j9cAMVcdm6,10:39:30,"16.978829, 102.852327",11/2/2025 10:39:30
JK-00188,ร้าน อาซ้อเล็กชาบู,41/1 ม.3 ถนนชมช่วย ต.กุมภวาปี อ.กุมภวาปี อุดร 41110,0908961624,,,https://maps.app.goo.gl/n3TtE4KL94ALxxW38,16:21:54,"17.102028, 103.011356",11/4/2025 16:21:54
JK-00143,ร้าน แม่นุช บ.หนองอุดม,,0930843765,,,"https://www.google.com/maps/place/17%C2%B007'00.7%22N+102%C2%B057'55.0%22E/@17.1168446,102.9651408,65m/data=!3m1!1e3!4m4!3m3!8m2!3d17.116856!4d102.965269?entry=ttu&g_ep=EgoyMDI1MTEwMi4wIKXMDSoASAFQAw%3D%3D",19:53:33,"17.116874, 102.965275",11/5/2025 19:53:33
OR-00491,โรงเรียนบ้านนาฝาย,223 หมู่2 ต.นาดี อ.หนองแสง จ.อุดรธานี 41340,0801997331,,,https://maps.app.goo.gl/yYLfqXVBTcFJj4LG7,20:38:07,"17.080584, 102.859592",11/6/2025 20:38:07
OR-99999,โรงเรียนทับกุงประชานุกูล,ตำบลทับกุง อำเภอหนองแสง จังหวัดอุดรธานี 41340,0981019141,,,https://maps.app.goo.gl/5oARgshkcb8EHMyU6,20:40:26,"17.172386, 102.770031",11/6/2025 20:40:26
JK-00194,ร้าน ป้าแมว,โนนสะอาด อ.โนนสะอาด จ.อุดรธานี,0934192543,,,https://maps.app.goo.gl/82Gks8vu2HQ8mDyf7,14:20:13,"16.968084, 102.886708",11/8/2025 14:20:13
JK-00197,ร้าน พรรุ่งเรือง,,0833387201,,,https://maps.app.goo.gl/GPCdNAqjuYHHTTUN6,19:02:20,"17.091835, 103.045941",11/9/2025 19:02:20
JK-00200,ป้าแจ๋ว ป้าจุ๋ม บ้านงาน,,0843753889,,,https://maps.app.goo.gl/aHXFPEHLhCSaPLSd6,18:23:03,"17.180135, 102.999664",11/14/2025 18:23:03
JK-00204,ร้าน มาชิลล์ ห้วยเกิ้ง,ป้าค้อ อ.กุมภวาปี จ.อุดรธานี,0613823202,,,https://maps.app.goo.gl/fYegoqgB3z8xmhvN7,17:44:57,"17.060270, 102.921994",11/19/2025 17:44:57
JK-00208,ก๊อต (บ้านงาน),บ้านสงเปลือย ต.เสอเพลอ อ.กุมภวาปี จ.อุดรธานี,0940179076,,,https://maps.app.goo.gl/LyhMPAD7ccyhhsR37,14:27:59,"17.182817, 102.903039",11/21/2025 14:27:59
JK-00156,ร้าน BM&ใยไหม,12 หมู่ที่ 3 บ.โนนทอง ตำบลหนองกุงศรี อำเภอโนนสะอาด จังหวัดอุดรธานี,,,,https://maps.app.goo.gl/ipXCQtXRyr6Pn2BA7,15:10:55,"17.038221, 102.771458",11/21/2025 15:10:55
JK-00186,ร้านชำกันเอง,60/3 ต.สีออ อ.กุมภวาปี จ.อุดรธานี,0652461278,,,https://maps.app.goo.gl/KF12KNhfcxyT7L8k9,18:12:58,"16.998344, 103.053132",11/21/2025 18:12:58
JK-00211,เจ๊เยาว์การค้า,227 หมู่ที่ 9    ตำบลอุ่มจาน อำเภอประจักษ์ศิลปาคม จังหวัดอุดรธานี,0895431395,,,https://maps.app.goo.gl/ndJyJRuBhnq14vrz5,9:01:49,"17.260723, 103.032575",11/25/2025 9:01:49
JK-00195,แม่สุพัตรา,25 หมู่ที่ 1    ตำบลนาดี อำเภอหนองแสง จังหวัดอุดรธานี,0639164860,,,https://maps.app.goo.gl/f7uek7UvQtzGQpEa6,16:50:57,"17.086388, 102.855358",11/28/2025 16:50:57
JK-00190,ร้าน บ้านส้ม,103 หมู่ที่ 10 บ.ดอนเงิน ตำบลแชแล อำเภอกุมภวาปี จังหวัดอุดรธานี,0819687327,0819687327,,https://maps.app.goo.gl/kKwEdYoXg97sg1Cz9,19:05:34,"17.135996, 103.035601",12/2/2025 19:05:34
JK-00209,นางราตรี ปัญญาใส [ล้านหลานเอิ้น],269 หมู่ที่ 1 บ.กุดจิก ตำบลหนองหว้า อำเภอกุมภวาปี จังหวัดอุดรธานี,(095) 895-2307,,,"https://www.google.com/maps/place/17%C2%B002'26.9%22N+102%C2%B057'42.6%22E/@17.04081,102.961836,1039m/data=!3m2!1e3!4b1!4m4!3m3!8m2!3d17.04081!4d102.961836?entry=ttu&g_ep=EgoyMDI1MTEzMC4wIKXMDSoASAFQAw%3D%3D",14:43:39,"17.040821, 102.961833",12/3/2025 14:43:39
AR00053,ม.เกษตร,หน้าโรงงานน้ำตาลเกษตรผล,0899441018,,,https://maps.app.goo.gl/o2eCccQ1jHHPt4V7A,15:34:10,"17.073956, 102.928599",12/4/2025 15:34:10
JK-00216,ครูโบ้ จักรพรรดิ ศิริวารินทร์,หนองหว้า อำเภอกุมภวาปี จังหวัดอุดรธานี,0833621254,,,https://maps.app.goo.gl/tJ5itVeySAgLJVPSA,10:24:11,"17.058203, 103.018134",12/6/2025 10:24:11
JK-00218,ปังปอนด์,เวียงคำ อ.กุมภวาปี จ.อุดรธานี,,,,https://maps.app.goo.gl/X5vwiXuvwZAJvbYC7,10:05:58,"17.097636, 103.034358",12/8/2025 10:05:58
JK-00221,ปั้มน้ำมัน ทีเอ็น.ปิโตรเลียม,176 ม.2 ต.นาดี อ.หนองแสง จ.อุดรธานี 41340,095-7287401,,,https://maps.app.goo.gl/DAVU1LU1yHa7VDco9,9:14:53,"17.077888, 102.863859",12/11/2025 9:14:53
JK-00223,คาเก่อันยอง การค้า,69 หมู่ที่ 13    ตำบลปะโค อำเภอกุมภวาปี จังหวัดอุดรธานี,0935361667,,,https://maps.app.goo.gl/SDRL8Bp6EkK2ThzZ7,15:56:53,"17.020711, 102.891405",12/11/2025 15:56:53
JK-00226,คุณแม่ขัน,240/7 บ้านเหล่าหมากบ้า ตำบลเเชเเล อำเภอกุมภวาปี จังหวัดอุดรธานี,0644795024,0644795024,,https://maps.app.goo.gl/psasp6Y36Ki7QQP36,13:34:44,"17.159725, 103.063702",12/12/2025 13:34:44
JK-00225,แพรวนภา บำรุงภักดี,152 หมู่ที่ 4    ตำบลนาม่วง อำเภอประจักษ์ศิลปาคม จังหวัดอุดรธานี,0981359849,,,https://maps.app.goo.gl/A38DMpcMBQLemi8r5,13:43:32,"17.215137, 102.994418",12/12/2025 13:43:32
JK-00217,ร้านรจนาซุปเปอร์มาร์ท [นาย ยงยุธ น้อยชนะ],254 ม.1 บ.หนองแสง ต.หนองแสง อ.หนองแสง จ.อุดรธานี,0910919955,0910919955,,https://maps.app.goo.gl/Nn1cFyhPmQnJd8NDA,8:32:49,"17.143707, 102.849633",12/13/2025 8:32:49
JK-00231,ร้านค้าเจ้หมี,บ้านเลขที่231หมู่10 บ้านคำเจริญ ต.พันดอน,0848968794,,,https://maps.app.goo.gl/QBVuHDHxGv2Qfwu46,15:52:24,"17.127944, 102.889680",12/17/2025 15:52:24
JK-00235,สนธยา,102 ม.17 ต.จำปี อ.ศรีธาตุ จ.อุดรธานี,0931066853,,,https://maps.app.goo.gl/RFyxP1jPYeAeis4d6,10:34:17,"17.102211, 103.200654",12/25/2025 10:34:17
JK-00237,จินตปาตรี(แนน),,0885356318,0884399836,,https://maps.app.goo.gl/VLiEGmva4tGFwmf46,15:17:25,"17.109390, 102.776020",12/26/2025 15:17:25
JK-00238,นาย หนูแดง ภูกันดาน,36 หมู่ที่ 3    ตำบลนาดี อำเภอหนองแสง จังหวัดอุดรธานี,0811844219,,,https://maps.app.goo.gl/bvezNWVNSxdkBAmY9,13:13:52,"17.046137, 102.828750",12/27/2025 13:13:52
JK-00246,เจ้สาว นาตาล,,,0951099250,,https://maps.app.goo.gl/DFyVonCqoV8fzLHV7,12:13:35,"16.939691, 103.249534",1/2/2026 12:13:35
JK-00248,สันติพร โฮลเซล แอนด์ ดิสทริบิวชั่น จำกัด,295 .4 ต.บ้านเลื่อม อ.เมือง จ.อุดรธานี 41000,0646937626,,,https://maps.app.goo.gl/L7cEswkJWmN2pbDd9,10:33:59,"17.400711, 102.764364",1/5/2026 10:33:59
JK-00251,ร้านสินค้า20 นาเหล่า,ตำบล หนองกุงศรี อำเภอโนนสะอาด อุดรธานี 41240,0909314889,,,https://maps.app.goo.gl/pANvxFDCERDSLinM9,14:55:59,"17.059447, 102.786781",1/12/2026 14:55:59
JK-00254,พรพิมการค้า,เลขที่ 240 หมู่ 4 ตำบลตาดทอง อำเภอศรีธาตุ จังหวัดอุดรธานี,0960396597,-,,https://maps.app.goo.gl/o4nxwBuCgBSDqPvd9,16:58:47,"17.038438, 103.114439",1/24/2026 16:58:47
JK-00260,ครูมะ โลตัสกุมภวาปี,69 หมู่ที่ 3    ตำบลหนองกุงศรี อำเภอโนนสะอาด จังหวัดอุดรธานี,0983417745,,,https://maps.app.goo.gl/jc8omGuM39E84xr56,10:12:26,"17.111323, 103.005853",2/4/2026 10:12:26
JK-00266,วัดป่าเวฬุธรรม,163 หมู่ที่ 19    ตำบลพันดอน อำเภอกุมภวาปี จังหวัดอุดรธานี,0859044933,,,https://maps.app.goo.gl/NShNjgsH4jCroRSw9,17:39:34,"17.127621, 102.918917",2/13/2026 17:39:34
JK-00270,วัดป่าบ้านโนนยอ ม่วงหวาน ห้วยเกิ้ง,443 ตำบล หนองหว้า อำเภอกุมภวาปี อุดรธานี 41110,0819540128,0819540128,,https://maps.app.goo.gl/6GhcXf2DRbKQj4rN8,10:28:47,"17.030364, 102.937836",2/18/2026 10:28:47
JK-00271,แพรวพรรณ [บ้านงาน],,,,,https://maps.app.goo.gl/KSaE7e58azoPBaUd6,8:30:39,"17.137863, 102.966083",2/19/2026 8:30:39
JK-00273,วิบูลย์การค้า,บ้านโคกสว่าง ตำบลบะยาว อำเภอวังสามหมอ จังหวัดอุดรธานี,0849468890,0923100741,,https://maps.app.goo.gl/pQpBXAv6SgwbWmbZ7,14:16:11,"17.072268, 103.352261",2/20/2026 14:16:11
JK-00274,ธันศิริ ฉายศรี,144/7 บ้านหนองแวงใต้ ต.ผาสุก อ.กุมภวาปี จ.อุดรธานี 41370,0947085972,,,https://maps.app.goo.gl/goEsC85kAiVgirNZ8,8:59:56,"17.192391, 102.941829",2/21/2026 8:59:56
JK-00275,วัดใหม่สงเปลือย,เสอเพลอ อ.กุมภวาปี จ.อุุดรธานี,0807316388,,,https://maps.app.goo.gl/Ay66C5i6vjkizCeT7,17:20:10,"17.177056, 102.904349",2/21/2026 17:20:10
JK-00276,น.ส. รัตนาวดี ชินรัตน์,,,,,https://maps.app.goo.gl/Uvhd86fFxfppCSiH9,17:41:44,"17.038120, 102.859980",2/21/2026 17:41:44
JK-00277,วัดป่าจันทน์ศีลคุณาราม,บ้านเหล่าหมากจันทน์ ต.ท่าลี่ อ.กุมภวาปี จ.อุดรธานี,0819540128,,,https://maps.app.goo.gl/kYapLcTDr7e2WGhAA,16:35:34,"16.926098, 103.048010",2/23/2026 16:35:34
JK-00269,นายฟลุ๊คการค้า,22 หมู่ที่ 8 บ.โนนยอ ตำบลหนองหว้า อำเภอกุมภวาปี จังหวัดอุดรธานี,0934279946,0934279946,,https://maps.app.goo.gl/HHpZgvByQWnuEdP87,9:19:48,"17.026257, 102.952849",2/26/2026 9:19:48
JK-00279,ร้านแม่หนุ่ย คอนสาย,บ้านคอนสาย อำเภอกู่แก้ว อุดรธานี,0624705184,0624705184,,https://maps.app.goo.gl/8dEQn4vpQvtdTZWT9,16:31:19,"17.202603, 103.114629",2/27/2026 16:31:19
JK-00278,คุณไอซ์,117/13 บ้านแถววัดโนนน้ำย้อย บ้านโนนน้ำย้อย ต.แชแล,0819854431,,,https://maps.app.goo.gl/UHavzjkZESnudcbU8,17:31:13,"17.154010, 103.047150",2/27/2026 17:31:13
JK-00268,บริษัท เฟิสท์มาร์ท กรุ๊ป จำกัด สาขา 1,เลขที่ 258 หมู่ที่ 12 ต.ห้วยสามพาด อ.ประจักษ์ศิลปาคม จ.อุดรธานี,0898347754,,,https://maps.app.goo.gl/83iRR5vbMHhFE9pX9,17:25:19,"17.250304, 102.920224",2/28/2026 17:25:19
JK-00284,วัดนรวาสคงคา,บ้านเหล่าหมากบ้า ต.แชแล อำเภอกุมภวาปี จ.อุดรธานี,0903489774,0903489774,,https://maps.app.goo.gl/1yk9PNBPrAVjoLzN8,16:46:57,"17.160381, 103.056459",3/9/2026 16:46:57
JK-00286,ชาญณรงค์ ศรีภักดีสวัสดิ์ (ต้าร์),เลขที่ 5 ม.14 ต.ท่าลี่ อ.กุมภวาปี จ.อุดรธานี 41110,0936629050,,,https://maps.app.goo.gl/vYevB3rbveL4PUTZA,16:19:32,"16.962842, 103.077337",3/13/2026 16:19:32
JK-00288,นิตยา อุตโรกุล,96 หมู่ที่ 11 บ้านดงแคน ถนนดงแคน 3 ต.พันดอน อ.กุมภวาปี. จ.อุดรธานี,0661509193,,,https://maps.app.goo.gl/XVCQkWArrCP31XyCA,12:00:16,"17.111637, 102.948914",3/15/2026 12:00:16
JK-00289,วัดโพธิ์สว่างโศกคูณ,ห้วยเกิ้ง  อำเภอกุมภวาปี จ.อุดรธานี,0862252025,,,https://maps.app.goo.gl/u1Xp3HZ6SysToE8M7,13:48:06,"17.043784, 102.946239",3/17/2026 13:48:06
JK-00142,ร้านโอ๊ตดี้,18 หมู่ที่ 3 บ.โนนดินแดง ตำบลหนองแสง อำเภอหนองแสง จังหวัดอุดรธานี,0918614386,,,https://maps.app.goo.gl/Xfa1xCEBCKDv9gUp7,13:41:14,"17.138299, 102.847066",3/18/2026 13:41:14
JK-00293,ร้าน อิลส์รดา มาร์เก็ต,132 ม.3 ต.โพธิ์ศรีสำราญ อ.โนนสะอาด จ.อุดร 41249,0940672903,,,https://maps.app.goo.gl/kToEn8bJ416HHxmS8,9:27:49,"16.983068, 102.826208",3/20/2026 9:27:49
JK-00294,วัดจินดาราษฎบำรุง,ห้วยเกิ้ง อำเภอกุมภวาปี อ.อุดรธานี,093-6649287,093-6649287,,https://maps.app.goo.gl/fdKxzw6bpAeqY9xV8,18:41:38,"17.051284, 102.924826",3/20/2026 18:41:38
JK-00250,นาง วารุณี ดายดัสกร,41 หมู่ที่ 5    ตำบลหัวนาคำ อำเภอศรีธาตุ จังหวัดอุดรธานี,0878566375,,,https://maps.app.goo.gl/NiD8KJ6faS3P8U1cA,13:13:39,"17.087826, 103.318957",3/24/2026 13:13:39
JK-00287,ใต้ร่มจามจุรีย์,อ.กุมภวาปี จ. อุดรธานี,,0891406594,,https://maps.app.goo.gl/KoRkf2hXXxbCZycn8,14:58:09,"17.027317, 103.030611",3/24/2026 14:58:09
JK-00296,ภารภี จันทร์มหา(ร้านตาไข่),259/2 ม.1 ถนนชวลิต ต.กุมภวาปี อ.กุมภวาปีจ.อุดรฯ 41110,0959392888,,,https://maps.app.goo.gl/a7QkqBzRUTLdU4tc9,9:29:48,"17.111011, 103.012404",3/26/2026 9:29:48
JK-00298,วัดทุ่งสว่าง บ้านโนนมะข่า,บ้านโนนมะข่า อ.กุมภวาปี จ.อุดรธานี,0979438782,,,https://maps.app.goo.gl/XCvpKzQWkGnJE1yP8,8:47:26,"17.058653, 103.018696",3/27/2026 8:47:26
JK-00301,นาย ชัยยศ ชลัมพุช,53 หมู่ 6 บ้านผือ ต.พันดอน,0811152975,,,https://maps.app.goo.gl/nJdDJegaRb5i1Saw9,10:52:03,"17.135811, 102.914600",3/29/2026 10:52:03
JK-00261,แฟนต้า,272 หมู่ที่3 ต.ผาสุก อ.กุมภวาปี จ.อุดรธานี,0878545844,,,https://maps.app.goo.gl/Z4M1nnPC91phrTu4A,13:02:26,"17.161737, 102.937969",3/31/2026 13:02:26
JK-00304,วัดศิริชัย บ.โคกสี,บ.โคกศรี ต.นาดี อ.หนองแสง จ.อุดรธานี,,,,https://maps.app.goo.gl/Qd1d9y87fcmTZ8u28,18:48:48,"17.048042, 102.831793",4/1/2026 18:48:48
OR-5652,วาวา,244,021147931,,,"(17.1284520, 102.9647962)",14:53:34,"17.128435, 102.964768",4/2/2026 14:53:34
JK-00305,น.ส. รุ่งฝน วงศ์ชมภู,113 หมู่ที่ 3    ตำบลทมนางาม อำเภอโนนสะอาด จังหวัดอุดรธานี,096-262-0368,,,https://maps.app.goo.gl/ti3M76344rxXLQFG8,9:18:55,"16.910330, 103.001142",4/3/2026 9:18:55
OR-1583,สหการบ้านหนองเม็กน้อย,11 หมู่ 4 ต.อุ่มจาน หนองเม็กน้อย,0918639193,,,https://maps.app.goo.gl/xGV9goajnQozc6By7?g_st=ipc,15:08:56,"17.265633, 103.051815",4/3/2026 15:08:56
OR-7877,ปุ้มปุ้ย บ้านหนองแวงใหญ่,205 หมู่5,0612105640,,,https://maps.app.goo.gl/NMorWZ5j9Tc1VMgK8?g_st=ic,12:48:45,"17.172412, 103.069543",4/4/2026 12:48:45
JK-00306,น.ส. นิภาดา บ้านแสน [พี่อ้อม],105 หมู่ที่ 3 บ.โคกสี ตำบลนาดี อำเภอหนองแสง จังหวัดอุดรธานี,0883625196,,,https://maps.app.goo.gl/sT4xKGkrTKqx2Joh7,13:14:58,"17.047920, 102.830561",4/5/2026 13:14:58
JK-00307,ส.พยัคฆ์,337/3 มิตรภาพ ต.ปะโค อ.กุมภวาปี จ.อุดรธานี,0924321342,,,https://maps.app.goo.gl/WNeWSUHu5Ku9p1RP9,15:03:10,"17.055257, 102.918797",4/5/2026 15:03:10
JK-00308,ร้านอาหารตามสั่งแม่รจนา,บ้านเลขที่ 19 ม.7 บ้านนาเหล่า ตำบล หนองกุงศรี อำเภอโนนสะอาด จังหวัด อุดรธานี,0807871702,,,https://maps.app.goo.gl/nmvM5McEMGFAafRQ6,15:08:08,"17.059498, 102.786712",4/5/2026 15:08:08
JK-00309,กุมภวาปีกลการ (คุณแก้ว),พันดอน อ.กุมภวาปี จ.อุดรธานี,0982312414,0804626468,,https://maps.app.goo.gl/qpew3fXUNXakjq7M6,10:11:46,"17.132909, 102.945353",4/6/2026 10:11:46
JK-00297,ร้าน คำแคนบาร์,110 ม.9 บ.โปร่ง ต.บ้านโปร่ง อ.ศรีธาตุ จ.อุดรธานี,0968255924,0968255924,,https://maps.app.goo.gl/sbfUe79TyYaHrZYK7,16:08:59,"17.016893, 103.130722",4/26/2026 16:08:59
JK-00321,ร้าน ของชำยายบล,15 หมู่ที่ 4  บ.บุงหมากลาน ตำบลปะโค อำเภอกุมภวาปี จังหวัดอุดรธานี,0830240095,,,https://maps.app.goo.gl/4kN7kXgL3as6wLbh6,9:11:19,"17.068803, 102.887011",5/5/2026 9:11:19
JK-00326,นาย ปิยะพงษ์ สันโดด,2 หมู่ที่ 6    ตำบลหนองแสง อำเภอหนองแสง จังหวัดอุดรธานี,0621813560,,,https://maps.app.goo.gl/uxsBNU3T9ACHdr3U9,15:38:07,"17.146044, 102.850782",5/20/2026 15:38:07
JK-00329,ร้านเต็งหนึ่ง พาณิชย์,เลขที่347 ม1 บ้านนาตาล ต.นาตาล อ.ท่าคันโท จ.กาฬสินธุ์ 46190,0882228244,,,https://maps.app.goo.gl/ue2y74eTBLD1QpQo8,13:41:31,"16.932435, 103.242718",5/22/2026 13:41:31
JK-00332,ร้านขวัญใจของชำ,บ้านคำหว้าทอง ม.7 ต.ทับกุง อ.หนองแสง จ.อุดรธานี,0852312734,,,"https://www.google.com/maps/place/17%C2%B010'11.5%22N+102%C2%B047'06.8%22E/@17.1698289,102.7854249,3a,51.5y,150.15h,78.03t/data=!3m7!1e1!3m5!1sa4OollE-oeNbdceCq_3kog!2e0!6shttps:%2F%2Fstreetviewpixels-pa.googleapis.com%2Fv1%2Fthumbnail%3Fcb_client%3Dmaps_sv.tactile%26w%3D900%26h%3D600%26pitch%3D11.970275338395282%26panoid%3Da4OollE-oeNbdceCq_3kog%26yaw%3D150.1501955836009!7i16384!8i8192!4m4!3m3!8m2!3d17.169849!4d102.785219?entry=ttu&g_ep=EgoyMDI2MDUyNS4wIKXMDSoASAFQAw%3D%3D",,"17.169864, 102.785220",5/28/2026 11:13:39
JK-00334,แม่เตี้ย,144 หมู่ 3 ต.ห้วยสามพาด อ.ประจักษ์ศิลปาคม จ.อุดรธานี,0905966550,0905966550,,,16:27:00,"17.243416, 102.926318",5/30/2026 16:27:00
OR-9355,แป๋มเนื้อสด,188 หมู่1 ต.ท่าคันโท,0836186597,,,"W6QJ+CVF, Tha Khantho, Tha Khantho District, Kalasin 46190",0:00:00,"16.938628, 103.234163",6/4/2026 19:34:37
JK-00339,ร้านน้ำดื่ม ศูนย์อาหาร ปตท,ขาเข้าโนนสะอาด (มุ่งหน้าไปขอนแก่น) เลขที่ 269 หมู่ 13 บ้านดงน้อย ต.ปะโค อ.กุมภาวาปี จ.อุดรธานี,0842291486,,,https://maps.app.goo.gl/283fPVeufFvW1gNC6,15:34:13,"17.002670, 102.895018",6/9/2026 15:34:13
OR-8923,สานฝัน,248หมู่5บ้านห้วยวังปลา,0659103410,,,https://maps.app.goo.gl/dEV45fgdfi9oCMcP6,11:21:00,"17.007929, 103.211700",6/19/2026 11:21:00
OR-3173,ร้านฌอกะเฌอ มินิมาร์ท,525หมู่5 บ้านห้วยวังปลา,0625252505,,,https://maps.app.goo.gl/JhRSLGUXTYKSrkNM7,16:12:20,"17.009529, 103.212184",6/24/2026 16:12:20
JK-00350,วัดหลวงพ่อถาวร,บ้านบุ่งหมากลาน,0957940729,,,https://maps.app.goo.gl/SJXSniMuxcjSqoEQ8,14:51:20,"17.073775, 102.874599",6/26/2026 14:51:20
OR-4618,ตึ๋งไก่สด2บ้านหนองนาคำ,110หมู่14บ้านหนองนาคำ,0979607684,,,"(17.1902057, 102.9312716)",12:48:48,"17.190099, 102.931271",6/27/2026 12:48:48
OR-100002,ปริษา,261 ม.13บ้านบุ่งแก้ว ต.บุ่งแก้ว อ.โนนสะอาด จ.อุดรธานี,0991874249,,,https://maps.app.goo.gl/FiDwjT4RtpALx71Q9,13:56:52,"16.969197, 102.960548",6/29/2026 13:56:52
OR-8819,เบิร์ด มินิมาร์ท,ตำบล ไชยวาน อำเภอ ไชยวาน อุดรธานี,0924368418,,,,13:13:13,"17.302332, 103.201161",6/30/2026 13:13:13
OR-3566,บุญหลาย,70หมู่10 บ้านหนองแวง,092903832,,,https://maps.app.goo.gl/y1WadWGVrpwoX6mt9,13:38:35,"17.302332, 103.199823",6/30/2026 13:38:35
OR-6218,อินเตอร์ การค้า,31หมู่16 บ้านหนองแวงอ.ไชวาน จ.อุดรธานี,0826503141,,,,14:07:02,"17.302050, 103.195052",6/30/2026 14:07:02
JK-00283,ปราณีคาร์แคร์,150 ม.12 บ.ดอนเงิน ต.แชแล อ.กุมภวาปี จ.อุดรธานี 41110,0928055091,,,https://maps.app.goo.gl/Tdab9YubNXMh2XrS6,18:26:45,"17.122036, 103.032002",6/30/2026 18:26:45
OR-9761,บอยทดสอบ2,144หมู8ต.เวียงคำ,0622903608,0622903608,,,15:42:45,"17.128582, 102.964778",7/2/2026 15:42:45
OR-8847,บอยทดสอบ3,36หมู่8ต.เชียงแหว,25400609,25400609,,,15:47:05,"17.128555, 102.964483",7/2/2026 15:47:05
OR-3836,บอยทดสอบ4,45หมู่8ต.ผาสุก,25402540,25402540,,,16:17:42,"17.128579, 102.964412",7/2/2026 16:17:42
OR-3285,บอยทดสอบ5,23หมู่4ต.ศรีธาตุ,12341234,12341234,,,16:23:30,"17.128536, 102.964650",7/2/2026 16:23:30
OR-6442,บอยทดสอบ5,66หมู่2ต.โนนสูง,45454545,45454545,,,16:35:05,"17.128514, 102.964625",7/2/2026 16:35:05
OR-01759,ชมพู่ มินิมาร์ท,113หมู่8 บ้านกุงเก่า ต.กุงเก่า อ.ท่าคันโท จ.กาฬสินธุ์,0836198754,,,"16.911113852560877, 103.17512455647618",13:58:49,"16.911120, 103.175262",7/3/2026 13:58:49
JK-00335,ร้าน Double T บิงซู&เบียร์วุ้น,247/8 ห้วยเกิ้ง อำเภอกุมภวาปี จังหวัดอุดรธานี,088-3105096,,,"https://www.google.com/maps/place/Double+T+%E0%B8%9A%E0%B8%B4%E0%B8%87%E0%B8%8B%E0%B8%B9%26%E0%B9%80%E0%B8%9A%E0%B8%B5%E0%B8%A2%E0%B8%A3%E0%B9%8C%E0%B8%A7%E0%B8%B8%E0%B9%89%E0%B8%99/@17.0447367,102.9291094,130m/data=!3m1!1e3!4m6!3m5!1s0x312305ecd6b506a3:0xa017dca2ea86292!8m2!3d17.0446877!4d102.9290657!16s%2Fg%2F11xw0v2mbk!18m1!1e1?entry=ttu&g_ep=EgoyMDI2MDYyOS4wIKXMDSoASAFQAw%3D%3D",0:00:00,"17.044723, 102.929060",7/3/2026 20:06:11
OR-100003,นาฝาย ซุปเปอร์,,0855797095,,,,10:32:35,"17.087573, 102.854592",7/6/2026 10:32:35
OR-01754,น.ส.มยุรี ดวงดี,67 ม.11 ต.พันดอน อ.กุมภวาปี จ.อุดรธานี,0891851524,,,https://maps.app.goo.gl/y7TVJuj5ymtdWtpH8,13:12:30,"17.111629, 102.948753",7/9/2026 13:12:30
JK-00354,อาภาพร ภูพาลัย,94 ม.3 บ.คำปากัง ต.ตาดทอง อ.ศรีธาตุ จ.อุดรธานี 41230,0661409181,,,,0:00:00,"17.087509, 103.167612",7/9/2026 21:15:20
JK-00353,นาย พงษ์พังธ์ แก้วศิลา,456/1 ต.นาตาล ท่าคันโท จ. กาฬสินธุ์ (สำนักงานเทศบาลตำบลท่าคันโท),0972538399,,,https://maps.app.goo.gl/9MUkiv5rMxjTF5hP6,0:00:00,"16.937632, 103.242763",7/9/2026 21:58:20
OR-1691,โชคดี มินิมาร์ท บ้านหนองกวาง,157หมู่4 บ.หนองกวาง ต.สีออ อ.กุมภวาปี จ.อุดรธานี,0958321164,,,,11:11:57,"17.010252, 103.047657",7/10/2026 11:11:57
OR-2657,ชนะกิจ บะยาว,254หมู่8 ต.บุ่งแก้ว อ.โนนสะอาด จ.อุดรธานี,0837566948,,,,13:18:08,"16.946936, 103.016023",7/10/2026 13:18:08
OR-5288,นำเฮง บ้านสามเหลี่ยม,41หมู่4 บ.สามเหลี่ยม ต.ทับกุง อ.หนองแสง จ.อุดรธานี,0810597787,,,https://maps.app.goo.gl/74gEeCTmVf3ULNRo6,18:33:43,"17.174248, 102.802588",7/10/2026 18:33:43
,,,,,,,,,
OR-7462,นิลนาย ซุปเปอร์,65 หมู่4 ต.พังงู อ.หนองหาน จ.อุดรธานี,0987967793,0987967793,,https://maps.app.goo.gl/SD1e4aTqCVD9X7NYA,14:51:07,"17.256287, 103.133314",7/14/2026 14:51:07
OR-8238,เลิฟ เพรย์ ช๊อป บ. บะยาว,188หมู่8บ.บะยาว ต.บุ่งแก้ว อ. โนนสะอาด,0924870700,,,,17:48:33,"16.948338, 103.022983",7/14/2026 17:48:33
JK-00356,พ่อทุย,110 หมู่ 10 ต.หัวนาคำ อ.ศรีธาตุ,0811182289,,,https://maps.app.goo.gl/RP1v8sPhyXvi28oP7,19:16:17,"17.090068, 103.357544",7/15/2026 19:16:17
OR-01651,ร้านหญิง,205 หมู่ 1 บ้านนาตาล ต.นาตาล อ.ท่าคันโท จ.กาฬสินธิ์ 46190,0969792645,0969792645,,https://maps.app.goo.gl/2dw4pnGQya8Wykt78,20:16:18,"16.938242, 103.226377",7/15/2026 20:16:18
OR-2032,มั่งมี โคกสว่าง(กระนวน),ศาลากลางบ้านโคกสว่าง ต.ห้วยยางอ.กระนวน,0801019570,,,https://maps.app.goo.gl/Eb29xdgjJXbyf82r8?g_st=ic,16:23:58,"16.829141, 103.075811",7/16/2026 16:23:58
OR-5611,จันทิมา บ้านนาโป่ง(กระนวน),79หมู่7บ.นาโป่งอ.กระนวน(ติดศาลากลางหมู่บ้าน),0943717149,,,https://maps.app.goo.gl/1d28wN2rJEVFRWjm7?g_st=ic,16:52:09,"16.827185, 103.061606",7/16/2026 16:52:09
OR-3860,ทีเจ บ้านจอมบึง(กระนวน),179หมู่8บ.จอมบึง ต. หัวนาคำ อ.กระนวน,0843260281,,,https://maps.app.goo.gl/dgKHDUzYvsGNmc7C9?g_st=ic,17:31:21,"16.840208, 103.046154",7/16/2026 17:31:21
OR-3454,คุณเก๋ มินิมาร์ทบ.โนนสมบูรณ์(กระนวน),1หมู่6บ.โนนสมบูรณ์ ต.ห้วยยาง อ.กระนวน,0810561239,,,https://maps.app.goo.gl/VzYupXiVc76MRJAK9?g_st=ic,9:34:49,"16.866791, 103.108149",7/17/2026 9:34:49
OR-7434,สมบูรณ์การค้า บ.โคกล่าม(กระนวน),137หมู่5บ.โคกล่าม ต.ห้วยยาง อ.กระนวน,0862212986,,,https://maps.app.goo.gl/mrQkHGGi3kgZ3JS19?g_st=ic,10:44:40,"16.863231, 103.086651",7/17/2026 10:44:40
OR-9152,เจ้กวาง บ้านหัวนาคำ(กระนวน),186หมู่2บ.หัวนาคำ ต.หัวนาคำอ.กระนวน,0839519799,,,https://maps.app.goo.gl/fgA4eDEZnvcatdr16?g_st=ic,11:57:09,"16.845715, 103.044888",7/17/2026 11:57:09
OR-4680,แม่ทูล บ้านหัวนาคำ(กระนวน),146หมู่9 บ.หัวนาคำ ต.หัวนาคำ อ.กระนวน,0872317624,,,https://maps.app.goo.gl/BBTfnBNkJA9wtare9?g_st=ic,12:48:01,"16.844346, 103.042916",7/17/2026 12:48:01
OR-2962,เจเจออยแอนด์มินิมาร์ทบ.สนามชัย(กระนวน),295หมู่1บ.สนามชัย ต.หัวนาคำ อ. กระนวน,0806020799,,,https://maps.app.goo.gl/5JaECAuubxPgYaTR9?g_st=ic,14:55:13,"16.852949, 103.049370",7/17/2026 14:55:13
OR-6413,ดีดีทวีทรัพย์ บ้านหัวนาคำ(กระนวน),167หมู่2บ.หัวนาคำ ต.หัวนาคำ อ.กระนวน,0995304279,,,https://maps.app.goo.gl/GEFqoGhAje77VkEG6?g_st=ic,15:30:29,"16.845144, 103.046294",7/17/2026 15:30:29
OR-4173,พี่อ้อย บ้านคำตานา(กระนวน),48หมู่6บ.คำตานา ต.หัวนาคำอ.กระนวน,0656824778,,,https://maps.app.goo.gl/dr9Wcvj7TK3vcP399?g_st=ic,16:33:33,"16.814271, 103.018433",7/17/2026 16:33:33
OR-7836,ชุมชนบ้านโคกใหญ่ หมู่9,ร้านค้าชุมชนบ้านโคกใหญ่ หมู่ 9 บ.โคกใหญ่ ต.บัวเงิน อ. น้ำพอง จ.ขอนแก่น,0848934244,,,https://maps.app.goo.gl/XFpXJMTJYa1UQABL8?g_st=ic,17:09:46,"16.802403, 103.006518",7/17/2026 17:09:46
OR-7743,แม่หน่อย บ้านโคกใหญ่(น้ำพอง),221หมู่9บโคกใหญ่ ต.บัวเงิน อ.น้ำพอง จ.ขอนแก่น,0801773996,,,https://maps.app.goo.gl/e3uxvXZiuQiZECGJ6?g_st=ic,17:41:53,"16.802444, 103.006528",7/17/2026 17:41:53
JK-00355,น.ส. ธวัลรัตน์ บิลจรัญ,53 ม.4 บ.ทับไฮ ตำบลแสงสว่าง อำเภอหนองแสง จังหวัดอุดรธานี,0985190243,,,https://maps.app.goo.gl/RuMJc66eXy4cHqcf7,15:43:54,"17.107483, 102.772170",7/18/2026 15:43:54
OR-4387,ชนาทิศ บ้านห้วยยาง(กระนวน),41หมู่1บ.ห้วยยงต.ห้วยยางอ.กระนวน,0994340126,0994340126,,https://maps.app.goo.gl/eJJDqnr3ALEZzZhu8?g_st=ic,10:08:13,"16.858006, 103.075023",7/20/2026 10:08:13
,,,,,,,,,
OR-5262,สุรสิทธิ์ บ้านคำเจริญ(กระนวน),279หมู่10บ.คำเจริญต.หัวนาคำอ.กระนวน,0985470770,,,https://maps.app.goo.gl/eYy6T8UNwBuyQ1VV6?g_st=ic,11:45:49,"16.797474, 103.092150",7/20/2026 11:45:49
JK-00360,บริษัท เทพมงคลสตีลจำกัด,111 หมู่14 ต.กุมภวาปี  อ.กุมภวาปี จ.อุดรธานี 41110,0837939978,,,https://maps.app.goo.gl/LrXWZGXtu99L1MfA7,12:14:34,"17.119069, 102.986374",7/20/2026 12:14:34
OR-2480,น้องนามินิมาร์ท บ้านดูนสาด(กระนวน),65หมู่3 บ้านดูนสาด ต.ดูนสาด อ.กระนวน,0649607046,,,https://maps.app.goo.gl/69RbNAci9jb1p8TR9?g_st=ic,12:40:48,"16.797886, 103.155279",7/20/2026 12:40:48
OR-1779,มณีรัตน์ บ้านดูนสาด(กระนวน),234หมู่10 บ้านดูนสาด ต.ดูนสาด อ.กระนวน,0897098781,,,https://maps.app.goo.gl/s9RZhihQoZ6aH5Tn8?g_st=ic,13:06:36,"16.795785, 103.165266",7/20/2026 13:06:36
OR-5409,แม่ติ๋ว บ้านนามูล(กระนวน),434หมู่7บ.นามูล ต.ดูนสาด อ.กระนวน,0948564749,,,https://maps.app.goo.gl/A8Jf2Ez1XwZayEyBA?g_st=ic,14:11:06,"16.792818, 103.172557",7/20/2026 14:11:06
OR-8257,น้องแก้ม บ้านนามูล(กระนวน),471หมู่7 บ.นามูล ต.ดูนสาด อ.กระนวน,0922921573,,,https://maps.app.goo.gl/bgcDS1Q9oE6yw67Z9?g_st=ic,15:12:32,"16.791709, 103.175101",7/20/2026 15:12:32
OR-9290,จ.จาน บ้านดูนสาด(กระนวน),17หมู่6บ.ดูนสาด ต.ดูนสาด อ.กระนวน,0934424398,,,https://maps.app.goo.gl/ytg8p4ob6sRX6nAK7?g_st=ic,16:11:33,"16.791680, 103.164985",7/20/2026 16:11:33
OR-9942,ปรีดาภรณ์ บ้านคำเจริญ(กระนวน),200หมู่10บ.คำเจริญ ต.หัวนาคำ อ.กระนวน,0981758218,,,https://maps.app.goo.gl/Aib2qtb8uvCfQ7nF8?g_st=ic,16:40:45,"16.797434, 103.092224",7/20/2026 16:40:45
OR-4998,ออดี้ บ้านคำเจริญ(กระนวน),95หมู่10 บ.คำเจริญต.หัวนาคำอ.ระนวน,0954911711,,,https://maps.app.goo.gl/fe9Mq5F5tn1ycXFv8,16:56:01,"16.800273, 103.093475",7/20/2026 16:56:01
OR-6359,พรพรรณช็อป บ้านนามูล(กระนวน),73หมู่7บ.นามูล ต.ดูนสาด อ.กระนวน,0979416346,,,https://maps.app.goo.gl/37zzjgevzUBzDzC58?g_st=ic,17:01:42,"16.793007, 103.172577",7/20/2026 17:01:42
OR-4144,วิภารัตน์ บ้านโนนมะค่า,18หมู่3บ.โนนมะค่า ต.กรุงเก่า อ.ท่าคันโท,0821479749,,,,11:15:22,"16.945240, 103.196563",7/21/2026 11:15:22
OR-3715,นางภารดี ตรุสคาท(แม่จู่)บ้านนามูล(กระนวน),559หมู่ที่4บ.นามูล ต.ดูนสาด อ.กระนวน,0619078101,,,,10:35:59,"16.792617, 103.176369",7/22/2026 10:35:59
OR-3456,แม่บรรเลง บ้านนามูล7(กระนวน),199หมู่7บ.นามูล ต.ดูนสาด อ.กระนวน,0633078668,,,,11:06:48,"16.791659, 103.175841",7/22/2026 11:06:48
OR-9654,มาริษา บ้านดูนสาด10(กระนวน),102หมู่10บ.ดูนสาดต.ดูนสาดอ.กระนวน,0611814667,,,,12:37:13,"16.794675, 103.163714",7/22/2026 12:37:13
OR-2409,พ่อเกลียว บ้านดูนสาด6(กระนวน),150หมู่6บ.ดูนสาด ต.ดูนสาด อ.กระนวน,0968903638,,,,13:03:19,"16.792562, 103.162337",7/22/2026 13:03:19
OR-3177,ทองขาวการค้า บ้านดูนสาด(กระนวน),198หมู่2บ.ดูนสาด ต.ดูนสาด อ.กระนวน,0612782084,,,,13:52:49,"16.792994, 103.158961",7/22/2026 13:52:49
JK-00363,ร้านยง [น.ส. สุริยง เข็มทอง],303 หมู่ที่ 2 บ.กุดยาง ตำบลท่าลี่ อำเภอกุมภวาปี จังหวัดอุดรธานี,0981627748,,,https://maps.app.goo.gl/TfzUAjD9yoNPWxq5A,14:36:34,"16.954029, 103.041329",7/22/2026 14:36:34